Apto,Estatus,Mar-23,Apr-23,May-23,Jun-23,Jul-23,Aug-23,Sep-23,Oct-23,Nov-23,Dec-23,Jan-24,Feb-24,Mar-24,Apr-24,May-24,Jun-24,Jul-24,Aug-24,Sep-24,Oct-24,Nov-24,Dec-24,Jan-25,Feb-25,Mar-25,Apr-25,May-25,Jun-25,Jul-25,Aug-25,Sep-25,Oct-25,Nov-25,Dec-25,Jan-26,Feb-26,Mar-26,Apr-26,May-26,Jun-26,Jul-26,Aug-26,Sep-26,Oct-26,Nov-26,Dec-26,Jan-27,Feb-27,Mar-27,Apr-27,May-27,Jun-27,TOTAL,a,b,c,"Cant.
Cuotas"," Valor
Cuotas"
101,4.Plan de pagos," 6,000.00 "," 1,670.00 "," 1,670.00 "," 1,670.00 "," 1,670.00 "," 1,670.00 "," 1,670.00 "," 1,670.00 "," 1,670.00 "," 1,670.00 "," 1,670.00 "," 1,670.00 "," 1,670.00 "," 1,670.00 "," 1,670.00 "," 1,670.00 "," 1,670.00 "," 1,670.00 "," 1,670.00 "," 1,670.00 "," 1,670.00 "," 1,670.00 "," 1,670.00 "," 1,670.00 "," 1,670.00 "," 1,670.00 "," 1,670.00 "," 1,670.00 "," 1,670.00 "," 1,670.00 "," 1,670.00 "," 1,670.00 "," 1,670.00 "," 1,670.00 "," 1,670.00 "," 1,720.00 ",,,,,,,,,,,,,,,,," 64,500.00 ", -   ," 64,500.00 ",0,36," 1,791.67 "
102,2.Reserva,,,,,,,,,,,,,,,,,,,,,,,,,,,,,,,,,,,,,,,,,,,,,,,,,,,,, -   ,"-122,891.50 ", -   ,0,0, -   
103,4.Plan de pagos,,,,,," 6,000.00 "," 5,261.00 "," 5,261.00 "," 5,261.00 "," 5,261.00 "," 5,261.00 "," 5,261.00 "," 5,261.00 "," 5,261.00 "," 5,261.00 "," 5,261.00 "," 5,261.00 "," 5,261.00 "," 5,261.00 "," 5,261.00 "," 5,261.00 "," 5,261.00 "," 5,261.00 "," 5,261.00 "," 5,261.00 "," 5,261.00 "," 5,261.00 "," 5,261.00 "," 5,261.00 "," 5,261.00 "," 5,261.00 "," 5,261.00 "," 5,261.00 "," 5,273.00 ",,,,,,,,,,,,,,,,,,," 153,320.00 ", -   ," 153,320.00 ",0,29," 5,286.90 "
104,4.Plan de pagos,,,,,," 100,000.00 "," 1,824.00 "," 1,824.00 "," 1,824.00 "," 1,824.00 "," 1,824.00 "," 1,824.00 "," 1,824.00 "," 1,824.00 "," 1,824.00 "," 1,824.00 "," 1,824.00 "," 1,824.00 "," 1,824.00 "," 1,824.00 "," 1,824.00 "," 1,824.00 "," 1,824.00 "," 1,824.00 "," 1,824.00 "," 1,824.00 "," 1,824.00 "," 1,824.00 "," 1,824.00 "," 1,824.00 "," 1,824.00 ",,,,,,,,,,,,,,,,,,,,,," 145,600.00 ", -   ," 145,600.00 ",0,26," 5,600.00 "
105,2.Reserva,,,,,,,,,,,,,,,,,,,,,,,,,,,,,,,,,,,,,,,,,,,,,,,,,,,,, -   ,"-118,460.34 ", -   ,0,0, -   
106,2.Reserva,,,,,,,,,,,,,,,,,,,,,,,,,,,,,,,,,,,,,,,,,,,,,,,,,,,,, -   ,"-138,231.01 ", -   ,0,0, -   
107,1.Disponible,,,,,,,,,,,,,,,,,,,,,,,,,,,,,,,,,,,,,,,,,,,,,,,,,,,,, -   ,"-113,117.23 ", -   ,0,0, -   
108,1.Disponible,,,,,,,,,,,,,,,,,,,,,,,,,,,,,,,,,,,,,,,,,,,,,,,,,,,,, -   ,"-131,519.98 ", -   ,0,0, -   
109,4.Plan de pagos,,,,,,,,,,,,,,,," 5,000.00 "," 5,000.00 "," 7,704.00 "," 7,704.00 "," 7,704.00 "," 7,704.00 "," 7,704.00 "," 7,704.00 "," 7,704.00 "," 7,704.00 "," 7,704.00 "," 7,704.00 "," 7,704.00 "," 7,704.00 "," 7,704.00 "," 7,704.00 "," 7,704.00 "," 7,704.00 "," 7,704.00 "," 7,708.00 ",,,,,,,,,,,,,,,,,," 148,676.00 ", -   ," 148,676.00 ",0,20," 7,433.80 "
110,4.Plan de pagos,,,,," 6,000.00 "," 2,388.00 "," 2,388.00 "," 2,388.00 "," 2,388.00 "," 2,388.00 "," 2,388.00 "," 2,388.00 "," 2,388.00 "," 2,388.00 "," 2,388.00 "," 2,388.00 "," 2,388.00 "," 2,388.00 "," 2,388.00 "," 2,388.00 "," 2,388.00 "," 2,388.00 "," 2,388.00 "," 2,388.00 "," 2,388.00 "," 2,388.00 "," 2,388.00 "," 2,388.00 "," 2,388.00 "," 2,388.00 "," 2,400.00 ",,,,,,,,,,,,,,,,,,,,,," 68,100.00 ", -   ," 68,100.00 ",0,27," 2,522.22 "
111,4.Plan de pagos," 6,000.00 "," 1,000.00 "," 1,820.00 "," 1,820.00 "," 1,820.00 "," 1,820.00 "," 1,820.00 "," 1,820.00 "," 1,820.00 "," 1,820.00 "," 1,820.00 "," 1,820.00 "," 1,820.00 "," 1,820.00 "," 1,820.00 "," 1,820.00 "," 1,820.00 "," 1,820.00 "," 1,820.00 "," 1,820.00 "," 1,820.00 "," 1,820.00 "," 1,820.00 "," 1,820.00 "," 1,820.00 "," 1,820.00 "," 1,820.00 "," 1,820.00 "," 1,820.00 "," 1,820.00 "," 1,820.00 "," 1,820.00 "," 1,820.00 "," 1,820.00 "," 1,820.00 "," 2,640.00 ",,,,,,,,,,,,,,,,," 69,700.00 ", -   ," 69,700.00 ",0,36," 1,936.11 "
112,4.Plan de pagos," 6,000.00 "," 1,800.00 "," 1,800.00 "," 1,800.00 "," 1,800.00 "," 1,800.00 "," 1,800.00 "," 1,800.00 "," 1,800.00 "," 1,800.00 "," 1,800.00 "," 1,800.00 "," 1,800.00 "," 1,800.00 "," 1,800.00 "," 1,800.00 "," 1,800.00 "," 1,800.00 "," 1,800.00 "," 1,800.00 "," 1,800.00 "," 1,800.00 "," 1,800.00 "," 1,800.00 "," 1,800.00 "," 1,800.00 "," 1,800.00 "," 1,800.00 "," 1,800.00 "," 1,800.00 "," 1,800.00 "," 1,800.00 "," 1,800.00 "," 1,800.00 "," 1,800.00 "," 2,700.00 ",,,,,,,,,,,,,,,,," 69,900.00 ", -   ," 69,900.00 ",0,36," 1,941.67 "
113,4.Plan de pagos,,,,,,,,,,,,,,,,,,,,," 10,000.00 "," 470,006.24 ",,,,,,,,,,,,,,,,,,,,,,,,,,,,,,," 480,006.24 ", 0.20 ," 480,006.24 ",0,2," 240,003.12 "
114,4.Plan de pagos," 6,000.00 "," 2,669.00 "," 2,669.00 "," 2,669.00 "," 2,669.00 "," 2,669.00 "," 2,669.00 "," 2,669.00 "," 2,669.00 "," 2,669.00 "," 2,669.00 "," 2,669.00 "," 2,669.00 "," 2,669.00 "," 2,669.00 "," 2,669.00 "," 2,669.00 "," 2,669.00 "," 2,669.00 "," 2,669.00 "," 2,669.00 "," 2,669.00 "," 2,669.00 "," 2,669.00 "," 2,669.00 "," 2,669.00 "," 2,669.00 "," 2,669.00 "," 2,669.00 "," 2,669.00 "," 2,669.00 "," 2,669.00 "," 2,669.00 "," 2,669.00 "," 2,669.00 "," 2,679.75 ",,,,,,,,,,,,,,,,," 99,425.75 ", -   ," 99,425.75 ",0,36," 2,761.83 "
201,1.Disponible,,,,,,,,,,,,,,,,,,,,,,,,,,,,,,,,,,,,,,,,,,,,,,,,,,,,, -   ,"-132,993.13 ", -   ,0,0, -   
202,4.Plan de pagos,,,,,,,,,,,,,,,,,,,,,,,,," 10,000.00 "," 8,731.00 "," 8,731.00 "," 8,731.00 "," 8,731.00 "," 8,731.00 "," 8,731.00 "," 8,731.00 "," 8,731.00 "," 8,731.00 "," 8,731.00 "," 8,731.00 "," 8,731.00 "," 8,731.00 "," 8,727.19 ",,,,,,,,,,,,,," 132,230.19 ", -   ," 132,230.19 ",0,15," 8,815.35 "
203,1.Disponible,,,,,,,,,,,,,,,,,,,,,,,,,,,,,,,,,,,,,,,,,,,,,,,,,,,,, -   ,"-127,392.80 ", -   ,0,0, -   
204,4.Plan de pagos,,,,,,,,,,,,,,,,,,,," 10,000.00 "," 4,821.00 "," 4,821.00 "," 4,821.00 "," 4,821.00 "," 4,821.00 "," 4,821.00 "," 4,821.00 "," 4,821.00 "," 4,821.00 "," 4,821.00 "," 4,821.00 "," 4,821.00 "," 4,821.00 "," 4,821.00 "," 4,821.00 "," 4,821.00 "," 4,821.00 "," 4,821.00 "," 4,817.00 ",,,,,,,,,,,,,," 101,595.00 ", -   ," 101,595.00 ",0,20," 5,079.75 "
205,4.Plan de pagos,,,,,,,,,,,,,,,,,,,,,,," 10,000.00 "," 7,903.00 "," 7,903.00 "," 7,903.00 "," 7,903.00 "," 7,903.00 "," 7,903.00 "," 7,903.00 "," 7,903.00 "," 7,903.00 "," 7,903.00 "," 7,903.00 "," 7,903.00 "," 7,903.00 "," 7,903.00 "," 7,903.00 "," 7,910.82 ",,,,,,,,,,,,,," 136,455.82 ", -   ," 136,455.82 ",0,17," 8,026.81 "
206,1.Disponible,,,,,,,,,,,,,,,,,,,,,,,,,,,,,,,,,,,,,,,,,,,,,,,,,,,,, -   ,"-102,123.45 ", -   ,0,0, -   
207,1.Disponible,,,,,,,,,,,,,,,,,,,,,,,,,,,,,,,,,,,,,,,,,,,,,,,,,,,,, -   ,"-141,422.85 ", -   ,0,0, -   
208,1.Disponible,,,,,,,,,,,,,,,,,,,,,,,,,,,,,,,,,,,,,,,,,,,,,,,,,,,,, -   ,"-141,446.23 ", -   ,0,0, -   
209,4.Plan de pagos,,,,,,,,,,,,,,,,,,,,,,,,,,,," 15,000.00 "," 185,104.00 ",,,,,,,,,,,,,,,,,,,,,,,," 200,104.00 "," 71,862.89 "," 200,104.00 ",0,2," 100,052.00 "
210,4.Plan de pagos,,,,,,,,,,,,,,,,,,,,,,,,,,,,," 15,000.00 "," 8,731.66 "," 8,731.66 "," 8,731.66 "," 8,731.66 "," 8,731.66 "," 8,731.66 "," 8,731.66 "," 8,731.66 "," 8,731.66 "," 8,731.66 "," 8,731.66 ",,,,,,,,,,,,," 111,048.26 "," 7,296.08 "," 111,048.26 ",0,12," 9,254.02 "
211,1.Disponible,,,,,,,,,,,,,,,,,,,,,,,,,,,,,,,,,,,,,,,,,,,,,,,,,,,,, -   ,"-154,362.70 ", -   ,0,0, -   
212,4.Plan de pagos,,,,,,,,," 8,000.00 "," 2,888.00 "," 2,888.00 "," 2,888.00 "," 2,888.00 "," 2,888.00 "," 2,888.00 "," 2,888.00 "," 2,888.00 "," 2,888.00 "," 2,888.00 "," 2,888.00 "," 2,888.00 "," 2,888.00 "," 2,888.00 "," 2,888.00 "," 2,888.00 "," 2,888.00 "," 2,888.00 "," 2,888.00 "," 2,888.00 "," 2,888.00 "," 2,889.50 ",,,,,,,,,,,,,,,,,,,,,," 71,537.50 ", -   ," 71,537.50 ",0,23," 3,110.33 "
213,4.Plan de pagos,,,,,,,,,,,,,,,,,,,,,,,," 10,000.00 "," 4,420.00 "," 4,420.00 "," 4,420.00 "," 4,420.00 "," 4,420.00 "," 4,420.00 "," 4,420.00 "," 4,420.00 "," 4,420.00 "," 4,420.00 "," 4,420.00 "," 4,420.00 "," 4,420.00 "," 4,420.00 "," 4,420.00 "," 4,418.74 ",,,,,,,,,,,,," 80,718.74 ", -   ," 80,718.74 ",0,17," 4,748.16 "
214,4.Plan de pagos,,,,,,,,," 5,500.00 "," 3,026.00 "," 3,026.00 "," 3,026.00 "," 3,026.00 "," 3,026.00 "," 3,026.00 "," 3,026.00 "," 3,026.00 "," 3,026.00 "," 3,026.00 "," 3,026.00 "," 3,026.00 "," 3,026.00 "," 3,026.00 "," 3,026.00 "," 3,026.00 "," 3,026.00 "," 3,026.00 "," 3,026.00 "," 3,026.00 "," 3,026.00 "," 3,026.50 ",,,,,,,,,,,,,,,,,,,,,," 72,072.50 ", -   ," 72,072.50 ",0,23," 3,133.59 "
215,4.Plan de pagos,,,,,,,,,,,,," 8,000.00 "," 4,922.00 "," 4,922.00 "," 4,922.00 "," 4,922.00 "," 4,922.00 "," 4,922.00 "," 4,922.00 "," 4,922.00 "," 4,922.00 "," 4,922.00 "," 4,922.00 "," 4,922.00 "," 4,922.00 "," 4,922.00 "," 4,922.00 "," 4,922.00 "," 4,922.00 "," 4,926.00 ",,,,,,,,,,,,,,,,,,,,,," 96,600.00 ", -   ," 96,600.00 ",0,19," 5,084.21 "
216,4.Plan de pagos,,,,,,,,,,,,," 8,000.00 "," 5,006.00 "," 5,006.00 "," 5,006.00 "," 5,006.00 "," 5,006.00 "," 5,006.00 "," 5,006.00 "," 5,006.00 "," 5,006.00 "," 5,006.00 "," 5,006.00 "," 5,006.00 "," 5,006.00 "," 5,006.00 "," 5,006.00 "," 5,006.00 "," 5,006.00 "," 4,998.00 ",,,,,,,,,,,,,,,,,,,,,," 98,100.00 ", -   ," 98,100.00 ",0,19," 5,163.16 "
301,4.Plan de pagos,,,,,,,,,,,,,,,,," 10,000.00 "," 6,900.00 "," 6,900.00 "," 6,900.00 "," 6,900.00 "," 6,900.00 "," 6,900.00 "," 6,900.00 "," 6,900.00 "," 6,900.00 "," 6,900.00 "," 6,900.00 "," 6,900.00 "," 6,900.00 "," 6,900.00 "," 6,900.00 "," 6,900.00 "," 6,900.00 ",,,,,,,,,,,,,,,,,,," 127,300.00 ", -   ," 127,300.00 ",0,18," 7,072.22 "
302,4.Plan de pagos,,,,,,,,,,,,,,,,,,,,,,,,,,,,,,,,,,,,,,,,,,,,,,,,,,,,, -   ,"-137,342.44 ", -   ,0,0, -   
303,2. Reserva,,,,,,,,,,,,,,,,,,,,,,,,,,,,,,,,,,,,,,,,,,,,,,,,,,,,, -   ,"-93,491.84 ", -   ,0,0, -   
304,4.Plan de pagos,,,,,,,,,,,,,,,,,,,,,,,,," 10,000.00 "," 5,244.00 "," 5,244.00 "," 5,244.00 "," 5,244.00 "," 5,244.00 "," 5,244.00 "," 5,244.00 "," 5,244.00 "," 5,244.00 "," 5,244.00 "," 5,244.00 "," 5,244.00 "," 5,244.00 "," 5,243.20 ",,,,,,,,,,,,,," 83,415.20 ", -   ," 83,415.20 ",0,15," 5,561.01 "
305,4.Plan de pagos,,,,,,,,,,,,,,,,,,,,,,,,,," 15,000.00 "," 3,500.00 "," 3,500.00 "," 15,000.00 "," 3,500.00 "," 3,500.00 "," 3,500.00 "," 3,500.00 "," 20,000.00 "," 3,500.00 "," 3,500.00 "," 3,500.00 "," 3,500.00 "," 26,265.61 ",,,,,,,,,,,,,," 111,265.61 ", 19.05 ," 111,265.61 ",0,14," 7,947.54 "
306,2.Reserva,,,,,,,,,,,,,,,,,,,,,,,,,,,,,,,,,,,,,,,,,,,,,,,,,,,,, -   ,"-110,404.76 ", -   ,0,0, -   
307,2.Reserva,,,,,,,,,,,,,,,,,,,,,,,,,,,,,,,,,,,,,,,,,,,,,,,,,,,,, -   ,"-105,646.23 ", -   ,0,0, -   
308,4.Plan de pagos,,,,,,,,,,,,,,,,,,,,,,,,," 10,000.00 "," 6,666.00 "," 6,666.00 "," 6,666.00 "," 6,666.00 "," 6,666.00 "," 6,666.00 "," 6,666.00 "," 6,666.00 "," 6,666.00 "," 6,666.00 "," 6,666.00 "," 6,666.00 "," 6,666.00 "," 6,670.19 ",,,,,,,,,,,,,," 103,328.19 ", -   ," 103,328.19 ",0,15," 6,888.55 "
309,4.Plan de pagos,,,,,,,,,,,,,,,,,," 5,000.00 "," 2,500.00 "," 2,500.00 "," 2,500.00 "," 27,500.00 "," 2,500.00 "," 2,500.00 "," 2,500.00 "," 2,500.00 "," 2,500.00 "," 2,500.00 "," 2,500.00 "," 37,500.00 "," 2,500.00 "," 2,500.00 "," 2,500.00 "," 32,590.00 ",,,,,,,,,,,,,,,,,,," 135,090.00 ", -   ," 135,090.00 ",0,17," 7,946.47 "
310,2.Reserva,,,,,,,,,,,,,,,,,,,,,,,,,,,,,,,,,,,,,,,,,,,,,,,,,,,,, -   ,"-102,123.45 ", -   ,0,0, -   
311,4.Plan de pagos,,,,,,,,,,,,,,,,,,," 10,000.00 ",," 129,140.00 ",,,,,,,,,,,,,,,,,,,,,,,,,,,,,,,," 139,140.00 ", -   ," 139,140.00 ",0,2," 69,570.00 "
312,4.Plan de pagos,,,,,,,,,,,,,,,,,,,,,,," 8,000.00 "," 7,851.00 "," 7,851.00 "," 7,851.00 "," 7,851.00 "," 7,851.00 "," 7,851.00 "," 7,851.00 "," 7,851.00 "," 7,851.00 "," 7,851.00 "," 7,851.00 "," 7,851.00 "," 7,851.00 "," 7,851.00 "," 7,851.00 "," 7,851.00 "," 7,846.32 ",,,,,,,,,,,,," 141,462.32 ", -   ," 141,462.32 ",0,18," 7,859.02 "
313,4.Plan de pagos,,,,,,,,,,,,,,," 28,000.00 "," 4,253.00 "," 4,253.00 "," 4,253.00 "," 4,253.00 "," 4,253.00 "," 4,253.00 "," 4,253.00 "," 4,253.00 "," 4,253.00 "," 4,253.00 "," 4,253.00 "," 4,253.00 "," 4,253.00 "," 4,253.00 "," 4,253.00 "," 4,253.00 "," 4,253.00 "," 4,253.00 "," 4,246.00 ",,,,,,,,,,,,,,,,,,," 108,800.00 ", -   ," 108,800.00 ",0,20," 5,440.00 "
314,4.Plan de pagos,,,,,,,,,,,,,,,,,,,,,,,,,,,,,,,,,,,,,,,,,,,,,,,,,,,,, -   ,"-103,752.18 ", -   ,0,0, -   
315,4.Plan de pagos,,,,,,,,,,,,,,,,,,,,,,,,,," 10,000.00 "," 11,110.00 "," 11,110.00 "," 11,110.00 "," 11,110.00 "," 11,110.00 "," 11,110.00 "," 11,110.00 "," 11,110.00 "," 11,110.00 "," 11,110.00 "," 11,110.00 "," 11,110.00 "," 11,106.98 ",,,,,,,,,,,,,," 154,426.98 ", 64.28 ," 154,426.98 ",0,14," 11,030.50 "
316,4.Plan de pagos,,,,,,,," 8,000.00 "," 2,735.00 "," 2,735.00 "," 2,735.00 "," 2,735.00 "," 2,735.00 "," 2,735.00 "," 2,735.00 "," 2,735.00 "," 2,735.00 "," 2,735.00 "," 2,735.00 "," 2,735.00 "," 2,735.00 "," 2,735.00 "," 2,735.00 "," 2,735.00 "," 2,735.00 "," 2,735.00 "," 2,735.00 "," 2,735.00 "," 2,735.00 "," 2,735.00 "," 2,726.44 ",,,,,,,,,,,,,,,,,,,,,," 70,896.44 ", -   ," 70,896.44 ",0,24," 2,954.02 "
317,4.Plan de pagos,,,,,,,,," 5,500.00 "," 3,031.00 "," 3,031.00 "," 3,031.00 "," 3,031.00 "," 3,031.00 "," 3,031.00 "," 3,031.00 "," 3,031.00 "," 3,031.00 "," 3,031.00 "," 3,031.00 "," 3,031.00 "," 3,031.00 "," 3,031.00 "," 3,031.00 "," 3,031.00 "," 3,031.00 "," 3,031.00 "," 3,031.00 "," 3,031.00 "," 3,031.00 "," 3,036.50 ",,,,,,,,,,,,,,,,,,,,,," 72,187.50 ", -   ," 72,187.50 ",0,23," 3,138.59 "
318,4.Plan de pagos,,,,,,,,," 5,500.00 "," 3,026.00 "," 3,026.00 "," 3,026.00 "," 3,026.00 "," 3,026.00 "," 3,026.00 "," 3,026.00 "," 3,026.00 "," 3,026.00 "," 3,026.00 "," 3,026.00 "," 3,026.00 "," 3,026.00 "," 3,026.00 "," 3,026.00 "," 3,026.00 "," 3,026.00 "," 3,026.00 "," 3,026.00 "," 3,026.00 "," 3,026.00 "," 3,026.50 ",,,,,,,,,,,,,,,,,,,,,," 72,072.50 ", -   ," 72,072.50 ",0,23," 3,133.59 "
319,4.Plan de pagos,,,,,,,,,,,," 8,000.00 "," 4,663.00 "," 4,663.00 "," 4,663.00 "," 4,663.00 "," 4,663.00 "," 4,663.00 "," 4,663.00 "," 4,663.00 "," 4,663.00 "," 4,663.00 "," 4,663.00 "," 4,663.00 "," 4,663.00 "," 4,663.00 "," 4,663.00 "," 4,663.00 "," 4,663.00 "," 4,663.00 "," 4,666.00 ",,,,,,,,,,,,,,,,,,,,,," 96,600.00 ", -   ," 96,600.00 ",0,20," 4,830.00 "
320,4.Plan de pagos,,,,,," 6,000.00 "," 3,684.00 "," 3,684.00 "," 3,684.00 "," 3,684.00 "," 3,684.00 "," 3,684.00 "," 3,684.00 "," 3,684.00 "," 3,684.00 "," 3,684.00 "," 3,684.00 "," 3,684.00 "," 3,684.00 "," 3,684.00 "," 3,684.00 "," 3,684.00 "," 3,684.00 "," 3,684.00 "," 3,684.00 "," 3,684.00 "," 3,684.00 "," 3,684.00 "," 3,684.00 "," 3,684.00 "," 3,684.00 ",,,,,,,,,,,,,,,,,,,,,," 98,100.00 ", -   ," 98,100.00 ",0,26," 3,773.08 "
401,4.Plan de pagos,,,,,,,,,,," 8,000.00 "," 5,370.00 "," 5,370.00 "," 5,370.00 "," 5,370.00 "," 5,370.00 "," 5,370.00 "," 5,370.00 "," 5,370.00 "," 5,370.00 "," 5,370.00 "," 5,370.00 "," 5,370.00 "," 5,370.00 "," 5,370.00 "," 5,370.00 "," 5,370.00 "," 5,370.00 "," 5,370.00 "," 5,370.00 "," 5,370.00 ",,,,,,,,,,,,,,,,,,,,,," 115,400.00 ", -   ," 115,400.00 ",0,21," 5,495.24 "
402,4.Plan de pagos,,,,,,,,,," 5,500.00 "," 5,222.00 "," 5,222.00 "," 5,222.00 "," 5,222.00 "," 5,222.00 "," 5,222.00 "," 5,222.00 "," 5,222.00 "," 5,222.00 "," 5,222.00 "," 5,222.00 "," 5,222.00 "," 5,222.00 "," 5,222.00 "," 5,222.00 "," 5,222.00 "," 5,222.00 "," 5,222.00 "," 5,222.00 "," 5,222.00 "," 5,231.45 ",,,,,,,,,,,,,,,,,,,,,," 115,171.45 ", -   ," 115,171.45 ",0,22," 5,235.07 "
403,4.Plan de pagos,,,,,," 6,000.00 "," 2,560.00 "," 2,560.00 "," 2,560.00 "," 2,560.00 "," 2,560.00 "," 2,560.00 "," 2,560.00 "," 2,560.00 "," 2,560.00 "," 2,560.00 "," 2,560.00 "," 2,560.00 "," 2,560.00 "," 2,560.00 "," 2,560.00 "," 2,560.00 "," 2,560.00 "," 2,560.00 "," 2,560.00 "," 2,560.00 "," 2,560.00 "," 2,560.00 "," 2,560.00 "," 2,560.00 "," 2,560.00 ",,,,,,,,,,,,,,,,,,,,,," 70,000.00 ", -   ," 70,000.00 ",0,26," 2,692.31 "
404,4.Plan de pagos,,,,,,,," 8,000.00 "," 2,791.00 "," 2,791.00 "," 2,791.00 "," 2,791.00 "," 2,791.00 "," 2,791.00 "," 2,791.00 "," 2,791.00 "," 2,791.00 "," 2,791.00 "," 2,791.00 "," 2,791.00 "," 2,791.00 "," 2,791.00 "," 2,791.00 "," 2,791.00 "," 2,791.00 "," 2,791.00 "," 2,791.00 "," 2,791.00 "," 2,791.00 "," 2,791.00 "," 2,798.00 ",,,,,,,,,,,,,,,,,,,,,," 72,200.00 ", -   ," 72,200.00 ",0,24," 3,008.33 "
405,2.Reserva,,,,,,,,,,,,,,,,,,,,,,,,,,,,,,,,,,,,,,,,,,,,,,,,,,,,, -   ,"-111,265.61 ", -   ,0,0, -   
406,4.Plan de pagos,,,,,,,,,,,,,,,,,,,,,,,,,,," 10,000.00 "," 8,371.00 "," 8,371.00 "," 8,371.00 "," 8,371.00 "," 8,371.00 "," 8,371.00 "," 8,371.00 "," 8,371.00 "," 8,371.00 "," 8,371.00 "," 8,371.00 "," 8,371.00 ",,,,,,,,,,,,,," 110,452.00 ", 47.24 ," 110,452.00 ",0,13," 8,496.31 "
407,4.Plan de pagos,,,,,,,,,,,,,,,,,,,,,,,,,,,,,,,,,,,,,,,,,,,,,,,,,,,,, -   ,"-105,646.23 ", -   ,0,0, -   
408,4.Plan de pagos,,,,,,,,,,,," 8,000.00 "," 4,232.00 "," 4,232.00 "," 4,232.00 "," 4,232.00 "," 4,232.00 "," 4,232.00 "," 4,232.00 "," 4,232.00 "," 4,232.00 "," 4,232.00 "," 4,232.00 "," 4,232.00 "," 4,232.00 "," 4,232.00 "," 4,232.00 "," 4,232.00 "," 4,200.00 "," 4,200.00 "," 4,200.00 "," 4,200.00 "," 4,200.00 "," 4,200.00 "," 4,200.00 "," 4,200.00 "," 4,200.00 "," 4,200.00 "," 4,200.00 "," 4,200.00 ",,,,,,,,,,,,," 126,112.00 "," 37,712.00 "," 126,112.00 ",0,29," 4,348.69 "
409,4.Plan de pagos,,,,,,,,,,,,,,,,,," 10,000.00 "," 7,762.00 "," 7,762.00 "," 7,762.00 "," 7,762.00 "," 7,762.00 "," 7,762.00 "," 7,762.00 "," 7,762.00 "," 7,762.00 "," 7,762.00 "," 7,762.00 "," 7,762.00 "," 7,762.00 "," 7,762.00 "," 7,762.00 "," 7,760.00 ",,,,,,,,,,,,,,,,,,," 134,190.00 ", -   ," 134,190.00 ",0,17," 7,893.53 "
410,4.Plan de pagos,,,,,,,,,,,,,,,,,,,,,,,,,,,,," 15,000.00 "," 9,504.04 "," 9,504.04 "," 9,504.04 "," 9,504.04 "," 9,504.04 "," 9,504.04 "," 9,504.04 "," 9,504.04 "," 9,504.04 "," 9,504.04 "," 9,504.04 ",,,,,,,,,,,,," 119,544.44 "," 17,420.99 "," 119,544.44 ",0,12," 9,962.04 "
411,2. Reserva,,,,,,,,,,,,,,,,,,,,,,,,,,,,,,,,,,,,,,,,,,,,,,,,,,,,, -   ,"-141,422.85 ", -   ,0,0, -   
412,2. Reserva,,,,,,,,,,,,,,,,,,,,,,,,,,,,,,,,,,,,,,,,,,,,,,,,,,,,, -   ,"-141,446.23 ", -   ,0,0, -   
413,4.Plan de pagos,,,,,,,,,,,,,,,,,,,,,,," 10,000.00 "," 6,022.00 "," 6,022.00 "," 6,022.00 "," 6,022.00 "," 6,022.00 "," 6,022.00 "," 6,022.00 "," 6,022.00 "," 6,022.00 "," 6,022.00 "," 6,022.00 "," 6,022.00 "," 6,022.00 "," 6,022.00 "," 6,022.00 "," 6,024.43 ",,,,,,,,,,,,,," 106,354.43 ", -   ," 106,354.43 ",0,17," 6,256.14 "
414,4.Plan de pagos,,,,,,,,,,,,,,," 10,000.00 "," 4,147.00 "," 4,147.00 "," 4,147.00 "," 4,147.00 "," 4,147.00 "," 4,147.00 "," 4,147.00 "," 4,147.00 "," 4,147.00 "," 4,147.00 "," 4,147.00 "," 4,147.00 "," 4,147.00 "," 4,147.00 "," 4,147.00 "," 4,147.00 "," 4,147.00 "," 4,147.00 "," 4,154.00 ",,,,,,,,,,,,,,,,,,," 88,800.00 ", -   ," 88,800.00 ",0,20," 4,440.00 "
415,4.Plan de pagos,,,,,,,,,,,,,,,,,,,,,,,,,,,," 15,000.00 "," 18,044.00 "," 18,044.00 "," 18,044.00 "," 18,044.00 "," 18,044.00 "," 18,044.00 "," 18,044.00 "," 18,044.00 "," 18,044.00 "," 18,044.00 "," 18,044.00 "," 18,042.97 ",,,,,,,,,,,,," 231,526.97 "," 77,164.27 "," 231,526.97 ",0,13," 17,809.77 "
416,4.Plan de pagos,,,,,,,,,,,,,,,,,,,,,,,," 10,000.00 "," 4,371.00 "," 4,371.00 "," 4,371.00 "," 4,371.00 "," 4,371.00 "," 4,371.00 "," 4,371.00 "," 4,371.00 "," 4,371.00 "," 4,371.00 "," 4,371.00 "," 4,371.00 "," 4,371.00 "," 4,371.00 "," 4,371.00 "," 4,366.18 ",,,,,,,,,,,,," 79,931.18 ", -   ," 79,931.18 ",0,17," 4,701.83 "
417,4.Plan de pagos,,,,,,,,," 5,500.00 "," 3,031.00 "," 3,031.00 "," 3,031.00 "," 3,031.00 "," 3,031.00 "," 3,031.00 "," 3,031.00 "," 3,031.00 "," 3,031.00 "," 3,031.00 "," 3,031.00 "," 3,031.00 "," 3,031.00 "," 3,031.00 "," 3,031.00 "," 3,031.00 "," 3,031.00 "," 3,031.00 "," 3,031.00 "," 3,031.00 "," 3,031.00 "," 3,036.50 ",,,,,,,,,,,,,,,,,,,,,," 72,187.50 ", -   ," 72,187.50 ",0,23," 3,138.59 "
418,4.Plan de pagos,,,,,,,,,,,,,,,,,,,,,,,,,,," 10,000.00 "," 5,423.00 "," 5,423.00 "," 5,423.00 "," 5,423.00 "," 5,423.00 "," 5,423.00 "," 5,423.00 "," 5,423.00 "," 5,423.00 "," 5,423.00 "," 5,423.00 "," 5,423.00 ",,,,,,,,,,,,,," 75,076.00 "," 3,003.50 "," 75,076.00 ",0,13," 5,775.08 "
419,4.Plan de pagos,,,,,,,,," 8,000.00 "," 4,027.00 "," 4,027.00 "," 4,027.00 "," 4,027.00 "," 4,027.00 "," 4,027.00 "," 4,027.00 "," 4,027.00 "," 4,027.00 "," 4,027.00 "," 4,027.00 "," 4,027.00 "," 4,027.00 "," 4,027.00 "," 4,027.00 "," 4,027.00 "," 4,027.00 "," 4,027.00 "," 4,027.00 "," 4,027.00 "," 4,027.00 "," 4,033.00 ",,,,,,,,,,,,,,,,,,,,,," 96,600.00 ", -   ," 96,600.00 ",0,23," 4,200.00 "
420,4.Plan de pagos,,,,,,,,,,,,,,,,," 10,000.00 "," 6,276.00 "," 6,276.00 "," 6,276.00 "," 6,276.00 "," 6,276.00 "," 6,276.00 "," 6,276.00 "," 6,276.00 "," 6,276.00 "," 6,276.00 "," 6,276.00 "," 6,276.00 "," 6,276.00 "," 6,276.00 "," 6,276.00 "," 6,276.00 "," 6,284.00 ",,,,,,,,,,,,,,,,,,," 116,700.00 ", -   ," 116,700.00 ",0,18," 6,483.33 "
501,4.Plan de pagos,,,,,,,,,,,,,,,,,,,,,,," 10,000.00 "," 8,772.00 "," 8,772.00 "," 8,772.00 "," 8,772.00 "," 8,772.00 "," 8,772.00 "," 8,772.00 "," 8,772.00 "," 8,772.00 "," 8,772.00 "," 8,772.00 "," 8,772.00 "," 8,772.00 "," 8,772.00 "," 8,772.00 "," 8,769.44 ",,,,,,,,,,,,,," 150,349.44 ", -   ," 150,349.44 ",0,17," 8,844.08 "
502,4.Plan de pagos,,,,,,,,,,,,,,,,,,,,,,,,,,,," 15,000.00 "," 18,630.00 "," 18,630.00 "," 18,630.00 "," 18,630.00 "," 18,630.00 "," 18,630.00 "," 18,630.00 "," 18,630.00 "," 18,630.00 "," 18,630.00 "," 18,630.00 "," 18,630.00 ",,,,,,,,,,,,," 238,560.00 "," 85,640.57 "," 238,560.00 ",0,13," 18,350.77 "
503,4.Plan de pagos,,,,,,,,,,,,,,,,,,,,,,,,,,," 10,000.00 "," 15,000.00 "," 18,630.00 "," 18,630.00 "," 18,630.00 "," 18,630.00 "," 18,630.00 "," 18,630.00 "," 18,630.00 "," 18,630.00 "," 18,630.00 "," 18,630.00 "," 18,630.00 "," 18,632.10 ",,,,,,,,,,,,," 248,562.10 "," 144,852.10 "," 248,562.10 ",0,14," 17,754.44 "
504,4.Plan de pagos,,,,,,,,,,,,,,,,,,,,,,,,,,," 10,000.00 "," 7,894.00 "," 7,894.00 "," 7,894.00 "," 7,894.00 "," 7,894.00 "," 7,894.00 "," 7,894.00 "," 7,894.00 "," 7,894.00 "," 7,894.00 "," 7,894.00 "," 7,894.00 ",,,,,,,,,,,,,," 104,728.00 "," 15,928.00 "," 104,728.00 ",0,13," 8,056.00 "
505,4.Plan de pagos,,,,,,,,,,,,,,,,," 10,000.00 "," 7,645.00 "," 7,645.00 "," 7,645.00 "," 7,645.00 "," 7,645.00 "," 7,645.00 "," 7,645.00 "," 7,645.00 "," 7,645.00 "," 7,645.00 "," 7,645.00 "," 7,645.00 "," 7,645.00 "," 7,645.00 "," 7,645.00 "," 7,645.00 "," 7,647.00 ",,,,,,,,,,,,,,,,,,," 139,967.00 ", -   ," 139,967.00 ",0,18," 7,775.94 "
506,4.Plan de pagos,,,,,,,,,,,,,,,,,,,," 10,000.00 "," 9,185.00 "," 9,185.00 "," 9,185.00 "," 9,185.00 "," 9,185.00 "," 9,185.00 "," 9,185.00 "," 9,185.00 "," 9,185.00 "," 9,185.00 "," 9,185.00 "," 9,185.00 "," 9,185.00 "," 9,190.00 ",,,,,,,,,,,,,,,,,,," 138,595.00 ", -   ," 138,595.00 ",0,15," 9,239.67 "
507,4.Plan de pagos,,,,,," 6,000.00 "," 2,652.00 "," 2,652.00 "," 2,652.00 "," 2,652.00 "," 2,652.00 "," 2,652.00 "," 2,652.00 "," 2,652.00 "," 2,652.00 "," 2,652.00 "," 2,652.00 "," 2,652.00 "," 2,652.00 "," 2,652.00 "," 2,652.00 "," 2,652.00 "," 2,652.00 "," 2,652.00 "," 2,652.00 "," 2,652.00 "," 2,652.00 "," 2,652.00 "," 2,652.00 "," 2,652.00 "," 2,652.00 ",,,,,,,,,,,,,,,,,,,,,," 72,300.00 ", -   ," 72,300.00 ",0,26," 2,780.77 "
508,4.Plan de pagos,,,,,,,,,,,,,," 8,000.00 "," 6,494.00 "," 6,494.00 "," 6,494.00 "," 6,494.00 "," 6,494.00 "," 6,494.00 "," 6,494.00 "," 6,494.00 "," 6,494.00 "," 6,494.00 "," 6,494.00 "," 6,494.00 "," 6,494.00 "," 6,494.00 "," 6,494.00 "," 6,494.00 "," 6,489.00 ",,,,,,,,,,,,,,,,,,,,,," 118,393.00 ", -   ," 118,393.00 ",0,18," 6,577.39 "
509,4.Plan de pagos,,,,,,,,,,,,,,,," 10,000.00 "," 6,009.00 "," 6,009.00 "," 6,009.00 "," 6,009.00 "," 6,009.00 "," 6,009.00 "," 6,009.00 "," 6,009.00 "," 6,009.00 "," 6,009.00 "," 6,009.00 "," 6,009.00 "," 6,009.00 "," 6,009.00 "," 6,009.00 "," 6,009.00 "," 6,009.00 "," 6,008.50 ",,,,,,,,,,,,,,,,,,," 118,161.50 ", -   ," 118,161.50 ",0,19," 6,219.03 "
510,4.Plan de pagos,,,,,,,,,,,,," 8,000.00 "," 6,133.00 "," 6,133.00 "," 6,133.00 "," 6,133.00 "," 6,133.00 "," 6,133.00 "," 6,133.00 "," 6,133.00 "," 6,133.00 "," 6,133.00 "," 6,133.00 "," 6,133.00 "," 6,133.00 "," 6,133.00 "," 6,133.00 "," 6,133.00 "," 6,133.00 "," 6,132.00 ",,,,,,,,,,,,,,,,,,,,,," 118,393.00 ", -   ," 118,393.00 ",0,19," 6,231.21 "
511,4.Plan de pagos,,,,,,,,,,,,,,,," 5,000.00 "," 5,000.00 "," 6,009.00 "," 6,009.00 "," 6,009.00 "," 6,009.00 "," 6,009.00 "," 6,009.00 "," 6,009.00 "," 6,009.00 "," 6,009.00 "," 6,009.00 "," 6,009.00 "," 6,009.00 "," 6,009.00 "," 6,009.00 "," 6,009.00 "," 6,009.00 "," 6,009.00 "," 6,008.50 ",,,,,,,,,,,,,,,,,," 118,161.50 ", -   ," 118,161.50 ",0,20," 5,908.08 "
512,4.Plan de pagos,,,,," 6,000.00 "," 2,477.00 "," 2,477.00 "," 2,477.00 "," 2,477.00 "," 2,477.00 "," 2,477.00 "," 2,477.00 "," 2,477.00 "," 2,477.00 "," 2,477.00 "," 2,477.00 "," 2,477.00 "," 2,477.00 "," 2,477.00 "," 2,477.00 "," 2,477.00 "," 2,477.00 "," 2,477.00 "," 2,477.00 "," 2,477.00 "," 2,477.00 "," 2,477.00 "," 2,477.00 "," 2,477.00 "," 2,477.00 "," 2,475.00 ",,,,,,,,,,,,,,,,,,,,,," 70,400.00 ", -   ," 70,400.00 ",0,27," 2,607.41 "
513,4.Plan de pagos,,,,," 6,000.00 "," 2,415.00 "," 2,415.00 "," 2,415.00 "," 2,415.00 "," 2,415.00 "," 2,415.00 "," 2,415.00 "," 2,415.00 "," 2,415.00 "," 2,415.00 "," 2,415.00 "," 2,415.00 "," 2,415.00 "," 2,415.00 "," 2,415.00 "," 2,415.00 "," 2,415.00 "," 2,415.00 "," 2,415.00 "," 2,415.00 "," 2,415.00 "," 2,415.00 "," 2,415.00 "," 2,415.00 "," 2,415.00 "," 2,425.00 ",,,,,,,,,,,,,,,,,,,,,," 68,800.00 ", -   ," 68,800.00 ",0,27," 2,548.15 "
514,4.Plan de pagos,,,,,,,,,,,,,,,,,,,,,,,,,,,,,,,,,,,,,,,,,,,,,,,,,,,,, -   ,"-153,507.84 ", -   ,0,0, -   
515,4.Plan de pagos," 6,000.00 "," 1,570.00 "," 1,570.00 "," 1,570.00 "," 1,570.00 "," 1,570.00 "," 1,570.00 "," 1,570.00 "," 1,570.00 "," 1,570.00 "," 1,570.00 "," 1,570.00 "," 1,570.00 "," 1,570.00 "," 1,570.00 "," 1,570.00 "," 1,570.00 "," 1,570.00 "," 1,570.00 "," 1,570.00 "," 1,570.00 "," 1,570.00 "," 1,570.00 "," 1,570.00 "," 1,570.00 "," 1,570.00 "," 1,570.00 "," 1,570.00 "," 1,570.00 "," 1,570.00 "," 1,570.00 "," 1,570.00 "," 1,570.00 "," 1,570.00 "," 1,570.00 "," 1,869.50 ",,,,,,,,,,,,,,,,," 61,249.50 ", -   ," 61,249.50 ",0,36," 1,701.38 "
516,4.Plan de pagos,,,,,,,,,,,,,,,,,,," 10,000.00 "," 6,247.00 "," 6,247.00 "," 6,247.00 "," 6,247.00 "," 6,247.00 "," 6,247.00 "," 6,247.00 "," 6,247.00 "," 6,247.00 "," 6,247.00 "," 6,247.00 "," 6,247.00 "," 6,247.00 "," 6,247.00 "," 6,252.00 ",,,,,,,,,,,,,,,,,,," 103,710.00 ", -   ," 103,710.00 ",0,16," 6,481.88 "
517,4.Plan de pagos,,,,,,,,,,,,,,," 8,000.00 "," 4,166.00 "," 4,166.00 "," 4,166.00 "," 4,166.00 "," 4,166.00 "," 4,166.00 "," 4,166.00 "," 4,166.00 "," 4,166.00 "," 4,166.00 "," 4,166.00 "," 4,166.00 "," 4,166.00 "," 4,166.00 "," 4,166.00 "," 4,166.00 "," 4,166.00 "," 4,166.00 "," 4,174.12 ",,,,,,,,,,,,,,,,,,," 87,162.12 ", -   ," 87,162.12 ",0,20," 4,358.11 "
518,4.Plan de pagos,,,,,,,,,,,,,,,,,,,," 10,000.00 "," 7,397.00 "," 7,397.00 "," 7,397.00 "," 7,397.00 "," 7,397.00 "," 7,397.00 "," 7,397.00 "," 7,397.00 "," 7,397.00 "," 7,397.00 "," 7,397.00 "," 7,397.00 "," 7,397.00 "," 7,397.00 "," 7,397.00 "," 7,397.00 "," 7,397.00 "," 7,397.00 "," 7,403.44 ",,,,,,,,,,,,,," 150,549.44 ", -   ," 150,549.44 ",0,20," 7,527.47 "
519,4.Plan de pagos,,,,,,,,,,,,,,,,,,,,,,,,,,,,,," 10,000.00 "," 10,210.00 "," 10,210.00 "," 10,210.00 "," 10,210.00 "," 10,210.00 "," 10,210.00 "," 10,210.00 "," 10,210.00 "," 10,210.00 "," 10,210.00 ",,,,,,,,,,,,," 112,100.00 ","-40,819.43 "," 112,100.00 ",0,11," 10,190.91 "
601,4.Plan de pagos,,,,,,,,,,,,,,,,,,,," 10,000.00 "," 9,851.00 "," 9,851.00 "," 9,851.00 "," 9,851.00 "," 9,851.00 "," 9,851.00 "," 9,851.00 "," 9,851.00 "," 9,851.00 "," 9,851.00 "," 9,851.00 "," 9,851.00 "," 9,851.00 "," 9,849.80 ",,,,,,,,,,,,,,,,,,," 147,912.80 ", -   ," 147,912.80 ",0,15," 9,860.85 "
602,4.Plan de pagos,,,,,,,,,,,,,,,,,,,,,,,,,,,," 10,000.00 "," 11,908.00 "," 11,908.00 "," 11,908.00 "," 11,908.00 "," 11,908.00 "," 11,908.00 "," 11,908.00 "," 11,908.00 "," 11,908.00 "," 11,908.00 "," 11,908.00 "," 11,906.33 ",,,,,,,,,,,,," 152,894.33 ",-25.10 ," 152,894.33 ",0,13," 11,761.10 "
603,4.Plan de pagos,,,,,,,,,,,,,," 8,000.00 "," 4,835.00 "," 4,835.00 "," 4,835.00 "," 4,835.00 "," 4,835.00 "," 4,835.00 "," 4,835.00 "," 4,835.00 "," 4,835.00 "," 4,835.00 "," 4,835.00 "," 4,835.00 "," 4,835.00 "," 4,835.00 "," 4,835.00 "," 4,835.00 "," 4,840.00 ",,,,,,,,,,,,,,,,,,,,,," 90,200.00 ", -   ," 90,200.00 ",0,18," 5,011.11 "
604,4.Plan de pagos,,,,,,,,,,,,,," 8,000.00 "," 4,753.00 "," 4,753.00 "," 4,753.00 "," 4,753.00 "," 4,753.00 "," 4,753.00 "," 4,753.00 "," 4,753.00 "," 4,753.00 "," 4,753.00 "," 4,753.00 "," 4,753.00 "," 4,753.00 "," 4,753.00 "," 4,753.00 "," 4,753.00 "," 4,752.00 ",,,,,,,,,,,,,,,,,,,,,," 88,800.00 ", -   ," 88,800.00 ",0,18," 4,933.33 "
605,4.Plan de pagos,,,,,,,,,,,,,,,,,,," 10,000.00 "," 8,494.00 "," 8,494.00 "," 8,494.00 "," 8,494.00 "," 8,494.00 "," 8,494.00 "," 8,494.00 "," 8,494.00 "," 8,494.00 "," 8,494.00 "," 8,494.00 "," 8,494.00 "," 8,494.00 "," 8,494.00 "," 8,489.00 ",,,,,,,,,,,,,,,,,,," 137,405.00 ", -   ," 137,405.00 ",0,16," 8,587.81 "
606,4.Plan de pagos,,,,,,,,,,,,,,,,,," 10,000.00 "," 8,000.00 "," 8,000.00 "," 8,000.00 "," 8,000.00 "," 8,000.00 "," 8,000.00 "," 8,000.00 "," 8,000.00 "," 8,000.00 "," 8,000.00 "," 8,000.00 "," 8,000.00 "," 8,000.00 "," 8,000.00 "," 8,000.00 "," 7,995.00 ",,,,,,,,,,,,,,,,,,," 137,995.00 ", -   ," 137,995.00 ",0,17," 8,117.35 "
607,4.Plan de pagos,,,,,,,,,,,,,,,,,,,,,,,,,," 10,000.00 "," 5,167.00 "," 5,167.00 "," 5,167.00 "," 5,167.00 "," 5,167.00 "," 5,167.00 "," 5,167.00 "," 5,167.00 "," 5,167.00 "," 5,167.00 "," 5,167.00 "," 5,167.00 "," 5,167.00 ",,,,,,,,,,,,,," 77,171.00 "," 4,871.00 "," 77,171.00 ",0,14," 5,512.21 "
608,4.Plan de pagos,,,,,,,,,,,," 8,000.00 "," 19,000.00 ",,,," 19,000.00 ",,,,," 19,000.00 ",,," 19,000.00 ",,,," 19,000.00 ",,," 15,393.00 ",,,,,,,,,,,,,,,,,,,,," 118,393.00 ", -   ," 118,393.00 ",0,7," 16,913.29 "
609,4.Plan de pagos,,,,,,,,,,,,,,," 10,000.00 "," 5,693.00 "," 5,693.00 "," 5,693.00 "," 5,693.00 "," 5,693.00 "," 5,693.00 "," 5,693.00 "," 5,693.00 "," 5,693.00 "," 5,693.00 "," 5,693.00 "," 5,693.00 "," 5,693.00 "," 5,693.00 "," 5,693.00 "," 5,693.00 "," 5,693.00 "," 5,693.00 "," 5,687.50 ",,,,,,,,,,,,,,,,,,," 118,161.50 ", -   ," 118,161.50 ",0,20," 5,908.08 "
610,4.Plan de pagos,,,,,,,,,,,," 8,000.00 "," 5,810.00 "," 5,810.00 "," 5,810.00 "," 5,810.00 "," 5,810.00 "," 5,810.00 "," 5,810.00 "," 5,810.00 "," 5,810.00 "," 5,810.00 "," 5,810.00 "," 5,810.00 "," 5,810.00 "," 5,810.00 "," 5,810.00 "," 5,810.00 "," 5,810.00 "," 5,810.00 "," 5,813.00 ",,,,,,,,,,,,,,,,,,,,,," 118,393.00 ", -   ," 118,393.00 ",0,20," 5,919.65 "
611,4.Plan de pagos,,,,,,,,,,,,,,,,,,,,,,,,,," 10,000.00 "," 20,488.00 "," 20,488.00 "," 20,488.00 "," 20,488.00 "," 20,488.00 "," 20,488.00 "," 20,488.00 "," 20,488.00 "," 20,488.00 "," 20,488.00 "," 20,488.00 "," 20,488.00 "," 20,490.70 ",,,,,,,,,,,,,," 276,346.70 "," 138,202.03 "," 276,346.70 ",0,14," 19,739.05 "
612,4.Plan de pagos,,,,," 6,000.00 "," 2,477.00 "," 2,477.00 "," 2,477.00 "," 2,477.00 "," 2,477.00 "," 2,477.00 "," 2,477.00 "," 2,477.00 "," 2,477.00 "," 2,477.00 "," 2,477.00 "," 2,477.00 "," 2,477.00 "," 2,477.00 "," 2,477.00 "," 2,477.00 "," 2,477.00 "," 2,477.00 "," 2,477.00 "," 2,477.00 "," 2,477.00 "," 2,477.00 "," 2,786.38 "," 2,786.38 "," 2,786.38 "," 2,786.38 "," 2,786.38 "," 2,786.38 "," 2,786.38 ",,,,,,,,,,,,,,,,,,," 79,998.66 "," 9,598.66 "," 79,998.66 ",0,30," 2,666.62 "
613,4.Plan de pagos,,,,," 6,000.00 "," 2,415.00 "," 2,415.00 "," 2,415.00 "," 2,415.00 "," 2,415.00 "," 2,415.00 "," 2,415.00 "," 2,415.00 "," 2,415.00 "," 2,415.00 "," 2,415.00 "," 2,415.00 "," 2,415.00 "," 2,415.00 "," 2,415.00 "," 2,415.00 "," 2,415.00 "," 2,415.00 "," 2,415.00 "," 2,415.00 "," 2,415.00 "," 2,415.00 "," 2,415.00 "," 2,415.00 "," 2,415.00 "," 2,425.00 ",,,,,,,,,,,,,,,,,,,,,," 68,800.00 ", -   ," 68,800.00 ",0,27," 2,548.15 "
614,4.Plan de pagos,,,,,,,,,,,,,,,,,,,," 10,000.00 ",,,," 10,000.00 ",,,,," 10,000.00 ",,," 70,000.00 ",," 30,000.00 ",,,," 21,908.40 ",,,,,,,,,,,,,,," 151,908.40 ", -   ," 151,908.40 ",0,6," 25,318.07 "
615,4.Plan de pagos,," 6,500.00 "," 1,000.00 "," 1,000.00 "," 1,000.00 "," 1,000.00 "," 1,000.00 "," 1,000.00 "," 1,000.00 "," 1,000.00 "," 1,000.00 "," 1,000.00 "," 1,000.00 "," 1,000.00 "," 1,000.00 "," 1,000.00 "," 1,000.00 "," 1,000.00 "," 1,000.00 "," 1,000.00 "," 1,000.00 "," 1,000.00 "," 1,000.00 "," 1,000.00 "," 1,000.00 "," 1,000.00 "," 1,000.00 "," 1,000.00 "," 1,000.00 "," 19,318.93 "," 8,431.08 ",,,,,,,,,,,,,,,,,,,,,," 61,250.01 ", -   ," 61,250.01 ",0,30," 2,041.67 "
616,4.Plan de pagos,,,,,,,,,,,,," 8,000.00 "," 4,567.00 "," 4,567.00 "," 4,567.00 "," 4,567.00 "," 4,567.00 "," 4,567.00 "," 4,567.00 "," 4,567.00 "," 4,567.00 "," 4,567.00 "," 4,567.00 "," 4,567.00 "," 4,567.00 "," 4,567.00 "," 4,567.00 "," 4,567.00 "," 4,567.00 "," 4,561.00 ",,,,,,,,,,,,,,,,,,,,,," 90,200.00 ", -   ," 90,200.00 ",0,19," 4,747.37 "
617,4.Plan de pagos,,,,,,,,,,,,,,," 12,800.00 "," 4,000.00 "," 4,000.00 "," 4,000.00 "," 4,000.00 "," 4,000.00 "," 4,000.00 "," 4,000.00 "," 4,000.00 "," 4,000.00 "," 4,000.00 "," 4,000.00 "," 4,000.00 "," 4,000.00 "," 4,000.00 "," 4,000.00 "," 4,000.00 "," 4,000.00 "," 4,000.00 "," 4,000.00 ",,,,,,,,,,,,,,,,,,," 88,800.00 ", -   ," 88,800.00 ",0,20," 4,440.00 "
618,4.Plan de pagos,,,,,,,,,,,,,,,,,,,,,,,,,," 10,000.00 "," 6,000.00 "," 6,000.00 "," 20,388.00 "," 6,000.00 "," 6,000.00 "," 6,000.00 "," 6,000.00 "," 29,980.00 "," 6,000.00 "," 6,000.00 "," 6,000.00 "," 6,000.00 "," 29,981.44 ",,,,,,,,,,,,,," 150,349.44 ", 94.50 ," 150,349.44 ",0,14," 10,739.25 "
619,4.Plan de pagos,,,,,,,,,,,,,,,,,,,,,,,,,,,,,,,,,,,,,,,,,,,,,,,,,,,,, -   ,"-152,919.43 ", -   ,0,0, -   
701,4.Plan de pagos," 6,000.00 "," 3,603.00 "," 3,603.00 "," 3,603.00 "," 3,603.00 "," 3,603.00 "," 3,603.00 "," 3,603.00 "," 3,603.00 "," 3,603.00 "," 3,603.00 "," 3,603.00 "," 3,603.00 "," 3,603.00 "," 3,603.00 "," 3,603.00 "," 3,603.00 "," 3,603.00 "," 3,603.00 "," 3,603.00 "," 3,603.00 "," 3,603.00 "," 3,603.00 "," 3,603.00 "," 3,603.00 "," 3,603.00 "," 3,603.00 "," 3,603.00 "," 3,603.00 "," 3,603.00 "," 3,603.00 "," 3,603.00 "," 3,603.00 "," 3,603.00 "," 3,603.00 "," 3,598.00 ",,,,,,,,,,,,,,,,," 132,100.00 ", -   ," 132,100.00 ",0,36," 3,669.44 "
702,4.Plan de pagos,," 6,000.00 "," 4,428.00 "," 4,428.00 "," 4,428.00 "," 4,428.00 "," 4,428.00 "," 4,428.00 "," 4,428.00 "," 4,428.00 "," 4,428.00 "," 4,428.00 "," 4,428.00 "," 4,428.00 "," 4,428.00 "," 4,428.00 "," 4,428.00 "," 4,428.00 "," 4,428.00 "," 4,428.00 "," 4,428.00 "," 4,428.00 "," 4,428.00 "," 4,428.00 "," 4,428.00 "," 4,428.00 "," 4,428.00 "," 4,428.00 "," 4,428.00 "," 4,428.00 "," 4,416.00 ",,,,,,,,,,,,,,,,,,,,,," 134,400.00 ", -   ," 134,400.00 ",0,30," 4,480.00 "
703,4.Plan de pagos,,,,,,,,,,,,," 8,000.00 "," 4,567.00 "," 4,567.00 "," 4,567.00 "," 4,567.00 "," 4,567.00 "," 4,567.00 "," 4,567.00 "," 4,567.00 "," 4,567.00 "," 4,567.00 "," 4,567.00 "," 4,567.00 "," 4,567.00 "," 4,567.00 "," 4,567.00 "," 4,567.00 "," 4,567.00 "," 4,561.00 ",,,,,,,,,,,,,,,,,,,,,," 90,200.00 ", -   ," 90,200.00 ",0,19," 4,747.37 "
704,4.Plan de pagos,,,,,,,,,,,,,," 8,000.00 "," 4,753.00 "," 4,753.00 "," 4,753.00 "," 4,753.00 "," 4,753.00 "," 4,753.00 "," 4,753.00 "," 4,753.00 "," 4,753.00 "," 4,753.00 "," 4,753.00 "," 4,753.00 "," 4,753.00 "," 4,753.00 "," 4,753.00 "," 4,753.00 "," 4,752.00 ",,,,,,,,,,,,,,,,,,,,,," 88,800.00 ", -   ," 88,800.00 ",0,18," 4,933.33 "
705,4.Plan de pagos,,,,,,,,,,,,,,,,,,,,,,,," 10,000.00 "," 8,647.00 "," 8,647.00 "," 8,647.00 "," 8,647.00 "," 8,647.00 "," 8,647.00 "," 8,647.00 "," 8,647.00 "," 8,647.00 "," 8,647.00 "," 8,647.00 "," 8,647.00 "," 8,647.00 "," 8,647.00 "," 8,643.18 ",,,,,,,,,,,,,," 139,701.18 ", -   ," 139,701.18 ",0,16," 8,731.32 "
706,4.Plan de pagos,,,,,,,,,,,,,,,,,,,,,,,,," 10,000.00 "," 9,307.00 "," 9,307.00 "," 9,307.00 "," 9,307.00 "," 9,307.00 "," 9,307.00 "," 9,307.00 "," 9,307.00 "," 9,307.00 "," 9,307.00 "," 9,307.00 "," 9,307.00 "," 9,307.00 "," 9,301.70 ",,,,,,,,,,,,,," 140,292.70 ", -   ," 140,292.70 ",0,15," 9,352.85 "
707,4.Plan de pagos,,,,,,,,,,,,,,,,,,,,,,,,,," 10,000.00 "," 5,303.00 "," 5,303.00 "," 5,303.00 "," 5,303.00 "," 5,303.00 "," 5,303.00 "," 5,303.00 "," 5,303.00 "," 5,303.00 "," 5,303.00 "," 5,303.00 "," 5,303.00 "," 5,303.00 ",,,,,,,,,,,,,," 78,939.00 "," 6,639.00 "," 78,939.00 ",0,14," 5,638.50 "
708,4.Plan de pagos,,,,,,,,,,," 7,600.00 ",," 19,000.00 ",,,," 19,000.00 ",,,,," 19,000.00 ",,," 19,000.00 ",,,," 19,000.00 ",,," 15,793.00 ",,,,,,,,,,,,,,,,,,,,," 118,393.00 ", -   ," 118,393.00 ",0,7," 16,913.29 "
709,4.Plan de pagos,,,,,,,,,,,,,,,,,,,,,,,,,,,,,,,,,,,,,,,,,,,,,,,,,,,,, -   ,"-138,144.67 ", -   ,0,0, -   
710,4.Plan de pagos,,,,,,,,,,,,,,,,,,,,,,,,,,,,,,,,,,,,,,,,,,,,,,,,,,,,, -   ,"-118,564.04 ", -   ,0,0, -   
711,4.Plan de pagos,,,,,,,,,,,,,,,,,,,,,,,,," 60,000.00 "," 3,782.00 "," 3,782.00 "," 3,782.00 "," 3,782.00 "," 3,782.00 "," 3,782.00 "," 3,782.00 "," 3,782.00 "," 3,782.00 "," 3,782.00 "," 3,782.00 "," 3,782.00 "," 3,782.00 "," 3,782.00 "," 3,782.00 "," 3,782.47 ",,,,,,,,,,,," 120,512.47 "," 2,350.97 "," 120,512.47 ",0,17," 7,088.97 "
712,4.Plan de pagos,,,," 6,000.00 "," 2,385.00 "," 2,385.00 "," 2,385.00 "," 2,385.00 "," 2,385.00 "," 2,385.00 "," 2,385.00 "," 2,385.00 "," 2,385.00 "," 2,385.00 "," 2,385.00 "," 2,385.00 "," 2,385.00 "," 2,385.00 "," 2,385.00 "," 2,385.00 "," 2,385.00 "," 2,385.00 "," 2,385.00 "," 2,385.00 "," 2,385.00 "," 2,385.00 "," 2,385.00 "," 2,385.00 "," 2,385.00 "," 2,385.00 "," 2,390.00 ",,,,,,,,,,,,,,,,,,,,,," 70,400.00 ", -   ," 70,400.00 ",0,28," 2,514.29 "
713,4.Plan de pagos,,,," 6,000.00 "," 2,326.00 "," 2,326.00 "," 2,326.00 "," 2,326.00 "," 2,326.00 "," 2,326.00 "," 2,326.00 "," 2,326.00 "," 2,326.00 "," 2,326.00 "," 2,326.00 "," 2,326.00 "," 2,326.00 "," 2,326.00 "," 2,326.00 "," 2,326.00 "," 2,326.00 "," 2,326.00 "," 2,326.00 "," 2,326.00 "," 2,326.00 "," 2,326.00 "," 2,326.00 "," 2,326.00 "," 2,326.00 "," 2,326.00 "," 2,324.00 ",,,,,,,,,,,,,,,,,,,,,," 68,800.00 ", -   ," 68,800.00 ",0,28," 2,457.14 "
714,4.Plan de pagos,,,,,,,,,,,,,," 8,000.00 "," 7,989.00 "," 7,989.00 "," 7,989.00 "," 7,989.00 "," 7,989.00 "," 7,989.00 "," 7,989.00 "," 7,989.00 "," 7,989.00 "," 7,989.00 "," 7,989.00 "," 7,989.00 "," 7,989.00 "," 7,989.00 "," 7,989.00 "," 7,989.00 "," 7,984.00 ",,,,,,,,,,,,,,,,,,,,,," 143,808.00 ", -   ," 143,808.00 ",0,18," 7,989.33 "
715,4.Plan de pagos," 6,000.00 "," 1,600.00 "," 1,600.00 "," 1,600.00 "," 1,600.00 "," 1,600.00 "," 1,600.00 "," 1,600.00 "," 1,600.00 "," 1,600.00 "," 1,600.00 "," 1,600.00 "," 1,600.00 "," 1,600.00 "," 1,600.00 "," 1,600.00 "," 1,600.00 "," 1,600.00 "," 1,600.00 "," 1,600.00 "," 1,600.00 "," 1,600.00 "," 1,600.00 "," 1,600.00 "," 1,600.00 "," 1,600.00 "," 1,600.00 "," 1,600.00 "," 1,600.00 "," 1,600.00 "," 1,600.00 "," 1,600.00 "," 1,600.00 "," 1,600.00 "," 1,600.00 "," 1,600.00 ",,,,,,,,,,,,,,,,," 62,000.00 ", -   ," 62,000.00 ",0,36," 1,722.22 "
716,4.Plan de pagos,,,,,,,,,,," 8,000.00 "," 4,110.00 "," 4,110.00 "," 4,110.00 "," 4,110.00 "," 4,110.00 "," 4,110.00 "," 4,110.00 "," 4,110.00 "," 4,110.00 "," 4,110.00 "," 4,110.00 "," 4,110.00 "," 4,110.00 "," 4,110.00 "," 4,110.00 "," 4,110.00 "," 4,110.00 "," 4,110.00 "," 4,110.00 "," 4,110.00 ",,,,,,,,,,,,,,,,,,,,,," 90,200.00 ", -   ," 90,200.00 ",0,21," 4,295.24 "
717,4.Plan de pagos,,,,,,,,,,,,,," 8,000.00 "," 4,040.00 "," 4,040.00 "," 4,040.00 "," 4,040.00 "," 4,040.00 "," 4,040.00 "," 4,040.00 "," 4,040.00 "," 4,040.00 "," 4,040.00 "," 4,040.00 "," 4,040.00 "," 4,040.00 "," 4,040.00 "," 4,040.00 "," 4,040.00 "," 4,040.00 "," 4,040.00 "," 4,040.00 "," 4,040.00 ",,,,,,,,,,,,,,,,,,," 88,800.00 ", -   ," 88,800.00 ",0,21," 4,228.57 "
718,4.Plan de pagos,,,,,,,,,,,,,,,,,,,,,,,,,,,,,,,,,,,,,,,,,,,,,,,,,,,,, -   ,"-150,254.94 ", -   ,0,0, -   
719,4.Plan de pagos,,,,,,,,,,,,,,,,,,,,,,,,,,,,,,,,,,,,,,,,,,,,,,,,,,,,, -   ,"-145,637.55 ", -   ,0,0, -   
801,4.Plan de pagos,,,,," 6,000.00 "," 4,200.00 "," 4,200.00 "," 4,200.00 "," 4,200.00 "," 4,200.00 "," 4,200.00 "," 4,200.00 "," 4,200.00 "," 4,200.00 "," 4,200.00 "," 4,200.00 "," 4,200.00 "," 4,200.00 "," 4,200.00 "," 4,200.00 "," 4,200.00 "," 4,200.00 "," 4,200.00 "," 4,200.00 "," 4,200.00 "," 4,200.00 "," 4,200.00 "," 4,200.00 "," 4,200.00 "," 4,200.00 "," 4,200.00 ",,,,,,,,,,,,,,,,,,,,,," 115,200.00 ", -   ," 115,200.00 ",0,27," 4,266.67 "
802,4.Plan de pagos,,,," 6,000.00 "," 4,100.00 "," 4,100.00 "," 4,100.00 "," 4,100.00 "," 4,100.00 "," 4,100.00 "," 4,100.00 "," 4,100.00 "," 4,100.00 "," 4,100.00 "," 4,100.00 "," 4,100.00 "," 4,100.00 "," 4,100.00 "," 4,100.00 "," 4,100.00 "," 4,100.00 "," 4,100.00 "," 4,100.00 "," 4,100.00 "," 4,100.00 "," 4,100.00 "," 4,100.00 "," 4,100.00 "," 4,100.00 "," 4,100.00 "," 4,100.00 ",,,,,,,,,,,,,,,,,,,,,," 116,700.00 ", -   ," 116,700.00 ",0,28," 4,167.86 "
803,4.Plan de pagos," 6,000.00 "," 1,700.00 "," 1,700.00 "," 1,700.00 "," 1,700.00 "," 1,700.00 "," 1,700.00 "," 1,700.00 "," 1,700.00 "," 1,700.00 "," 1,700.00 "," 1,700.00 "," 1,700.00 "," 1,700.00 "," 1,700.00 "," 1,700.00 "," 1,700.00 "," 1,700.00 "," 1,700.00 "," 1,700.00 "," 1,700.00 "," 1,700.00 "," 1,700.00 "," 1,700.00 "," 1,700.00 "," 1,700.00 "," 1,700.00 "," 1,700.00 "," 1,700.00 "," 1,700.00 "," 1,700.00 "," 1,700.00 "," 1,700.00 "," 1,700.00 "," 1,700.00 "," 2,300.00 ",,,,,,,,,,,,,,,,," 66,100.00 ", -   ," 66,100.00 ",0,36," 1,836.11 "
804,4.Plan de pagos,,,," 6,000.00 "," 1,500.00 "," 1,500.00 "," 1,500.00 "," 1,500.00 "," 1,500.00 "," 1,500.00 "," 1,500.00 "," 1,500.00 "," 1,500.00 "," 1,500.00 "," 1,500.00 "," 1,500.00 "," 1,500.00 "," 1,500.00 "," 1,500.00 "," 1,500.00 "," 1,500.00 "," 1,500.00 "," 1,500.00 "," 1,500.00 "," 1,500.00 "," 1,500.00 "," 1,500.00 "," 1,500.00 "," 1,500.00 "," 1,500.00 "," 25,300.00 ",,,,,,,,,,,,,,,,,,,,,," 70,300.00 ", -   ," 70,300.00 ",0,28," 2,510.71 "
805,4.Plan de pagos,,,,,,,,,,,,,,," 8,000.00 "," 4,537.00 "," 4,537.00 "," 4,537.00 "," 4,537.00 "," 4,537.00 "," 4,537.00 "," 4,537.00 "," 4,537.00 "," 4,537.00 "," 4,537.00 "," 4,537.00 "," 4,537.00 "," 4,537.00 "," 4,537.00 "," 4,537.00 "," 4,537.00 "," 4,537.00 "," 4,537.00 "," 4,534.00 ",,,,,,,,,,,,,,,,,,," 94,200.00 ", -   ," 94,200.00 ",0,20," 4,710.00 "
806,4.Plan de pagos,,,,,,,,,,,,,,,,,,," 10,000.00 "," 6,564.00 "," 6,564.00 "," 6,564.00 "," 6,564.00 "," 6,564.00 "," 6,564.00 "," 6,564.00 "," 6,564.00 "," 6,564.00 "," 6,564.00 "," 6,564.00 "," 6,564.00 "," 6,564.00 "," 6,564.00 "," 6,569.00 ",,,,,,,,,,,,,,,,,,," 108,465.00 ", -   ," 108,465.00 ",0,16," 6,779.06 "
807,4.Plan de pagos,,,,,,,,," 5,500.00 "," 2,500.00 "," 2,500.00 "," 2,500.00 "," 2,500.00 "," 2,500.00 "," 2,500.00 "," 2,500.00 "," 12,000.00 "," 2,500.00 "," 2,500.00 "," 2,500.00 "," 2,500.00 "," 12,000.00 "," 2,500.00 "," 2,500.00 "," 2,500.00 "," 2,500.00 "," 2,500.00 "," 2,500.00 "," 12,000.00 "," 3,200.00 "," 3,000.00 ",,,,,,,,,,,,,,,,,,,,,," 90,200.00 ", -   ," 90,200.00 ",0,23," 3,921.74 "
808,4.Plan de pagos,,,,,,,,,,,,," 8,000.00 "," 4,489.00 "," 4,489.00 "," 4,489.00 "," 4,489.00 "," 4,489.00 "," 4,489.00 "," 4,489.00 "," 4,489.00 "," 4,489.00 "," 4,489.00 "," 4,489.00 "," 4,489.00 "," 4,489.00 "," 4,489.00 "," 4,489.00 "," 4,489.00 "," 4,489.00 "," 4,487.00 ",,,,,,,,,,,,,,,,,,,,,," 88,800.00 ", -   ," 88,800.00 ",0,19," 4,673.68 "
809,4.Plan de pagos,,,,,,,,,,,,," 8,000.00 "," 7,283.00 "," 7,283.00 "," 7,283.00 "," 7,283.00 "," 7,283.00 "," 7,283.00 "," 7,283.00 "," 7,283.00 "," 7,283.00 "," 7,283.00 "," 7,283.00 "," 7,283.00 "," 7,283.00 "," 7,283.00 "," 7,283.00 "," 7,283.00 "," 7,283.00 "," 7,289.00 ",,,,,,,,,,,,,,,,,,,,,," 139,100.00 ", -   ," 139,100.00 ",0,19," 7,321.05 "
810,4.Plan de pagos,,,," 6,000.00 "," 1,600.00 "," 1,600.00 "," 1,600.00 "," 1,600.00 "," 1,600.00 "," 6,000.00 "," 1,600.00 "," 1,600.00 "," 1,600.00 "," 1,600.00 "," 1,600.00 "," 1,600.00 "," 6,000.00 "," 1,600.00 "," 1,600.00 "," 1,600.00 "," 1,600.00 "," 6,000.00 "," 1,600.00 "," 1,600.00 "," 1,600.00 "," 1,600.00 "," 1,600.00 "," 1,600.00 "," 6,000.00 "," 1,600.00 "," 4,800.00 ",,,,,,,,,,,,,,,,,,,,,," 70,000.00 ", -   ," 70,000.00 ",0,28," 2,500.00 "
811,4.Plan de pagos,,,,,,,,,,,,,,,,," 10,000.00 "," 854,446.02 ",,,,,,,,,,,,,,,,,,,,,,,,,,,,,,,,,,," 864,446.02 ", -   ," 864,446.02 ",0,2," 432,223.01 "
812,4.Plan de pagos,,,,,,,,,,,,,,,,,," 10,000.00 "," 84,167.10 ",,,,,,,,,,,,,,,,,,,,,,,,,,,,,,,,,," 94,167.10 ", -   ," 94,167.10 ",0,2," 47,083.55 "
813,4.Plan de pagos,,,,,,,,,,,,,,," 8,000.00 "," 4,082.00 "," 4,082.00 "," 4,082.00 "," 4,082.00 "," 4,082.00 ",,," 8,164.00 "," 8,164.00 "," 8,164.00 "," 8,164.00 "," 8,164.00 "," 8,164.00 "," 8,164.00 "," 4,082.00 ",,,,,,,,,,,,,,,,,,,,,,," 89,640.00 ", 7.15 ," 89,640.00 ",0,14," 6,402.86 "
814,4.Plan de pagos,,,,,,,,," 5,500.00 "," 3,768.00 "," 3,768.00 "," 3,768.00 "," 3,768.00 "," 3,768.00 "," 3,768.00 "," 3,768.00 "," 3,768.00 "," 3,768.00 "," 3,768.00 "," 3,768.00 "," 3,768.00 "," 3,768.00 "," 3,768.00 "," 3,768.00 "," 3,768.00 "," 3,768.00 "," 3,768.00 "," 3,768.00 "," 3,768.00 "," 3,768.00 "," 3,772.00 ",,,,,,,,,,,,,,,,,,,,,," 88,400.00 ", -   ," 88,400.00 ",0,23," 3,843.48 "
815,4.Plan de pagos,,,,,,,,,,,," 8,000.00 "," 7,284.00 "," 7,284.00 "," 7,284.00 "," 7,284.00 "," 7,284.00 "," 7,284.00 "," 7,284.00 "," 7,284.00 "," 7,284.00 "," 7,284.00 "," 7,284.00 "," 7,284.00 "," 7,284.00 "," 7,284.00 "," 7,284.00 "," 7,284.00 "," 7,284.00 "," 7,284.00 "," 7,288.00 ",,,,,,,,,,,,,,,,,,,,,," 146,400.00 ", -   ," 146,400.00 ",0,20," 7,320.00 "
816,4.Plan de pagos," 6,000.00 "," 1,700.00 "," 1,700.00 "," 1,700.00 "," 1,700.00 "," 1,700.00 "," 1,700.00 "," 1,700.00 "," 1,700.00 "," 1,700.00 "," 1,700.00 "," 1,700.00 "," 1,700.00 "," 1,700.00 "," 1,700.00 "," 1,700.00 "," 1,700.00 "," 1,700.00 "," 1,700.00 "," 1,700.00 "," 1,700.00 "," 1,700.00 "," 1,700.00 "," 1,700.00 "," 1,700.00 "," 1,700.00 "," 1,700.00 "," 1,700.00 "," 1,700.00 "," 1,700.00 "," 1,700.00 "," 1,700.00 "," 1,700.00 "," 1,700.00 "," 1,700.00 "," 1,400.00 ",,,,,,,,,,,,,,,,," 65,200.00 ", -   ," 65,200.00 ",0,36," 1,811.11 "
817,4.Plan de pagos,," 6,000.00 "," 1,500.00 "," 1,500.00 "," 1,500.00 "," 1,500.00 "," 1,500.00 "," 1,500.00 "," 1,500.00 "," 1,500.00 "," 1,500.00 "," 1,500.00 "," 1,500.00 "," 1,500.00 "," 1,500.00 "," 1,500.00 "," 1,500.00 "," 1,500.00 "," 1,500.00 "," 1,500.00 "," 1,500.00 "," 1,500.00 "," 1,500.00 "," 1,500.00 "," 1,500.00 "," 1,500.00 "," 1,500.00 "," 1,500.00 "," 1,500.00 "," 1,500.00 "," 1,500.00 "," 1,500.00 "," 1,500.00 "," 1,500.00 "," 1,500.00 "," 10,232.30 ",,,,,,,,,,,,,,,,," 65,732.30 ", -   ," 65,732.30 ",0,35," 1,878.07 "
818,4.Plan de pagos,,,,," 6,000.00 "," 2,477.00 "," 2,477.00 "," 2,477.00 "," 2,477.00 "," 2,477.00 "," 2,477.00 "," 2,477.00 "," 2,477.00 "," 2,477.00 "," 2,477.00 "," 2,477.00 "," 2,477.00 "," 2,477.00 "," 2,477.00 "," 2,477.00 "," 2,477.00 "," 2,477.00 "," 2,477.00 "," 2,477.00 "," 2,477.00 "," 2,477.00 "," 2,477.00 "," 2,477.00 "," 2,477.00 "," 2,477.00 "," 2,475.00 ",,,,,,,,,,,,,,,,,,,,,," 70,400.00 ", -   ," 70,400.00 ",0,27," 2,607.41 "
819,4.Plan de pagos,,," 6,000.00 "," 3,200.00 "," 3,200.00 "," 3,200.00 "," 3,200.00 "," 3,200.00 "," 3,200.00 "," 3,200.00 "," 3,200.00 "," 3,200.00 "," 3,200.00 "," 3,200.00 "," 3,200.00 "," 3,200.00 "," 3,200.00 "," 3,200.00 "," 3,200.00 "," 3,200.00 "," 3,200.00 "," 3,200.00 "," 3,200.00 "," 3,200.00 "," 3,200.00 "," 3,200.00 "," 3,200.00 "," 3,200.00 "," 3,200.00 "," 3,200.00 "," 4,400.00 ",,,,,,,,,,,,,,,,,,,,,," 96,800.00 ", -   ," 96,800.00 ",0,29," 3,337.93 "
820,4.Plan de pagos,,,,,,,,,,," 8,000.00 "," 4,557.00 "," 4,557.00 "," 4,557.00 "," 4,557.00 "," 4,557.00 "," 4,557.00 "," 4,557.00 "," 4,557.00 "," 4,557.00 "," 4,557.00 "," 4,557.00 "," 4,557.00 "," 4,557.00 "," 4,557.00 "," 4,557.00 "," 4,557.00 "," 4,557.00 "," 4,557.00 "," 4,557.00 "," 4,549.50 ",,,,,,,,,,,,,,,,,,,,,," 99,132.50 ", -   ," 99,132.50 ",0,21," 4,720.60 "
901,4.Plan de pagos," 6,000.00 "," 2,936.00 "," 2,936.00 "," 2,936.00 "," 2,936.00 "," 2,936.00 "," 2,936.00 "," 2,936.00 "," 2,936.00 "," 2,936.00 "," 2,936.00 "," 2,936.00 "," 2,936.00 "," 2,936.00 "," 2,936.00 "," 2,936.00 "," 2,936.00 "," 2,936.00 "," 2,936.00 "," 2,936.00 "," 2,936.00 "," 2,936.00 "," 2,936.00 "," 2,936.00 "," 2,936.00 "," 2,936.00 "," 2,936.00 "," 2,936.00 "," 2,936.00 "," 2,936.00 "," 2,936.00 "," 2,936.00 "," 2,936.00 "," 2,936.00 "," 2,936.00 "," 2,938.84 ",,,,,,,,,,,,,,,,," 108,762.84 ", -   ," 108,762.84 ",0,36," 3,021.19 "
902,4.Plan de pagos,,,,,,,,,,," 8,000.00 "," 5,584.00 "," 5,584.00 "," 5,584.00 "," 5,584.00 "," 5,584.00 "," 5,584.00 "," 5,584.00 "," 5,584.00 "," 5,584.00 "," 5,584.00 "," 5,584.00 "," 5,584.00 "," 5,584.00 "," 5,584.00 "," 5,584.00 "," 5,584.00 "," 5,584.00 "," 5,584.00 "," 5,584.00 "," 5,574.00 ",,,,,,,,,,,,,,,,,,,,,," 119,670.00 ", -   ," 119,670.00 ",0,21," 5,698.57 "
903,4.Plan de pagos,,," 6,000.00 "," 2,300.00 "," 2,300.00 "," 2,300.00 "," 2,300.00 "," 2,300.00 "," 2,300.00 "," 2,300.00 "," 2,300.00 "," 2,300.00 "," 2,300.00 "," 2,300.00 "," 2,300.00 "," 2,300.00 "," 2,300.00 "," 2,300.00 "," 2,300.00 "," 2,300.00 "," 2,300.00 "," 2,300.00 "," 2,300.00 "," 2,300.00 "," 2,300.00 "," 2,300.00 "," 2,300.00 "," 2,300.00 "," 2,300.00 "," 2,300.00 "," 2,300.00 ",,,,,,,,,,,,,,,,,,,,,," 70,400.00 ", -   ," 70,400.00 ",0,29," 2,427.59 "
904,4.Plan de pagos,,," 6,000.00 "," 2,274.00 "," 2,274.00 "," 2,274.00 "," 2,274.00 "," 2,274.00 "," 2,274.00 "," 2,274.00 "," 2,274.00 "," 2,274.00 "," 2,274.00 "," 2,274.00 "," 2,274.00 "," 2,274.00 "," 2,274.00 "," 2,274.00 "," 2,274.00 "," 2,274.00 "," 2,274.00 "," 2,274.00 "," 2,274.00 "," 2,274.00 "," 2,274.00 "," 2,274.00 "," 2,274.00 "," 2,274.00 "," 2,274.00 "," 2,274.00 "," 2,271.08 ",,,,,,,,,,,,,,,,,,,,,," 69,669.08 ", -   ," 69,669.08 ",0,29," 2,402.38 "
905,4.Plan de pagos,,,,,,,,,,,,,,,," 5,000.00 "," 5,000.00 "," 3,776.00 "," 3,776.00 "," 3,776.00 "," 3,776.00 "," 3,776.00 "," 3,776.00 "," 3,776.00 "," 3,776.00 "," 3,776.00 "," 3,776.00 "," 3,776.00 "," 20,000.00 "," 3,776.00 "," 3,776.00 "," 3,776.00 "," 3,776.00 "," 3,776.00 "," 3,784.00 ",,,,,,,,,,,,,,,,,," 94,200.00 ", -   ," 94,200.00 ",0,20," 4,710.00 "
906,2.Reserva,,,,,,,,,,,,,,,,,,,,,," 8,000.00 "," 6,020.00 "," 6,020.00 "," 6,020.00 "," 6,020.00 "," 6,020.00 "," 6,020.00 "," 6,020.00 "," 6,020.00 "," 6,020.00 "," 6,020.00 "," 6,020.00 "," 6,020.00 "," 6,020.00 "," 6,020.00 "," 6,020.00 "," 6,020.00 "," 6,024.58 ",,,,,,,,,,,,,," 110,344.58 ", -   ," 110,344.58 ",0,18," 6,130.25 "
907,4.Plan de pagos,,,,,,," 10,000.00 ",,,,," 20,050.00 ",,,,,," 20,050.00 ",,,,,," 20,050.00 ",,,,,," 20,050.00 ",,,,,,,,,,,,,,,,,,,,,,," 90,200.00 ", -   ," 90,200.00 ",0,5," 18,040.00 "
908,4.Plan de pagos,,,,,,,,,,," 8,000.00 "," 4,040.00 "," 4,040.00 "," 4,040.00 "," 4,040.00 "," 4,040.00 "," 4,040.00 "," 4,040.00 "," 4,040.00 "," 4,040.00 "," 4,040.00 "," 4,040.00 "," 4,040.00 "," 4,040.00 "," 4,040.00 "," 4,040.00 "," 4,040.00 "," 4,040.00 "," 4,040.00 "," 4,040.00 "," 4,040.00 ",,,,,,,,,,,,,,,,,,,,,," 88,800.00 ", -   ," 88,800.00 ",0,21," 4,228.57 "
909,4.Plan de pagos,,,,," 6,000.00 "," 5,000.00 "," 5,000.00 "," 5,000.00 "," 5,000.00 "," 5,000.00 "," 5,000.00 "," 5,000.00 "," 5,000.00 "," 5,000.00 "," 5,000.00 "," 5,000.00 "," 5,000.00 "," 5,000.00 "," 5,000.00 "," 5,000.00 "," 5,000.00 "," 5,000.00 "," 5,000.00 "," 5,000.00 "," 5,000.00 "," 5,000.00 "," 5,000.00 "," 5,000.00 "," 5,000.00 "," 5,000.00 "," 7,300.00 ",,,,,,,,,,,,,,,,,,,,,," 138,300.00 ", -   ," 138,300.00 ",0,27," 5,122.22 "
910,1.Disponible,,,,,,,,,,,,,,,,,,,,,,,,,,,,,,,,,,,,,,,,,,,,,,,,,,,,, -   ,"-98,258.36 ", -   ,0,0, -   
911,4.Plan de pagos,,,,,,," 8,000.00 "," 4,053.00 "," 4,053.00 "," 4,053.00 "," 4,053.00 "," 4,053.00 "," 4,053.00 "," 4,053.00 "," 4,053.00 "," 4,053.00 "," 4,053.00 "," 4,053.00 "," 4,053.00 "," 4,053.00 "," 4,053.00 "," 4,053.00 "," 4,053.00 "," 4,053.00 "," 4,053.00 "," 4,053.00 "," 4,053.00 "," 4,053.00 "," 4,053.00 "," 4,053.00 "," 4,048.50 ",,,,,,,,,,,,,,,,,,,,,," 105,267.50 ", -   ," 105,267.50 ",0,25," 4,210.70 "
912,4.Plan de pagos,,,,,,,,," 12,062.73 "," 4,062.73 "," 4,062.73 "," 4,062.73 "," 4,062.73 "," 4,062.73 "," 4,062.73 "," 4,062.73 "," 4,062.73 "," 4,062.73 "," 4,062.73 "," 4,062.73 "," 4,062.73 "," 4,062.73 "," 4,062.73 "," 4,062.73 "," 4,062.73 "," 4,062.73 "," 4,062.73 "," 4,062.73 "," 4,062.73 "," 4,062.67 ",,,,,,,,,,,,,,,,,,,,,,," 97,380.00 ", -   ," 97,380.00 ",0,22," 4,426.36 "
913,4.Plan de pagos,,,,,,,,,,,,,," 8,000.00 "," 4,847.00 "," 4,847.00 "," 4,847.00 "," 4,847.00 "," 4,847.00 "," 4,847.00 "," 4,847.00 "," 4,847.00 "," 4,847.00 "," 4,847.00 "," 4,847.00 "," 4,847.00 "," 4,847.00 "," 4,847.00 "," 4,847.00 "," 4,847.00 "," 4,848.00 ",,,,,,,,,,,,,,,,,,,,,," 90,400.00 ", -   ," 90,400.00 ",0,18," 5,022.22 "
914,4.Plan de pagos,,,,,,,,,,," 8,000.00 "," 4,020.00 "," 4,020.00 "," 4,020.00 "," 4,020.00 "," 4,020.00 "," 4,020.00 "," 4,020.00 "," 4,020.00 "," 4,020.00 "," 4,020.00 "," 4,020.00 "," 4,020.00 "," 4,020.00 "," 4,020.00 "," 4,020.00 "," 4,020.00 "," 4,020.00 "," 4,020.00 "," 4,020.00 "," 4,020.00 ",,,,,,,,,,,,,,,,,,,,,," 88,400.00 ", -   ," 88,400.00 ",0,21," 4,209.52 "
915,4.Plan de pagos,,,,,,," 6,000.00 "," 5,208.00 "," 5,208.00 "," 5,208.00 "," 5,208.00 "," 5,208.00 "," 5,208.00 "," 5,208.00 "," 5,208.00 "," 5,208.00 "," 5,208.00 "," 5,208.00 "," 5,208.00 "," 5,208.00 "," 5,208.00 "," 5,208.00 "," 5,208.00 "," 5,208.00 "," 5,208.00 "," 5,208.00 "," 5,208.00 "," 5,208.00 "," 5,208.00 "," 5,208.00 "," 5,213.44 ",,,,,,,,,,,,,,,,,,,,,," 130,997.44 ", -   ," 130,997.44 ",0,25," 5,239.90 "
916,4.Plan de pagos,,," 6,000.00 "," 2,250.00 "," 2,250.00 "," 2,250.00 "," 2,250.00 "," 2,250.00 "," 2,250.00 "," 2,250.00 "," 2,250.00 "," 2,250.00 "," 2,250.00 "," 2,250.00 "," 2,250.00 "," 2,250.00 "," 2,250.00 "," 2,250.00 "," 2,250.00 "," 2,250.00 "," 2,250.00 "," 2,250.00 "," 2,250.00 "," 2,250.00 "," 2,250.00 "," 2,250.00 "," 2,250.00 "," 2,250.00 "," 2,250.00 "," 2,250.00 "," 2,050.00 ",,,,,,,,,,,,,,,,,,,,,," 68,800.00 ", -   ," 68,800.00 ",0,29," 2,372.41 "
917,4.Plan de pagos,,," 6,000.00 "," 2,250.00 "," 2,250.00 "," 2,250.00 "," 2,250.00 "," 2,250.00 "," 2,250.00 "," 2,250.00 "," 2,250.00 "," 2,250.00 "," 2,250.00 "," 2,250.00 "," 2,250.00 "," 2,250.00 "," 2,250.00 "," 2,250.00 "," 2,250.00 "," 2,250.00 "," 2,250.00 "," 2,250.00 "," 2,250.00 "," 2,250.00 "," 2,250.00 "," 2,250.00 "," 2,250.00 "," 2,250.00 "," 2,250.00 "," 2,250.00 "," 3,250.00 ",,,,,,,,,,,,,,,,,,,,,," 70,000.00 ", -   ," 70,000.00 ",0,29," 2,413.79 "
918,4.Plan de pagos,,,,," 6,000.00 "," 2,477.00 "," 2,477.00 "," 2,477.00 "," 2,477.00 "," 2,477.00 "," 2,477.00 "," 2,477.00 "," 2,477.00 "," 2,477.00 "," 2,477.00 "," 2,477.00 "," 2,477.00 "," 2,477.00 "," 2,477.00 "," 2,477.00 "," 2,477.00 "," 2,477.00 "," 2,477.00 "," 2,477.00 "," 2,477.00 "," 2,477.00 "," 2,477.00 "," 2,477.00 "," 2,477.00 "," 2,477.00 "," 2,475.00 ",,,,,,,,,,,,,,,,,,,,,," 70,400.00 ", -   ," 70,400.00 ",0,27," 2,607.41 "
919,4.Plan de pagos," 6,000.00 "," 2,465.00 "," 2,465.00 "," 2,465.00 "," 2,465.00 "," 2,465.00 "," 2,465.00 "," 2,465.00 "," 2,465.00 "," 2,465.00 "," 2,465.00 "," 2,465.00 "," 2,465.00 "," 2,465.00 "," 2,465.00 "," 2,465.00 "," 2,465.00 "," 2,465.00 "," 2,465.00 "," 2,465.00 "," 2,465.00 "," 2,465.00 "," 2,465.00 "," 2,465.00 "," 2,465.00 "," 2,465.00 "," 2,465.00 "," 2,465.00 "," 2,465.00 "," 2,465.00 "," 2,465.00 "," 2,465.00 "," 2,465.00 "," 2,465.00 "," 2,465.00 "," 2,390.00 ",,,,,,,,,,,,,,,,," 92,200.00 ", -   ," 92,200.00 ",0,36," 2,561.11 "
920,4.Plan de pagos,,,,,,,,," 11,859.09 "," 3,859.09 "," 3,859.09 "," 3,859.09 "," 3,859.09 "," 3,859.09 "," 3,859.09 "," 3,859.09 "," 3,859.09 "," 3,859.09 "," 3,859.09 "," 3,859.09 "," 3,859.09 "," 3,859.09 "," 3,859.09 "," 3,859.09 "," 3,859.09 "," 3,859.09 "," 3,859.09 "," 3,859.09 "," 3,859.09 "," 3,859.11 ",,,,,,,,,,,,,,,,,,,,,,," 92,900.00 ", -   ," 92,900.00 ",0,22," 4,222.73 "
1001,4.Plan de pagos,," 6,000.00 "," 3,579.00 "," 3,579.00 "," 3,579.00 "," 3,579.00 "," 3,579.00 "," 3,579.00 "," 3,579.00 "," 3,579.00 "," 3,579.00 "," 3,579.00 "," 3,579.00 "," 3,579.00 "," 3,579.00 "," 3,579.00 "," 3,579.00 "," 3,579.00 "," 3,579.00 "," 3,579.00 "," 3,579.00 "," 3,579.00 "," 3,579.00 "," 3,579.00 "," 3,579.00 "," 3,579.00 "," 3,579.00 "," 3,579.00 "," 3,579.00 "," 3,579.00 "," 3,588.00 ",,,,,,,,,,,,,,,,,,,,,," 109,800.00 ", -   ," 109,800.00 ",0,30," 3,660.00 "
1002,4.Plan de pagos," 6,000.00 "," 6,000.00 "," 6,000.00 "," 6,000.00 "," 6,000.00 "," 6,000.00 "," 6,000.00 "," 6,000.00 "," 6,000.00 "," 6,000.00 "," 6,000.00 "," 6,000.00 "," 6,000.00 "," 6,000.00 "," 6,000.00 "," 6,000.00 "," 6,000.00 "," 6,000.00 "," 6,000.00 "," 6,000.00 "," 6,000.00 "," 6,000.00 "," 6,000.00 "," 6,000.00 "," 6,000.00 "," 6,000.00 "," 6,000.00 "," 6,000.00 "," 6,000.00 "," 6,000.00 "," 6,000.00 "," 6,000.00 "," 6,000.00 "," 6,000.00 "," 6,000.00 "," 6,000.00 ",,,,,,,,,,,,,,,,," 216,000.00 ", -   ," 216,000.00 ",0,36," 6,000.00 "
1003,4.Plan de pagos,,," 6,000.00 "," 2,300.00 "," 2,300.00 "," 2,300.00 "," 2,300.00 "," 2,300.00 "," 2,300.00 "," 2,300.00 "," 2,300.00 "," 2,300.00 "," 2,300.00 "," 2,300.00 "," 2,300.00 "," 2,300.00 "," 2,300.00 "," 2,300.00 "," 2,300.00 "," 2,300.00 "," 2,300.00 "," 2,300.00 "," 2,300.00 "," 2,300.00 "," 2,300.00 "," 2,300.00 "," 2,300.00 "," 2,300.00 "," 2,300.00 "," 2,300.00 "," 2,300.00 ",,,,,,,,,,,,,,,,,,,,,," 70,400.00 ", -   ," 70,400.00 ",0,29," 2,427.59 "
1004,4.Plan de pagos,,," 6,000.00 "," 2,274.00 "," 2,274.00 "," 2,274.00 "," 2,274.00 "," 2,274.00 "," 2,274.00 "," 2,274.00 "," 2,274.00 "," 2,274.00 "," 2,274.00 "," 2,274.00 "," 2,274.00 "," 2,274.00 "," 2,274.00 "," 2,274.00 "," 2,274.00 "," 2,274.00 "," 2,274.00 "," 2,274.00 "," 2,274.00 "," 2,274.00 "," 2,274.00 "," 2,274.00 "," 2,274.00 "," 2,274.00 "," 2,274.00 "," 2,274.00 "," 2,271.08 ",,,,,,,,,,,,,,,,,,,,,," 69,669.08 ", -   ," 69,669.08 ",0,29," 2,402.38 "
1005,4.Plan de pagos,,,," 6,000.00 "," 3,267.00 "," 3,267.00 "," 3,267.00 "," 3,267.00 "," 3,267.00 "," 3,267.00 "," 3,267.00 "," 3,267.00 "," 3,267.00 "," 3,267.00 "," 3,267.00 "," 3,267.00 "," 3,267.00 "," 3,267.00 "," 3,267.00 "," 3,267.00 "," 3,267.00 "," 3,267.00 "," 3,267.00 "," 3,267.00 "," 3,267.00 "," 3,267.00 "," 3,267.00 "," 3,267.00 "," 3,267.00 "," 3,267.00 "," 3,258.00 ",,,,,,,,,,,,,,,,,,,,,," 94,200.00 ", -   ," 94,200.00 ",0,28," 3,364.29 "
1006,4.Plan de pagos,,,,,,,,,,,," 8,000.00 "," 4,547.00 "," 4,547.00 "," 4,547.00 "," 4,547.00 "," 4,547.00 "," 4,547.00 "," 4,547.00 "," 4,547.00 "," 4,547.00 "," 4,547.00 "," 4,547.00 "," 4,547.00 "," 4,547.00 "," 4,547.00 "," 4,547.00 "," 4,547.00 "," 4,547.00 "," 4,547.00 "," 4,554.00 ",,,,,,,,,,,,,,,,,,,,,," 94,400.00 ", -   ," 94,400.00 ",0,20," 4,720.00 "
1007,4.Plan de pagos,,,,,,," 6,000.00 "," 3,508.00 "," 3,508.00 "," 3,508.00 "," 3,508.00 "," 3,508.00 "," 3,508.00 "," 3,508.00 "," 3,508.00 "," 3,508.00 "," 3,508.00 "," 3,508.00 "," 3,508.00 "," 3,508.00 "," 3,508.00 "," 3,508.00 "," 3,508.00 "," 3,508.00 "," 3,508.00 "," 3,508.00 "," 3,508.00 "," 3,508.00 "," 3,508.00 "," 3,508.00 "," 3,516.00 ",,,,,,,,,,,,,,,,,,,,,," 90,200.00 ", -   ," 90,200.00 ",0,25," 3,608.00 "
1008,4.Plan de pagos,,,,,,,,,,,,,," 8,000.00 "," 4,501.00 "," 4,501.00 "," 4,501.00 "," 4,501.00 "," 4,501.00 "," 4,501.00 "," 4,501.00 "," 4,501.00 "," 4,501.00 "," 4,501.00 "," 4,501.00 "," 4,501.00 "," 4,501.00 "," 4,501.00 "," 4,501.00 "," 4,501.00 "," 4,494.00 ",,,,,,,,,,,,,,,,,,,,,," 84,510.00 ", -   ," 84,510.00 ",0,18," 4,695.00 "
1009,4.Plan de pagos,,,,,,,,,,,,,,,,,,,,," 10,000.00 "," 7,894.00 "," 7,894.00 "," 7,894.00 "," 7,894.00 "," 7,894.00 "," 7,894.00 "," 7,894.00 "," 7,894.00 "," 7,894.00 "," 7,894.00 "," 7,894.00 "," 7,894.00 "," 7,894.00 "," 7,894.00 "," 7,894.00 "," 7,894.00 "," 7,894.00 "," 7,886.48 ",,,,,,,,,,,,,," 152,084.48 ", -   ," 152,084.48 ",0,19," 8,004.45 "
1010,4.Plan de pagos,,,,,," 6,000.00 "," 3,156.00 "," 3,156.00 "," 3,156.00 "," 3,156.00 "," 3,156.00 "," 3,156.00 "," 3,156.00 "," 3,156.00 "," 3,156.00 "," 3,156.00 "," 3,156.00 "," 3,156.00 "," 3,156.00 "," 3,156.00 "," 3,156.00 "," 3,156.00 "," 3,156.00 "," 3,156.00 "," 3,156.00 "," 3,156.00 "," 3,156.00 "," 3,156.00 "," 3,156.00 "," 3,156.00 "," 3,156.00 ",,,,,,,,,,,,,,,,,,,,,," 84,900.00 ", -   ," 84,900.00 ",0,26," 3,265.38 "
1011,4.Plan de pagos," 6,000.00 "," 3,050.00 "," 3,050.00 "," 3,050.00 "," 3,050.00 "," 3,050.00 "," 3,050.00 "," 3,050.00 "," 3,050.00 "," 3,050.00 "," 3,050.00 "," 3,050.00 "," 3,050.00 "," 3,050.00 "," 3,050.00 "," 3,050.00 "," 3,050.00 "," 3,050.00 "," 3,050.00 "," 3,050.00 "," 3,050.00 "," 3,050.00 "," 3,050.00 "," 3,050.00 "," 3,050.00 "," 3,050.00 "," 3,050.00 "," 3,050.00 "," 3,050.00 "," 3,050.00 "," 3,050.00 "," 3,050.00 "," 3,050.00 "," 3,050.00 "," 3,050.00 "," 3,525.00 ",,,,,,,,,,,,,,,,," 113,225.00 ", -   ," 113,225.00 ",0,36," 3,145.14 "
1012,4.Plan de pagos,,,,,,,,," 12,062.73 "," 4,062.73 "," 4,062.73 "," 4,062.73 "," 4,062.73 "," 4,062.73 "," 4,062.73 "," 4,062.73 "," 4,062.73 "," 4,062.73 "," 4,062.73 "," 4,062.73 "," 4,062.73 "," 4,062.73 "," 4,062.73 "," 4,062.73 "," 4,062.73 "," 4,062.73 "," 4,062.73 "," 4,062.73 "," 4,062.73 "," 4,062.67 ",,,,,,,,,,,,,,,,,,,,,,," 97,380.00 ", -   ," 97,380.00 ",0,22," 4,426.36 "
1013,4.Plan de pagos,,,,,,," 6,000.00 "," 3,517.00 "," 3,517.00 "," 3,517.00 "," 3,517.00 "," 3,517.00 "," 3,517.00 "," 3,517.00 "," 3,517.00 "," 3,517.00 "," 3,517.00 "," 3,517.00 "," 3,517.00 "," 3,517.00 "," 3,517.00 "," 3,517.00 "," 3,517.00 "," 3,517.00 "," 3,517.00 "," 3,517.00 "," 3,517.00 "," 3,517.00 "," 3,517.00 "," 3,517.00 "," 3,509.00 ",,,,,,,,,,,,,,,,,,,,,," 90,400.00 ", -   ," 90,400.00 ",0,25," 3,616.00 "
1014,4.Plan de pagos,,,," 6,000.00 "," 3,052.00 "," 3,052.00 "," 3,052.00 "," 3,052.00 "," 3,052.00 "," 3,052.00 "," 3,052.00 "," 3,052.00 "," 3,052.00 "," 3,052.00 "," 3,052.00 "," 3,052.00 "," 3,052.00 "," 3,052.00 "," 3,052.00 "," 3,052.00 "," 3,052.00 "," 3,052.00 "," 3,052.00 "," 3,052.00 "," 3,052.00 "," 3,052.00 "," 3,052.00 "," 3,052.00 "," 3,052.00 "," 3,052.00 "," 3,048.00 ",,,,,,,,,,,,,,,,,,,,,," 88,400.00 ", -   ," 88,400.00 ",0,28," 3,157.14 "
1015,4.Plan de pagos,," 6,000.00 "," 4,393.00 "," 4,393.00 "," 4,393.00 "," 4,393.00 "," 4,393.00 "," 4,393.00 "," 4,393.00 "," 4,393.00 "," 4,393.00 "," 4,393.00 "," 4,393.00 "," 4,393.00 "," 4,393.00 "," 4,393.00 "," 4,393.00 "," 4,393.00 "," 4,393.00 "," 4,393.00 "," 4,393.00 "," 4,393.00 "," 4,393.00 "," 4,393.00 "," 4,393.00 "," 4,393.00 "," 4,393.00 "," 4,393.00 "," 4,393.00 "," 4,393.00 "," 4,356.00 ",,,,,,,,,,,,,,,,,,,,,," 133,360.00 ", -   ," 133,360.00 ",0,30," 4,445.33 "
1016,4.Plan de pagos,," 6,000.00 "," 2,000.00 "," 2,000.00 "," 2,000.00 "," 2,000.00 "," 2,000.00 "," 2,000.00 "," 2,000.00 "," 2,000.00 "," 2,000.00 "," 2,000.00 "," 2,000.00 "," 2,000.00 "," 2,000.00 "," 2,000.00 "," 2,000.00 "," 2,000.00 "," 2,000.00 "," 2,000.00 "," 2,000.00 "," 2,000.00 "," 2,000.00 "," 2,000.00 "," 2,000.00 "," 2,000.00 "," 2,000.00 "," 2,000.00 "," 2,000.00 "," 2,000.00 "," 3,200.00 ",,,,,,,,,,,,,,,,,,,,,," 65,200.00 ", -   ," 65,200.00 ",0,30," 2,173.33 "
1017,4.Plan de pagos,," 6,000.00 "," 2,000.00 "," 2,000.00 "," 2,000.00 "," 2,000.00 "," 2,000.00 "," 2,000.00 "," 2,000.00 "," 2,000.00 "," 2,000.00 "," 2,000.00 "," 2,000.00 "," 2,000.00 "," 2,000.00 "," 2,000.00 "," 2,000.00 "," 2,000.00 "," 2,000.00 "," 2,000.00 "," 2,000.00 "," 2,000.00 "," 2,000.00 "," 2,000.00 "," 2,000.00 "," 2,000.00 "," 2,000.00 "," 2,000.00 "," 2,000.00 "," 2,000.00 "," 4,400.00 ",,,,,,,,,,,,,,,,,,,,,," 66,400.00 ", -   ," 66,400.00 ",0,30," 2,213.33 "
1018,4.Plan de pagos,,,,," 69,127.17 ",,,,,,,,,,,,,,,,,,,,,,,,,,,,,,,,,,,,,,,,,,,,,,,," 69,127.17 ", -   ," 69,127.17 ",0,1," 69,127.17 "
1019,4.Plan de pagos,,,,,,,,,,,,,,,,,,,,,,,,,,,,,," 10,000.00 "," 8,750.00 "," 8,750.00 "," 8,750.00 "," 8,750.00 "," 8,750.00 "," 8,750.00 "," 8,750.00 "," 8,750.00 "," 8,750.00 "," 8,750.00 ",,,,,,,,,,,,," 97,500.00 ","-57,068.92 "," 97,500.00 ",0,11," 8,863.64 "
1020,2. Reserva,,,,,,,,,,,,,,,,,,,,,,,,,,,,,,,,,,,,,,,,,,,,,,,,,,,,, -   ,"-125,997.37 ", -   ,0,0, -   
1101,4.Plan de pagos,,,,,,,,,,,,," 8,000.00 "," 6,094.00 "," 6,094.00 "," 6,094.00 "," 6,094.00 "," 6,094.00 "," 6,094.00 "," 6,094.00 "," 6,094.00 "," 6,094.00 "," 6,094.00 "," 6,094.00 "," 6,094.00 "," 6,094.00 "," 6,094.00 "," 6,094.00 "," 6,094.00 "," 6,094.00 "," 6,102.00 ",,,,,,,,,,,,,,,,,,,,,," 117,700.00 ", -   ," 117,700.00 ",0,19," 6,194.74 "
1102,4.Plan de pagos,," 6,000.00 "," 3,215.00 "," 3,215.00 "," 3,215.00 "," 3,215.00 "," 3,215.00 "," 3,215.00 "," 3,215.00 "," 3,215.00 "," 3,215.00 "," 3,215.00 "," 3,215.00 "," 3,215.00 "," 3,215.00 "," 3,215.00 "," 3,215.00 "," 3,215.00 "," 3,215.00 "," 3,215.00 "," 3,215.00 "," 3,215.00 "," 3,215.00 "," 3,215.00 "," 3,215.00 "," 3,215.00 "," 3,215.00 "," 3,215.00 "," 3,215.00 "," 3,215.00 "," 3,215.00 "," 3,215.00 "," 3,215.00 "," 3,215.00 "," 3,215.00 "," 3,205.00 ",,,,,,,,,,,,,,,,," 115,300.00 ", -   ," 115,300.00 ",0,35," 3,294.29 "
1103,4.Plan de pagos,,," 6,000.00 "," 6,225.00 "," 6,225.00 "," 6,225.00 "," 6,225.00 "," 6,225.00 "," 6,225.00 "," 6,225.00 "," 6,225.00 "," 6,225.00 "," 6,225.00 "," 6,225.00 "," 6,225.00 "," 6,225.00 "," 6,225.00 "," 6,225.00 "," 6,225.00 "," 6,225.00 "," 6,225.00 "," 6,225.00 "," 6,225.00 "," 6,225.00 "," 6,225.00 "," 6,225.00 "," 6,225.00 "," 6,225.00 "," 6,225.00 "," 6,225.00 "," 6,225.00 ",,,,,,,,,,,,,,,,,,,,,," 180,300.00 ", -   ," 180,300.00 ",0,29," 6,217.24 "
1104,4.Plan de pagos,,,,,,,,,,,," 8,000.00 "," 4,253.00 "," 4,253.00 "," 4,253.00 "," 4,253.00 "," 4,253.00 "," 4,253.00 "," 4,253.00 "," 4,253.00 "," 4,253.00 "," 4,253.00 "," 4,253.00 "," 4,253.00 "," 4,253.00 "," 4,253.00 "," 4,253.00 "," 4,253.00 "," 4,253.00 "," 4,253.00 "," 4,246.00 ",,,,,,,,,,,,,,,,,,,,,," 88,800.00 ", -   ," 88,800.00 ",0,20," 4,440.00 "
1105,4.Plan de pagos," 15,000.00 "," 1,000.00 "," 1,000.00 "," 1,000.00 "," 1,000.00 "," 1,000.00 "," 1,000.00 "," 1,000.00 "," 1,000.00 "," 1,000.00 "," 1,000.00 "," 1,000.00 "," 1,000.00 "," 1,000.00 "," 1,000.00 "," 1,000.00 "," 1,000.00 "," 1,000.00 "," 1,000.00 "," 1,000.00 "," 1,000.00 "," 1,000.00 "," 1,000.00 "," 1,000.00 "," 1,000.00 "," 1,000.00 "," 1,000.00 "," 1,000.00 "," 1,000.00 "," 1,000.00 "," 1,000.00 "," 1,000.00 "," 1,000.00 "," 1,000.00 "," 1,000.00 "," 16,892.70 ",,,,,,,,,,,,,,,,," 65,892.70 ", -   ," 65,892.70 ",0,36," 1,830.35 "
1106,4.Plan de pagos,," 12,000.00 "," 1,869.00 "," 1,869.00 "," 1,869.00 "," 1,869.00 "," 1,869.00 "," 1,869.00 "," 1,869.00 "," 1,869.00 "," 1,869.00 "," 1,869.00 "," 1,869.00 "," 1,869.00 "," 1,869.00 "," 1,869.00 "," 1,869.00 "," 1,869.00 "," 1,869.00 "," 1,869.00 "," 1,869.00 "," 1,869.00 "," 1,869.00 "," 1,869.00 "," 1,869.00 "," 1,869.00 "," 1,869.00 "," 1,869.00 "," 1,869.00 "," 1,869.00 "," 1,868.00 ",,,,,,,,,,,,,,,,,,,,,," 66,200.00 ", -   ," 66,200.00 ",0,30," 2,206.67 "
1107,4.Plan de pagos,,,,,," 6,000.00 "," 2,501.00 "," 2,501.00 "," 2,501.00 "," 2,501.00 "," 2,501.00 "," 2,501.00 "," 2,501.00 "," 2,501.00 "," 2,501.00 "," 2,501.00 "," 2,501.00 "," 2,501.00 "," 2,501.00 "," 2,501.00 "," 2,501.00 "," 2,501.00 "," 2,501.00 "," 2,501.00 "," 2,501.00 "," 2,501.00 "," 2,501.00 "," 2,501.00 "," 2,501.00 "," 2,501.00 "," 2,496.00 ",,,,,,,,,,,,,,,,,,,,,," 68,520.00 ", -   ," 68,520.00 ",0,26," 2,635.38 "
1108,4.Plan de pagos,,,,,,,,,,,,,,,,,,,,,,,,,,,,,,,,,,,,,,,,,,,,,,,,,,,,, -   ,"-110,138.98 ", -   ,0,0, -   
1109,4.Plan de pagos,,,,,,,,,," 5,500.00 "," 5,371.00 "," 5,371.00 "," 5,371.00 "," 5,371.00 "," 5,371.00 "," 5,371.00 "," 5,371.00 "," 5,371.00 "," 5,371.00 "," 5,371.00 "," 5,371.00 "," 5,371.00 "," 5,371.00 "," 5,371.00 "," 5,371.00 "," 5,371.00 "," 5,371.00 "," 5,371.00 "," 5,371.00 "," 5,371.00 "," 5,365.73 ",,,,,,,,,,,,,,,,,,,,,," 118,285.73 ", -   ," 118,285.73 ",0,22," 5,376.62 "
1110,4.Plan de pagos,,,,,," 6,000.00 "," 3,954.00 "," 3,954.00 "," 3,954.00 "," 3,954.00 "," 3,954.00 "," 3,954.00 "," 3,954.00 "," 3,954.00 "," 3,954.00 "," 3,954.00 "," 3,954.00 "," 3,954.00 "," 3,954.00 "," 3,954.00 "," 3,954.00 "," 3,954.00 "," 3,954.00 "," 3,954.00 "," 3,954.00 "," 3,954.00 "," 3,954.00 "," 3,954.00 "," 3,954.00 "," 3,954.00 "," 3,954.00 "," 3,954.00 "," 3,954.00 "," 3,942.00 ",,,,,,,,,,,,,,,,,,," 116,700.00 ", -   ," 116,700.00 ",0,29," 4,024.14 "
1111,4.Plan de pagos,,,,,,,,,,,," 8,000.00 "," 5,863.00 "," 5,863.00 "," 5,863.00 "," 5,863.00 "," 5,863.00 "," 5,863.00 "," 5,863.00 "," 5,863.00 "," 5,863.00 "," 5,863.00 "," 5,863.00 "," 5,863.00 "," 5,863.00 "," 5,863.00 "," 5,863.00 "," 5,863.00 "," 5,863.00 "," 5,863.00 "," 5,868.50 ",,,,,,,,,,,,,,,,,,,,,," 119,402.50 ", -   ," 119,402.50 ",0,20," 5,970.13 "
1112,4.Plan de pagos,,,," 75,062.72 "," 22,799.00 "," 22,799.00 "," 22,799.00 "," 22,799.00 "," 22,799.00 "," 22,799.00 "," 22,799.00 "," 22,799.00 "," 22,799.00 "," 22,799.00 "," 22,799.00 "," 22,799.00 "," 22,799.00 "," 22,799.00 "," 22,799.00 "," 22,799.00 "," 22,799.00 "," 22,799.00 "," 22,799.00 "," 22,799.00 "," 22,799.00 "," 22,799.00 "," 22,799.00 "," 22,799.00 "," 22,799.00 "," 22,799.00 "," 22,790.45 ",,,,,,,,,,,,,,,,,,,,,," 690,627.17 ", -   ," 690,627.17 ",0,28," 24,665.26 "
1113,4.Plan de pagos,," 6,000.00 "," 2,000.00 "," 2,000.00 "," 2,000.00 "," 2,000.00 "," 2,000.00 "," 2,000.00 "," 2,000.00 "," 2,000.00 "," 2,000.00 "," 2,000.00 "," 2,000.00 "," 2,000.00 "," 2,000.00 "," 2,000.00 "," 2,000.00 "," 2,000.00 "," 2,000.00 "," 2,000.00 "," 2,000.00 "," 2,000.00 "," 2,000.00 "," 2,000.00 "," 2,000.00 "," 2,000.00 "," 2,000.00 "," 2,000.00 "," 2,000.00 "," 2,000.00 "," 2,639.00 ",,,,,,,,,,,,,,,,,,,,,," 64,639.00 ", -   ," 64,639.00 ",0,30," 2,154.63 "
1114,4.Plan de pagos,,,,,,,,,,,,," 8,000.00 "," 3,684.00 "," 3,684.00 "," 3,684.00 "," 3,684.00 "," 3,684.00 "," 3,684.00 "," 3,684.00 "," 3,684.00 "," 3,684.00 "," 3,684.00 "," 3,684.00 "," 3,684.00 "," 3,684.00 "," 3,684.00 "," 3,684.00 "," 3,684.00 "," 3,684.00 "," 3,684.00 "," 3,684.00 "," 3,684.00 "," 3,674.52 ",,,,,,,,,,,,,,,,,,," 85,354.52 "," 7,368.00 "," 85,354.52 ",0,22," 3,879.75 "
1115,4.Plan de pagos,,,,,,,,,,,,,,,,,,,,,,,,,," 10,000.00 "," 8,025.00 "," 8,025.00 "," 8,025.00 "," 8,025.00 "," 8,025.00 "," 8,025.00 "," 8,025.00 "," 8,025.00 "," 8,025.00 "," 8,025.00 "," 8,025.00 "," 8,025.00 "," 8,030.20 ",,,,,,,,,,,,,," 114,330.20 ", 67.18 ," 114,330.20 ",0,14," 8,166.44 "
1116,4.Plan de pagos,,,,,,,,,,,," 8,000.00 "," 4,253.00 "," 4,253.00 "," 4,253.00 "," 4,253.00 "," 4,253.00 "," 4,253.00 "," 4,253.00 "," 4,253.00 "," 4,253.00 "," 4,253.00 "," 4,253.00 "," 4,253.00 "," 4,253.00 "," 4,253.00 "," 4,253.00 "," 4,253.00 "," 4,253.00 "," 4,253.00 "," 4,246.00 ",,,,,,,,,,,,,,,,,,,,,," 88,800.00 ", -   ," 88,800.00 ",0,20," 4,440.00 "
1117,4.Plan de pagos,,,,,,,,,," 5,500.00 "," 5,292.00 "," 5,292.00 "," 5,292.00 "," 5,292.00 "," 5,292.00 "," 5,292.00 "," 5,292.00 "," 5,292.00 "," 5,292.00 "," 5,292.00 "," 5,292.00 "," 5,292.00 "," 5,292.00 "," 5,292.00 "," 5,292.00 "," 5,292.00 "," 5,292.00 "," 5,292.00 "," 5,292.00 "," 5,292.00 "," 5,294.22 ",,,,,,,,,,,,,,,,,,,,,," 116,634.22 ", -   ," 116,634.22 ",0,22," 5,301.56 "
1118,4.Plan de pagos,,,,,,,,,,,,,,,," 10,000.00 "," 6,006.00 "," 6,006.00 "," 6,006.00 "," 6,006.00 "," 6,006.00 "," 6,006.00 "," 6,006.00 "," 6,006.00 "," 6,006.00 "," 6,006.00 "," 6,006.00 "," 6,006.00 "," 6,006.00 "," 6,006.00 "," 6,006.00 "," 6,006.00 "," 6,006.00 "," 5,998.00 ",,,,,,,,,,,,,,,,,,," 118,100.00 ", -   ," 118,100.00 ",0,19," 6,215.79 "
1201,4.Plan de pagos,,,,,,,,,,,,,,,," 10,000.00 "," 6,411.00 "," 6,411.00 "," 6,411.00 "," 6,411.00 "," 6,411.00 "," 6,411.00 "," 6,411.00 "," 6,411.00 "," 6,411.00 "," 6,411.00 "," 6,411.00 "," 6,411.00 "," 6,411.00 "," 6,411.00 "," 6,411.00 "," 6,411.00 "," 6,411.00 "," 6,413.00 ",,,,,,,,,,,,,,,,,,," 125,400.00 ", -   ," 125,400.00 ",0,19," 6,600.00 "
1202,4.Plan de pagos,,,,,,,,,,,," 8,000.00 "," 6,242.00 "," 6,242.00 "," 6,242.00 "," 6,242.00 "," 6,242.00 "," 6,242.00 "," 6,242.00 "," 6,242.00 "," 6,242.00 "," 6,242.00 "," 6,242.00 "," 6,242.00 "," 6,242.00 "," 6,242.00 "," 6,242.00 "," 6,242.00 "," 6,242.00 "," 6,242.00 "," 6,244.00 ",,,,,,,,,,,,,,,,,,,,,," 126,600.00 ", -   ," 126,600.00 ",0,20," 6,330.00 "
1203,4.Plan de pagos,,,,,," 6,000.00 "," 3,368.00 "," 3,368.00 "," 3,368.00 "," 3,368.00 "," 3,368.00 "," 3,368.00 "," 3,368.00 "," 3,368.00 "," 3,368.00 "," 3,368.00 "," 3,368.00 "," 3,368.00 "," 3,368.00 "," 3,368.00 "," 3,368.00 "," 3,368.00 "," 3,368.00 "," 3,368.00 "," 3,368.00 "," 3,368.00 "," 3,368.00 "," 3,368.00 "," 3,368.00 "," 3,368.00 "," 3,368.00 ",,,,,,,,,,,,,,,,,,,,,," 90,200.00 ", -   ," 90,200.00 ",0,26," 3,469.23 "
1204,4.Plan de pagos,,,,,,,,,,,," 8,000.00 "," 4,253.00 "," 4,253.00 "," 4,253.00 "," 4,253.00 "," 4,253.00 "," 4,253.00 "," 4,253.00 "," 4,253.00 "," 4,253.00 "," 4,253.00 "," 4,253.00 "," 4,253.00 "," 4,253.00 "," 4,253.00 "," 4,253.00 "," 4,253.00 "," 4,253.00 "," 4,253.00 "," 4,246.00 ",,,,,,,,,,,,,,,,,,,,,," 88,800.00 ", -   ," 88,800.00 ",0,20," 4,440.00 "
1205,4.Plan de pagos," 6,000.00 "," 1,726.00 "," 1,726.00 "," 1,726.00 "," 1,726.00 "," 1,726.00 "," 1,726.00 "," 1,726.00 "," 1,726.00 "," 1,726.00 "," 1,726.00 "," 1,726.00 "," 1,726.00 "," 1,726.00 "," 1,726.00 "," 1,726.00 "," 1,726.00 "," 1,726.00 "," 1,726.00 "," 1,726.00 "," 1,726.00 "," 1,726.00 "," 1,726.00 "," 1,726.00 "," 1,726.00 "," 1,726.00 "," 1,726.00 "," 1,726.00 "," 1,726.00 "," 1,726.00 "," 1,726.00 "," 1,726.00 "," 1,726.00 "," 1,726.00 "," 1,726.00 "," 1,716.00 ",,,,,,,,,,,,,,,,," 66,400.00 ", -   ," 66,400.00 ",0,36," 1,844.44 "
1206,4.Plan de pagos,,," 6,000.00 "," 2,254.00 "," 2,254.00 "," 2,254.00 "," 2,254.00 "," 2,254.00 "," 2,254.00 "," 2,254.00 "," 2,254.00 "," 2,254.00 "," 2,254.00 "," 2,254.00 "," 2,254.00 "," 2,254.00 "," 2,254.00 "," 2,254.00 "," 2,254.00 "," 2,254.00 "," 2,254.00 "," 2,254.00 "," 2,254.00 "," 2,254.00 "," 2,254.00 "," 2,254.00 "," 2,254.00 "," 2,254.00 "," 2,254.00 "," 2,254.00 "," 2,260.49 ",,,,,,,,,,,,,,,,,,,,,," 69,118.49 ", -   ," 69,118.49 ",0,29," 2,383.40 "
1207,4.Plan de pagos," 6,000.00 "," 1,500.00 "," 1,500.00 "," 1,500.00 "," 1,500.00 "," 1,500.00 "," 1,500.00 "," 1,500.00 "," 1,500.00 "," 1,500.00 "," 1,500.00 "," 1,500.00 "," 1,500.00 "," 1,500.00 "," 1,500.00 "," 1,500.00 "," 1,500.00 "," 1,500.00 "," 1,500.00 "," 1,500.00 "," 1,500.00 "," 1,500.00 "," 1,500.00 "," 1,500.00 "," 1,500.00 "," 1,500.00 "," 1,500.00 "," 1,500.00 "," 1,500.00 "," 1,500.00 "," 1,500.00 "," 1,500.00 "," 1,500.00 "," 1,500.00 "," 1,500.00 "," 10,932.00 ",,,,,,,,,,,,,,,,," 67,932.00 ", -   ," 67,932.00 ",0,36," 1,887.00 "
1208,4.Plan de pagos,," 6,000.00 "," 3,624.00 "," 3,624.00 "," 3,624.00 "," 3,624.00 "," 3,624.00 "," 3,624.00 "," 3,624.00 "," 3,624.00 "," 3,624.00 "," 3,624.00 "," 3,624.00 "," 3,624.00 "," 3,624.00 "," 3,624.00 "," 3,624.00 "," 3,624.00 "," 3,624.00 "," 3,624.00 "," 3,624.00 "," 3,624.00 "," 3,624.00 "," 3,624.00 "," 3,624.00 "," 3,624.00 "," 3,624.00 "," 3,624.00 "," 3,624.00 "," 3,624.00 "," 3,628.00 ",,,,,,,,,,,,,,,,,,,,,," 111,100.00 ", -   ," 111,100.00 ",0,30," 3,703.33 "
1209,4.Plan de pagos," 6,000.00 "," 2,997.00 "," 2,997.00 "," 2,997.00 "," 2,997.00 "," 2,997.00 "," 2,997.00 "," 2,997.00 "," 2,997.00 "," 2,997.00 "," 2,997.00 "," 2,997.00 "," 2,997.00 "," 2,997.00 "," 2,997.00 "," 2,997.00 "," 2,997.00 "," 2,997.00 "," 2,997.00 "," 2,997.00 "," 2,997.00 "," 2,997.00 "," 2,997.00 "," 2,997.00 "," 2,997.00 "," 2,997.00 "," 2,997.00 "," 2,997.00 "," 2,997.00 "," 2,997.00 "," 2,997.00 "," 2,997.00 "," 2,997.00 "," 2,997.00 "," 2,997.00 "," 3,002.00 ",,,,,,,,,,,,,,,,," 110,900.00 ", -   ," 110,900.00 ",0,36," 3,080.56 "
1210,4.Plan de pagos,," 6,000.00 "," 3,624.00 "," 3,624.00 "," 3,624.00 "," 3,624.00 "," 3,624.00 "," 3,624.00 "," 3,624.00 "," 3,624.00 "," 3,624.00 "," 3,624.00 "," 3,624.00 "," 3,624.00 "," 3,624.00 "," 3,624.00 "," 3,624.00 "," 3,624.00 "," 3,624.00 "," 3,624.00 "," 3,624.00 "," 3,624.00 "," 3,624.00 "," 3,624.00 "," 3,624.00 "," 3,624.00 "," 3,624.00 "," 3,624.00 "," 3,624.00 "," 3,624.00 "," 3,628.00 ",,,,,,,,,,,,,,,,,,,,,," 111,100.00 ", -   ," 111,100.00 ",0,30," 3,703.33 "
1211,4.Plan de pagos,,,,,,,,," 5,500.00 "," 5,177.00 "," 5,177.00 "," 5,177.00 "," 5,177.00 "," 5,177.00 "," 5,177.00 "," 5,177.00 "," 5,177.00 "," 5,177.00 "," 5,177.00 "," 5,177.00 "," 5,177.00 "," 5,177.00 "," 5,177.00 "," 5,177.00 "," 5,177.00 "," 5,177.00 "," 5,177.00 "," 5,177.00 "," 5,177.00 "," 5,177.00 "," 5,185.50 ",,,,,,,,,,,,,,,,,,,,,," 119,402.50 ", -   ," 119,402.50 ",0,23," 5,191.41 "
1212,4.Plan de pagos,," 6,000.00 "," 2,000.00 "," 2,000.00 "," 2,000.00 "," 2,000.00 "," 2,000.00 "," 2,000.00 "," 2,000.00 "," 2,000.00 "," 2,000.00 "," 2,000.00 "," 2,000.00 "," 2,000.00 "," 2,000.00 "," 2,000.00 "," 2,000.00 "," 2,000.00 "," 2,000.00 "," 2,000.00 "," 2,000.00 "," 2,000.00 "," 2,000.00 "," 2,000.00 "," 2,000.00 "," 2,000.00 "," 2,000.00 "," 2,000.00 "," 2,000.00 "," 2,000.00 "," 4,700.00 ",,,,,,,,,,,,,,,,,,,,,," 66,700.00 ", -   ," 66,700.00 ",0,30," 2,223.33 "
1213,4.Plan de pagos,," 6,000.00 "," 2,000.00 "," 2,000.00 "," 2,000.00 "," 2,000.00 "," 2,000.00 "," 2,000.00 "," 2,000.00 "," 2,000.00 "," 2,000.00 "," 2,000.00 "," 2,000.00 "," 2,000.00 "," 2,000.00 "," 2,000.00 "," 2,000.00 "," 2,000.00 "," 2,000.00 "," 2,000.00 "," 2,000.00 "," 2,000.00 "," 2,000.00 "," 2,000.00 "," 2,000.00 "," 2,000.00 "," 2,000.00 "," 2,000.00 "," 2,000.00 "," 2,000.00 "," 2,639.00 ",,,,,,,,,,,,,,,,,,,,,," 64,639.00 ", -   ," 64,639.00 ",0,30," 2,154.63 "
1214,4.Plan de pagos,,,," 6,000.00 "," 2,693.00 "," 2,693.00 "," 2,693.00 "," 2,693.00 "," 2,693.00 "," 2,693.00 "," 2,693.00 "," 2,693.00 "," 2,693.00 "," 2,693.00 "," 2,693.00 "," 2,693.00 "," 2,693.00 "," 2,693.00 "," 2,693.00 "," 2,693.00 "," 2,693.00 "," 2,693.00 "," 2,693.00 "," 2,693.00 "," 2,693.00 "," 2,693.00 "," 2,693.00 "," 2,693.00 "," 2,693.00 "," 2,693.00 "," 2,682.00 ",,,,,,,,,,,,,,,,,,,,,," 78,700.00 ", -   ," 78,700.00 ",0,28," 2,810.71 "
1215,4.Plan de pagos,," 6,000.00 "," 2,755.00 "," 2,755.00 "," 2,755.00 "," 2,755.00 "," 2,755.00 "," 2,755.00 "," 2,755.00 "," 2,755.00 "," 2,755.00 "," 2,755.00 "," 2,755.00 "," 2,755.00 "," 2,755.00 "," 2,755.00 "," 2,755.00 "," 2,755.00 "," 2,755.00 "," 2,755.00 "," 2,755.00 "," 2,755.00 "," 2,755.00 "," 2,755.00 "," 2,755.00 "," 2,755.00 "," 2,755.00 "," 2,755.00 "," 2,755.00 "," 2,755.00 "," 2,760.00 ",,,,,,,,,,,,,,,,,,,,,," 85,900.00 ", -   ," 85,900.00 ",0,30," 2,863.33 "
1216,4.Plan de pagos,,,,,,,,,,,,,,,,,,,,,,,,,,,,," 519,578.08 "," 32,100.00 "," 32,100.00 "," 32,100.00 "," 32,100.00 "," 32,100.00 "," 32,100.00 "," 32,100.00 "," 32,100.00 "," 32,100.00 "," 32,100.00 "," 208,578.07 ",,,,,,,,,,,,," 1,049,156.15 "," 936,529.97 "," 1,049,156.15 ",0,12," 87,429.68 "
1217,4.Plan de pagos,,,,,,,,,,,,,," 8,000.00 "," 6,906.00 "," 6,906.00 "," 6,906.00 "," 6,906.00 "," 6,906.00 "," 6,906.00 "," 6,906.00 "," 6,906.00 "," 6,906.00 "," 6,906.00 "," 6,906.00 "," 6,906.00 "," 6,906.00 "," 6,906.00 "," 6,906.00 "," 6,906.00 "," 6,904.00 ",,,,,,,,,,,,,,,,,,,,,," 125,400.00 ", -   ," 125,400.00 ",0,18," 6,966.67 "
1218,4.Plan de pagos,,,,,,,,,,,,,,,,,,,,," 10,000.00 "," 6,950.00 "," 6,950.00 "," 6,950.00 "," 6,950.00 "," 6,950.00 "," 6,950.00 "," 6,950.00 "," 6,950.00 "," 6,950.00 "," 6,950.00 "," 6,950.00 "," 6,950.00 "," 6,950.00 "," 6,950.00 "," 6,950.00 "," 6,950.00 "," 6,950.00 "," 6,942.55 ",,,,,,,,,,,,,," 135,092.55 ", -   ," 135,092.55 ",0,19," 7,110.13 "
1301,4.Plan de pagos,,,,,,,,,,,,,,,," 10,000.00 "," 6,411.00 "," 6,411.00 "," 6,411.00 "," 6,411.00 "," 6,411.00 "," 6,411.00 "," 6,411.00 "," 6,411.00 "," 6,411.00 "," 6,411.00 "," 6,411.00 "," 6,411.00 "," 6,411.00 "," 6,411.00 "," 6,411.00 "," 6,411.00 "," 6,411.00 "," 6,413.00 ",,,,,,,,,,,,,,,,,,," 125,400.00 ", -   ," 125,400.00 ",0,19," 6,600.00 "
1302,4.Plan de pagos,,,,,,,,,,,,,,,,,,,,," 10,000.00 "," 6,951.00 "," 6,951.00 "," 6,951.00 "," 6,951.00 "," 6,951.00 "," 6,951.00 "," 6,951.00 "," 6,951.00 "," 6,951.00 "," 6,951.00 "," 6,951.00 "," 6,951.00 "," 6,951.00 "," 6,951.00 "," 6,951.00 "," 6,951.00 "," 6,951.00 "," 6,958.53 ",,,,,,,,,,,,,," 135,125.53 ", -   ," 135,125.53 ",0,19," 7,111.87 "
1303,4.Plan de pagos,,,,,," 6,000.00 "," 3,368.00 "," 3,368.00 "," 3,368.00 "," 3,368.00 "," 3,368.00 "," 3,368.00 "," 3,368.00 "," 3,368.00 "," 3,368.00 "," 3,368.00 "," 3,368.00 "," 3,368.00 "," 3,368.00 "," 3,368.00 "," 3,368.00 "," 3,368.00 "," 3,368.00 "," 3,368.00 "," 3,368.00 "," 3,368.00 "," 3,368.00 "," 3,368.00 "," 3,368.00 "," 3,368.00 "," 3,368.00 ",,,,,,,,,,,,,,,,,,,,,," 90,200.00 ", -   ," 90,200.00 ",0,26," 3,469.23 "
1304,4.Plan de pagos,,,,,,,," 4,000.00 "," 3,651.00 "," 3,651.00 "," 3,651.00 "," 3,651.00 "," 3,651.00 "," 3,651.00 "," 3,651.00 "," 3,651.00 "," 3,651.00 "," 3,651.00 "," 3,651.00 "," 3,651.00 "," 3,651.00 "," 3,651.00 "," 3,651.00 "," 3,651.00 "," 3,651.00 "," 3,651.00 "," 3,651.00 "," 3,651.00 "," 3,651.00 "," 3,651.00 "," 3,659.06 ",,,,,,,,,,,,,,,,,,,,,," 87,981.06 ", -   ," 87,981.06 ",0,24," 3,665.88 "
1305,4.Plan de pagos,,,,,,,,,,,,,,,,,,,,,,,,,,," 10,000.00 "," 4,700.00 "," 4,700.00 "," 4,700.00 "," 4,700.00 "," 4,700.00 "," 4,700.00 "," 4,700.00 "," 4,700.00 "," 4,700.00 "," 4,700.00 "," 4,700.00 "," 4,700.00 ",,,,,,,,,,,,,," 66,400.00 ", -   ," 66,400.00 ",0,13," 5,107.69 "
1306,4.Plan de pagos,,," 6,000.00 "," 2,250.00 "," 2,250.00 "," 2,250.00 "," 2,250.00 "," 2,250.00 "," 2,250.00 "," 2,250.00 "," 2,250.00 "," 2,250.00 "," 2,250.00 "," 2,250.00 "," 2,250.00 "," 2,250.00 "," 2,250.00 "," 2,250.00 "," 2,250.00 "," 2,250.00 "," 2,250.00 "," 2,250.00 "," 2,250.00 "," 2,250.00 "," 2,250.00 "," 2,250.00 "," 2,250.00 "," 2,250.00 "," 2,250.00 "," 2,250.00 "," 3,050.00 ",,,,,,,,,,,,,,,,,,,,,," 69,800.00 ", -   ," 69,800.00 ",0,29," 2,406.90 "
1307,4.Plan de pagos,,,,,,,," 6,000.00 "," 2,800.00 "," 40,000.00 ",,,,,,,,,,,," 19,132.00 ",,,,,,,,,,,,,,,,,,,,,,,,,,,,,,," 67,932.00 ", -   ," 67,932.00 ",0,4," 16,983.00 "
1308,4.Plan de pagos,,,,,,,," 8,000.00 "," 4,800.00 "," 4,800.00 "," 4,800.00 "," 4,800.00 "," 4,800.00 "," 4,800.00 "," 4,800.00 "," 4,800.00 "," 4,800.00 "," 4,800.00 "," 4,800.00 "," 4,800.00 "," 4,800.00 "," 4,800.00 "," 4,800.00 "," 4,800.00 "," 4,800.00 "," 4,800.00 "," 4,800.00 "," 4,800.00 "," 4,800.00 "," 4,800.00 "," 4,793.00 ",,,,,,,,,,,,,,,,,,,,,," 118,393.00 ", -   ," 118,393.00 ",0,24," 4,933.04 "
1309,1.Disponible,,,,,,,,,,,,,,,,,,,,,,,,,,,,,,,,,,,,,,,,,,,,,,,,,,,,, -   ,"-142,227.76 ", -   ,0,0, -   
1310,4.Plan de pagos," 6,000.00 "," 3,000.00 "," 3,000.00 "," 3,000.00 "," 3,000.00 "," 3,000.00 "," 3,000.00 "," 3,000.00 "," 3,000.00 "," 3,000.00 "," 3,000.00 "," 3,000.00 "," 3,000.00 "," 3,000.00 "," 3,000.00 "," 3,000.00 "," 3,000.00 "," 3,000.00 "," 3,000.00 "," 3,000.00 "," 3,000.00 "," 3,000.00 "," 3,000.00 "," 3,000.00 "," 3,000.00 "," 3,000.00 "," 3,000.00 "," 3,000.00 "," 3,000.00 "," 3,000.00 "," 3,000.00 "," 3,000.00 "," 3,000.00 "," 3,000.00 "," 3,000.00 "," 3,100.00 ",,,,,,,,,,,,,,,,," 111,100.00 ", -   ," 111,100.00 ",0,36," 3,086.11 "
1311,4.Plan de pagos,,,,,,,," 8,000.00 "," 4,096.00 "," 4,096.00 "," 4,096.00 "," 4,096.00 "," 4,096.00 "," 4,096.00 "," 4,096.00 "," 4,096.00 "," 4,096.00 "," 4,096.00 "," 4,096.00 "," 4,096.00 "," 4,096.00 "," 4,096.00 "," 4,096.00 "," 4,096.00 "," 4,096.00 "," 4,096.00 "," 4,096.00 "," 4,096.00 "," 4,096.00 "," 4,096.00 "," 4,089.00 ",,,,,,,,,,,,,,,,,,,,,," 102,201.00 ", -   ," 102,201.00 ",0,24," 4,258.38 "
1312,4.Plan de pagos,," 6,000.00 "," 2,000.00 "," 2,000.00 "," 2,000.00 "," 2,000.00 "," 2,000.00 "," 2,000.00 "," 2,000.00 "," 2,000.00 "," 2,000.00 "," 2,000.00 "," 2,000.00 "," 2,000.00 "," 2,000.00 "," 2,000.00 "," 2,000.00 "," 2,000.00 "," 2,000.00 "," 2,000.00 "," 2,000.00 "," 2,000.00 "," 2,000.00 "," 2,000.00 "," 2,000.00 "," 2,000.00 "," 2,000.00 "," 2,000.00 "," 2,000.00 "," 2,000.00 "," 4,700.00 ",,,,,,,,,,,,,,,,,,,,,," 66,700.00 ", -   ," 66,700.00 ",0,30," 2,223.33 "
1313,4.Plan de pagos,," 6,000.00 "," 2,000.00 "," 2,000.00 "," 2,000.00 "," 2,000.00 "," 2,000.00 "," 2,000.00 "," 2,000.00 "," 2,000.00 "," 2,000.00 "," 2,000.00 "," 2,000.00 "," 2,000.00 "," 2,000.00 "," 2,000.00 "," 2,000.00 "," 2,000.00 "," 2,000.00 "," 2,000.00 "," 2,000.00 "," 2,000.00 "," 2,000.00 "," 2,000.00 "," 2,000.00 "," 2,000.00 "," 2,000.00 "," 2,000.00 "," 2,000.00 "," 2,000.00 "," 2,639.00 ",,,,,,,,,,,,,,,,,,,,,," 64,639.00 ", -   ," 64,639.00 ",0,30," 2,154.63 "
1314,4.Plan de pagos," 6,000.00 "," 1,300.00 "," 1,300.00 "," 1,300.00 "," 1,300.00 "," 1,300.00 "," 1,300.00 "," 1,300.00 "," 1,300.00 "," 1,300.00 "," 1,300.00 "," 1,300.00 "," 1,300.00 "," 1,300.00 "," 1,300.00 "," 1,300.00 "," 1,300.00 "," 1,300.00 "," 1,300.00 "," 1,300.00 "," 1,300.00 "," 1,300.00 "," 1,300.00 "," 1,300.00 "," 1,300.00 "," 1,300.00 "," 1,300.00 "," 1,300.00 "," 1,300.00 "," 1,300.00 "," 1,300.00 "," 1,300.00 "," 1,300.00 "," 1,300.00 "," 1,300.00 "," 21,400.00 ",,,,,,,,,,,,,,,,," 71,600.00 ", -   ," 71,600.00 ",0,36," 1,988.89 "
1315,4.Plan de pagos,,,,,,,,,,,,,,,,,,,,,,,,,,,,," 536,136.99 "," 32,100.00 "," 32,100.00 "," 32,100.00 "," 32,100.00 "," 32,100.00 "," 32,100.00 "," 32,100.00 "," 32,100.00 "," 32,100.00 "," 32,100.00 "," 215,137.00 ",,,,,,,,,,,,," 1,072,273.99 "," 965,052.12 "," 1,072,273.99 ",0,12," 89,356.17 "
1316,4.Plan de pagos,,,,,,,,," 8,000.00 "," 3,636.00 "," 3,636.00 "," 3,636.00 "," 3,636.00 "," 3,636.00 "," 3,636.00 "," 3,636.00 "," 3,636.00 "," 3,636.00 "," 3,636.00 "," 3,636.00 "," 3,636.00 "," 3,636.00 "," 3,636.00 "," 3,636.00 "," 3,636.00 "," 3,636.00 "," 3,636.00 "," 3,636.00 "," 3,636.00 "," 3,636.00 "," 3,625.06 ",,,,,,,,,,,,,,,,,,,,,," 87,981.06 ", -   ," 87,981.06 ",0,23," 3,825.26 "
1317,4.Plan de pagos,,,,,,,,,,,,,,,,,," 10,000.00 "," 7,605.00 "," 7,605.00 "," 7,605.00 "," 7,605.00 "," 7,605.00 "," 7,605.00 "," 7,605.00 "," 7,605.00 "," 7,605.00 "," 7,605.00 "," 7,605.00 "," 7,605.00 "," 7,605.00 "," 7,605.00 "," 7,605.00 "," 7,610.00 ",,,,,,,,,,,,,,,,,,," 131,685.00 ", -   ," 131,685.00 ",0,17," 7,746.18 "
1318,"2,Reserva",,,,,,,,,,,,,,,,,,,,,,,,,,,,,,,,,,,,,,,,,,,,,,,,,,,,, -   ,"-135,125.53 ", -   ,0,0, -   
1401,4.Plan de pagos,,,,,," 6,000.00 "," 5,000.00 "," 5,000.00 "," 5,000.00 "," 5,000.00 "," 5,000.00 "," 5,000.00 "," 5,000.00 "," 5,000.00 "," 5,000.00 "," 5,000.00 "," 5,000.00 "," 5,000.00 "," 5,000.00 "," 5,000.00 "," 5,000.00 "," 5,000.00 "," 5,000.00 "," 5,000.00 "," 5,000.00 "," 5,000.00 "," 5,000.00 "," 6,300.00 ",,,,,,,,,,,,,,,,,,,,,,,,," 117,300.00 ", -   ," 117,300.00 ",0,23," 5,100.00 "
1402,4.Plan de pagos,,,,,,,,,,,,,,,,,,,," 10,000.00 "," 8,230.00 "," 8,230.00 "," 8,230.00 "," 8,230.00 "," 8,230.00 "," 8,230.00 "," 8,230.00 "," 8,230.00 "," 8,230.00 "," 8,230.00 "," 8,230.00 "," 8,230.00 "," 8,230.00 "," 8,230.00 ",,,,,,,,,,,,,,,,,,," 125,220.00 ", 18.00 ," 125,220.00 ",0,15," 8,348.00 "
1403,4.Plan de pagos," 6,000.00 "," 2,266.00 "," 2,266.00 "," 2,266.00 "," 2,266.00 "," 2,266.00 "," 2,266.00 "," 2,266.00 "," 2,266.00 "," 2,266.00 "," 2,266.00 "," 2,266.00 "," 2,266.00 "," 2,266.00 "," 2,266.00 "," 2,266.00 "," 2,266.00 "," 2,266.00 "," 2,266.00 "," 2,266.00 "," 2,266.00 "," 2,266.00 "," 2,266.00 "," 2,266.00 "," 2,266.00 "," 2,266.00 "," 2,266.00 "," 2,266.00 "," 2,266.00 "," 2,266.00 "," 2,266.00 "," 2,266.00 "," 2,266.00 "," 2,266.00 "," 2,266.00 "," 2,283.54 ",,,,,,,,,,,,,,,,," 85,327.54 ", -   ," 85,327.54 ",0,36," 2,370.21 "
1404,4.Plan de pagos," 6,000.00 "," 4,600.00 "," 4,600.00 "," 4,600.00 "," 4,600.00 "," 4,600.00 "," 4,600.00 "," 4,600.00 "," 4,600.00 "," 4,600.00 "," 4,600.00 "," 4,600.00 "," 4,600.00 "," 4,600.00 "," 4,600.00 "," 4,600.00 "," 4,600.00 "," 4,600.00 "," 4,600.00 "," 4,600.00 "," 4,600.00 "," 4,600.00 "," 4,600.00 "," 4,600.00 "," 4,600.00 "," 4,600.00 "," 4,600.00 "," 4,600.00 "," 4,600.00 "," 4,600.00 "," 4,600.00 "," 4,600.00 "," 4,600.00 "," 4,600.00 "," 6,071.00 "," 6,100.00 ",,,,,,,,,,,,,,,,," 169,971.00 ", -   ," 169,971.00 ",0,36," 4,721.42 "
1405,4.Plan de pagos,," 6,000.00 "," 4,279.00 "," 4,279.00 "," 4,279.00 "," 4,279.00 "," 4,279.00 "," 4,279.00 "," 4,279.00 "," 4,279.00 "," 4,279.00 "," 4,279.00 "," 4,279.00 "," 4,279.00 "," 4,279.00 "," 4,279.00 "," 4,279.00 "," 4,279.00 "," 4,279.00 "," 4,279.00 "," 4,279.00 "," 4,279.00 "," 4,279.00 "," 4,279.00 "," 4,279.00 "," 4,279.00 "," 4,279.00 "," 4,279.00 "," 4,279.00 "," 4,279.00 "," 4,288.00 ",,,,,,,,,,,,,,,,,,,,,," 130,100.00 ", -   ," 130,100.00 ",0,30," 4,336.67 "
1406,4.Plan de pagos," 6,000.00 "," 1,690.00 "," 1,690.00 "," 1,690.00 "," 1,690.00 "," 1,690.00 "," 1,690.00 "," 1,690.00 "," 1,690.00 "," 1,690.00 "," 1,690.00 "," 1,690.00 "," 1,690.00 "," 1,690.00 "," 1,690.00 "," 1,690.00 "," 1,690.00 "," 1,690.00 "," 1,690.00 "," 1,690.00 "," 1,690.00 "," 1,690.00 "," 1,690.00 "," 1,690.00 "," 1,690.00 "," 1,690.00 "," 1,690.00 "," 1,690.00 "," 1,690.00 "," 1,690.00 "," 1,690.00 "," 1,690.00 "," 1,690.00 "," 1,690.00 "," 1,690.00 "," 1,740.00 ",,,,,,,,,,,,,,,,," 65,200.00 ", -   ," 65,200.00 ",0,36," 1,811.11 "
1407,4.Plan de pagos,,,,,," 6,000.00 "," 4,056.00 "," 4,056.00 "," 4,056.00 "," 4,056.00 "," 4,056.00 "," 4,056.00 "," 4,056.00 "," 4,056.00 "," 4,056.00 "," 4,056.00 "," 4,056.00 "," 4,056.00 "," 4,056.00 "," 4,056.00 "," 4,056.00 "," 4,056.00 "," 4,056.00 "," 4,056.00 "," 4,056.00 "," 4,056.00 "," 4,056.00 "," 4,056.00 "," 4,056.00 "," 4,056.00 "," 4,066.00 ",,,,,,,,,,,,,,,,,,,,,," 107,410.00 ", -   ," 107,410.00 ",0,26," 4,131.15 "
1408,2.Reserva,,,,,,,,,,,,,,,,,,,,,,,,,,,,,,,,,,,,,,,,,,,,,,,,,,,,, -   ,"-133,158.95 ", -   ,0,0, -   
1409,4.Plan de pagos,,,,,," 6,000.00 "," 3,194.00 "," 3,194.00 "," 3,194.00 "," 3,194.00 "," 3,194.00 "," 3,194.00 "," 3,194.00 "," 3,194.00 "," 3,194.00 "," 3,194.00 "," 3,194.00 "," 3,194.00 "," 3,194.00 "," 3,194.00 "," 3,194.00 "," 3,194.00 "," 3,194.00 "," 3,194.00 "," 3,194.00 "," 3,194.00 "," 3,194.00 "," 3,194.00 "," 3,194.00 "," 3,194.00 "," 3,184.00 ",,,,,,,,,,,,,,,,,,,,,," 85,840.00 ", -   ," 85,840.00 ",0,26," 3,301.54 "
1410,4.Plan de pagos,,,,,,,,,,,," 8,000.00 "," 4,253.00 "," 4,253.00 "," 4,253.00 "," 4,253.00 "," 4,253.00 "," 4,253.00 "," 4,253.00 "," 4,253.00 "," 4,253.00 "," 4,253.00 "," 4,253.00 "," 4,253.00 "," 4,253.00 "," 4,253.00 "," 4,253.00 "," 4,253.00 "," 4,253.00 "," 4,253.00 "," 4,246.00 ",,,,,,,,,,,,,,,,,,,,,," 88,800.00 ", -   ," 88,800.00 ",0,20," 4,440.00 "
1411,4.Plan de pagos,,,," 6,000.00 "," 4,900.00 "," 4,900.00 "," 4,900.00 "," 4,900.00 "," 4,900.00 "," 4,900.00 "," 4,900.00 "," 4,900.00 "," 4,900.00 "," 4,900.00 "," 4,900.00 "," 4,900.00 "," 4,900.00 "," 4,900.00 "," 4,900.00 "," 4,900.00 "," 4,900.00 "," 4,900.00 "," 4,900.00 "," 4,900.00 "," 4,900.00 "," 4,900.00 "," 4,900.00 "," 4,900.00 "," 4,900.00 "," 4,900.00 "," 4,900.00 ",,,,,,,,,,,,,,,,,,,,,," 138,300.00 ", -   ," 138,300.00 ",0,28," 4,939.29 "
1412,4.Plan de pagos,," 6,000.00 "," 1,750.00 "," 1,750.00 "," 1,750.00 "," 1,750.00 "," 1,750.00 "," 1,750.00 "," 1,750.00 "," 1,750.00 "," 1,750.00 "," 1,750.00 "," 1,750.00 "," 1,750.00 "," 1,750.00 "," 1,750.00 "," 1,750.00 "," 1,750.00 "," 1,750.00 "," 1,750.00 "," 1,750.00 "," 1,750.00 "," 1,750.00 "," 1,750.00 "," 1,750.00 "," 1,750.00 "," 1,750.00 "," 1,750.00 "," 1,750.00 "," 1,750.00 "," 1,750.00 "," 1,750.00 "," 1,750.00 "," 1,750.00 "," 1,750.00 "," 2,450.00 ",,,,,,,,,,,,,,,,," 66,200.00 ", -   ," 66,200.00 ",0,35," 1,891.43 "
1501,2. Reserva,,,,,,,,,,,,,,,,,,,,,,,,,,,,,,,,," 10,000.00 "," 21,200.00 "," 21,200.00 "," 21,200.00 "," 21,200.00 "," 21,200.00 "," 21,200.00 "," 20,890.00 ",,,,,,,,,,,,," 158,090.00 "," 34,890.00 "," 158,090.00 ",0,8," 19,761.25 "
1502,4.Plan de pagos,,,,,,,,,,,,,,,,,,,," 10,000.00 "," 8,690.00 "," 8,690.00 "," 8,690.00 "," 8,690.00 "," 8,690.00 "," 8,690.00 "," 8,690.00 "," 8,690.00 "," 8,690.00 "," 8,690.00 "," 8,690.00 "," 8,690.00 "," 8,690.00 "," 8,690.00 ",,,,,,,,,,,,,,,,,,," 131,660.00 ", -   ," 131,660.00 ",0,15," 8,777.33 "
1503,4.Plan de pagos," 6,000.00 "," 1,000.00 "," 1,000.00 "," 1,000.00 "," 1,000.00 "," 1,000.00 "," 1,000.00 "," 1,000.00 "," 1,000.00 "," 1,000.00 "," 1,000.00 "," 1,000.00 "," 1,000.00 "," 1,000.00 "," 1,000.00 "," 1,000.00 "," 1,000.00 "," 1,000.00 "," 1,000.00 "," 1,000.00 "," 1,000.00 "," 1,000.00 "," 1,000.00 "," 1,000.00 "," 1,000.00 "," 1,000.00 "," 1,000.00 "," 1,000.00 "," 1,000.00 "," 1,000.00 "," 1,000.00 "," 1,000.00 "," 1,000.00 "," 1,000.00 "," 33,396.72 "," 12,830.82 ",,,,,,,,,,,,,,,,," 85,227.54 ", -   ," 85,227.54 ",0,36," 2,367.43 "
1504,4.Plan de pagos,,," 6,000.00 "," 1,000.00 "," 1,000.00 "," 1,000.00 "," 1,000.00 "," 1,000.00 "," 1,000.00 "," 1,000.00 "," 1,000.00 "," 1,000.00 "," 1,000.00 "," 1,000.00 "," 1,000.00 "," 1,000.00 "," 1,000.00 "," 1,000.00 "," 1,000.00 "," 1,000.00 "," 1,000.00 "," 1,000.00 "," 1,000.00 "," 1,000.00 "," 1,000.00 "," 1,000.00 "," 1,000.00 "," 1,000.00 "," 1,000.00 "," 1,000.00 "," 55,800.00 ",,,,,,,,,,,,,,,,,,,,,," 88,800.00 ", -   ," 88,800.00 ",0,29," 3,062.07 "
1505,4.Plan de pagos,,,,,,,,,,,,,,,,," 10,000.00 "," 6,929.00 "," 6,929.00 "," 6,929.00 "," 6,929.00 "," 6,929.00 "," 6,929.00 "," 6,929.00 "," 6,929.00 "," 6,929.00 "," 6,929.00 "," 6,929.00 "," 6,929.00 "," 6,929.00 "," 6,929.00 "," 6,929.00 "," 6,929.00 "," 6,936.00 ",,,,,,,,,,,,,,,,,,," 127,800.00 ", -   ," 127,800.00 ",0,18," 7,100.00 "
1506,1.Disponible,,,,,,,,,,,,,,,,,,,,,,,,,,,,,,,,,,,,,,,,,,,,,,,,,,,,, -   ,"-99,632.63 ", -   ,0,0, -   
1507,4.Plan de pagos," 6,000.00 "," 3,075.00 "," 3,075.00 "," 3,075.00 "," 3,075.00 "," 3,075.00 "," 3,075.00 "," 3,075.00 "," 3,075.00 "," 3,075.00 "," 3,075.00 "," 3,075.00 "," 3,075.00 "," 3,075.00 "," 3,075.00 "," 3,075.00 "," 3,075.00 "," 3,075.00 "," 3,075.00 "," 3,075.00 "," 3,075.00 "," 3,075.00 "," 3,075.00 "," 3,075.00 "," 3,075.00 "," 3,075.00 "," 3,075.00 "," 3,075.00 "," 3,075.00 "," 3,075.00 "," 3,075.00 "," 3,075.00 "," 3,075.00 "," 3,075.00 "," 3,075.00 "," 3,611.00 ",,,,,,,,,,,,,,,,," 114,161.00 ", -   ," 114,161.00 ",0,36," 3,171.14 "
1508,4.Plan de pagos," 6,000.00 "," 3,100.00 "," 3,100.00 "," 3,100.00 "," 3,100.00 "," 3,100.00 "," 3,100.00 "," 3,100.00 "," 3,100.00 "," 3,100.00 "," 3,100.00 "," 3,100.00 "," 3,100.00 "," 3,100.00 "," 3,100.00 "," 3,100.00 "," 3,100.00 "," 3,100.00 "," 3,100.00 "," 3,100.00 "," 3,100.00 "," 3,100.00 "," 3,100.00 "," 3,100.00 "," 3,100.00 "," 3,100.00 "," 3,100.00 "," 3,100.00 "," 3,100.00 "," 3,100.00 "," 3,100.00 "," 3,100.00 "," 3,100.00 "," 3,100.00 "," 3,100.00 "," 2,760.00 ",,,,,,,,,,,,,,,,," 114,160.00 ", -   ," 114,160.00 ",0,36," 3,171.11 "
1509,4.Plan de pagos,,,,,,,,,,,,,,,,,,,,,,,,,,,,," 541,277.04 "," 32,400.00 "," 32,400.00 "," 32,400.00 "," 32,400.00 "," 32,400.00 "," 32,400.00 "," 32,400.00 "," 32,400.00 "," 32,400.00 "," 32,400.00 "," 217,277.04 ",,,,,,,,,,,,," 1,082,554.08 "," 974,338.11 "," 1,082,554.08 ",0,12," 90,212.84 "
1510,4.Plan de pagos,,,," 6,000.00 "," 3,064.00 "," 3,064.00 "," 3,064.00 "," 3,064.00 "," 3,064.00 "," 3,064.00 "," 3,064.00 "," 3,064.00 "," 3,064.00 "," 3,064.00 "," 3,064.00 "," 3,064.00 "," 3,064.00 "," 3,064.00 "," 3,064.00 "," 3,064.00 "," 3,064.00 "," 3,064.00 "," 3,064.00 "," 3,064.00 "," 3,064.00 "," 3,064.00 "," 3,064.00 "," 3,064.00 "," 3,064.00 "," 3,064.00 "," 3,136.00 ",,,,,,,,,,,,,,,,,,,,,," 88,800.00 ", -   ," 88,800.00 ",0,28," 3,171.43 "
1511,4.Plan de pagos,,,,,," 6,000.00 "," 5,292.00 "," 5,292.00 "," 5,292.00 "," 5,292.00 "," 5,292.00 "," 5,292.00 "," 5,292.00 "," 5,292.00 "," 5,292.00 "," 5,292.00 "," 5,292.00 "," 5,292.00 "," 5,292.00 "," 5,292.00 "," 5,292.00 "," 5,292.00 "," 5,292.00 "," 5,292.00 "," 5,292.00 "," 5,292.00 "," 5,292.00 "," 5,292.00 "," 5,292.00 "," 5,292.00 "," 5,292.00 ",,,,,,,,,,,,,,,,,,,,,," 138,300.00 ", -   ," 138,300.00 ",0,26," 5,319.23 "
1512,1.Disponible,,,,,,,,,,,,,,,,,,,,,,,,,,,,,,,,,,,,,,,,,,,,,,,,,,,,, -   ,"-94,935.62 ", -   ,0,0, -   
1601,4.Plan de pagos,,,,,," 6,000.00 "," 4,780.00 "," 4,780.00 "," 4,780.00 "," 4,780.00 "," 4,780.00 "," 4,780.00 "," 4,780.00 "," 4,780.00 "," 4,780.00 "," 4,780.00 "," 4,780.00 "," 4,780.00 "," 4,780.00 "," 4,780.00 "," 4,780.00 "," 4,780.00 "," 4,780.00 "," 4,780.00 "," 4,780.00 "," 4,780.00 "," 4,780.00 "," 4,780.00 "," 4,780.00 "," 4,780.00 "," 4,863.90 ",,,,,,,,,,,,,,,,,,,,,," 125,583.90 ", -   ," 125,583.90 ",0,26," 4,830.15 "
1602,4.Plan de pagos,,,,,,,,,,,,,,,,,,,,,,,,,,,,,,,,,,,,,,,,,,,,,,,,,,,,, -   ,"-129,720.00 ", -   ,0,0, -   
1603,4.Plan de pagos,," 6,000.00 "," 5,001.00 "," 5,001.00 "," 5,001.00 "," 5,001.00 "," 5,001.00 "," 5,001.00 "," 5,001.00 "," 5,001.00 "," 5,001.00 "," 5,001.00 "," 5,001.00 "," 5,001.00 "," 5,001.00 "," 5,001.00 "," 5,001.00 "," 5,001.00 "," 5,001.00 "," 5,001.00 "," 5,001.00 "," 5,001.00 "," 5,001.00 "," 5,001.00 "," 5,001.00 "," 5,001.00 "," 5,001.00 "," 5,001.00 "," 5,001.00 "," 5,001.00 "," 5,001.00 "," 5,001.61 ",,,,,,,,,,,,,,,,,,,,," 156,030.61 ", -   ," 156,030.61 ",0,31," 5,033.25 "
1604,4.Plan de pagos,,," 6,000.00 "," 2,982.00 "," 2,982.00 "," 2,982.00 "," 2,982.00 "," 2,982.00 "," 2,982.00 "," 2,982.00 "," 2,982.00 "," 2,982.00 "," 2,982.00 "," 2,982.00 "," 2,982.00 "," 2,982.00 "," 2,982.00 "," 2,982.00 "," 2,982.00 "," 2,982.00 "," 2,982.00 "," 2,982.00 "," 2,982.00 "," 2,982.00 "," 2,982.00 "," 2,982.00 "," 2,982.00 "," 2,982.00 "," 2,982.00 "," 2,982.00 "," 2,986.00 ",,,,,,,,,,,,,,,,,,,,,," 89,500.00 ", -   ," 89,500.00 ",0,29," 3,086.21 "
1605,4.Plan de pagos,,,,,,,,,,,,,,,,,," 10,000.00 "," 8,085.00 "," 8,085.00 "," 8,085.00 "," 8,085.00 "," 8,085.00 "," 8,085.00 "," 8,085.00 "," 8,085.00 "," 8,085.00 "," 8,085.00 "," 8,085.00 "," 8,085.00 "," 8,085.00 "," 8,085.00 "," 8,085.00 "," 8,080.00 ",,,,,,,,,,,,,,,,,,," 139,355.00 ", -   ," 139,355.00 ",0,17," 8,197.35 "
1606,1.Disponible,,,,,,,,,,,,,,,,,,,,,,,,,,,,,,,,,,,,,,,,,,,,,,,,,,,,, -   ,"-99,632.63 ", -   ,0,0, -   
1607,4.Plan de pagos,,," 6,000.00 "," 1,500.00 "," 1,500.00 "," 1,500.00 "," 1,500.00 "," 1,500.00 "," 1,500.00 "," 1,500.00 "," 1,500.00 "," 1,500.00 "," 1,500.00 "," 1,500.00 "," 1,500.00 "," 1,500.00 "," 1,500.00 "," 1,500.00 "," 1,500.00 "," 10,000.00 "," 92,510.00 ",,,,,,,,,,,,,,,,,,,,,,,,,,,,,,,," 132,510.00 "," 16,010.00 "," 132,510.00 ",0,19," 6,974.21 "
1608,4.Plan de pagos," 6,000.00 "," 3,100.00 "," 3,100.00 "," 3,100.00 "," 3,100.00 "," 3,100.00 "," 3,100.00 "," 3,100.00 "," 3,100.00 "," 3,100.00 "," 3,100.00 "," 3,100.00 "," 3,100.00 "," 3,100.00 "," 3,100.00 "," 3,100.00 "," 3,100.00 "," 3,100.00 "," 3,100.00 "," 3,100.00 "," 3,100.00 "," 3,100.00 "," 3,100.00 "," 3,100.00 "," 3,100.00 "," 3,100.00 "," 3,100.00 "," 3,100.00 "," 3,100.00 "," 3,100.00 "," 3,100.00 "," 3,100.00 "," 3,100.00 "," 3,100.00 "," 3,100.00 "," 4,048.00 ",,,,,,,,,,,,,,,,," 115,448.00 ", -   ," 115,448.00 ",0,36," 3,206.89 "
1609,4.Plan de pagos," 6,000.00 "," 2,290.00 "," 2,290.00 "," 2,290.00 "," 2,290.00 "," 2,290.00 "," 2,290.00 "," 2,290.00 "," 2,290.00 "," 2,290.00 "," 2,290.00 "," 2,290.00 "," 2,290.00 "," 2,290.00 "," 2,290.00 "," 2,290.00 "," 2,290.00 "," 2,290.00 "," 2,290.00 "," 2,290.00 "," 2,290.00 "," 2,290.00 "," 2,290.00 "," 2,290.00 "," 2,290.00 "," 2,290.00 "," 2,290.00 "," 2,290.00 "," 2,290.00 "," 2,290.00 "," 2,290.00 "," 2,290.00 "," 2,290.00 "," 2,290.00 "," 2,290.00 "," 2,290.58 ",,,,,,,,,,,,,,,,," 86,150.58 ", -   ," 86,150.58 ",0,36," 2,393.07 "
1610,4.Plan de pagos,,,," 95,008.13 "," 29,447.00 "," 29,447.00 "," 29,447.00 "," 29,447.00 "," 29,447.00 "," 29,447.00 "," 29,447.00 "," 29,447.00 "," 29,447.00 "," 29,447.00 "," 29,447.00 "," 29,447.00 "," 29,447.00 "," 29,447.00 "," 29,447.00 "," 29,447.00 "," 29,447.00 "," 29,447.00 "," 29,447.00 "," 29,447.00 "," 29,447.00 "," 29,447.00 "," 29,447.00 "," 29,447.00 "," 29,447.00 "," 29,447.00 "," 29,451.21 ",,,,,,,,,,,,,,,,,,,,,," 890,081.34 ", -   ," 890,081.34 ",0,28," 31,788.62 "
1611,2. Reserva,,,,,,,,,,,,,,,,,,,,,,,,,,,,,,,,," 10,000.00 "," 13,500.00 "," 13,500.00 "," 13,500.00 "," 13,500.00 "," 13,500.00 "," 13,500.00 "," 13,500.00 ",,,,,,,,,,,,," 104,500.00 ","-39,300.00 "," 104,500.00 ",0,8," 13,062.50 "
1612,1.Disponible,,,,,,,,,,,,,,,,,,,,,,,,,,,,,,,,,,,,,,,,,,,,,,,,,,,,, -   ,"-98,258.36 ", -   ,0,0, -   
1701,4.Plan de pagos," 6,000.00 "," 3,800.00 "," 3,800.00 "," 3,800.00 "," 3,800.00 "," 3,800.00 "," 3,800.00 "," 3,800.00 "," 3,800.00 "," 3,800.00 "," 3,800.00 "," 3,800.00 "," 3,800.00 "," 3,800.00 "," 3,800.00 "," 3,800.00 "," 3,800.00 "," 3,800.00 "," 3,800.00 "," 3,800.00 "," 3,800.00 "," 3,800.00 "," 3,800.00 "," 3,800.00 "," 3,800.00 "," 3,800.00 "," 3,800.00 "," 3,800.00 "," 3,800.00 "," 3,800.00 "," 3,800.00 "," 3,800.00 "," 3,800.00 "," 3,800.00 "," 3,800.00 "," 3,870.00 ",,,,,,,,,,,,,,,,," 139,070.00 ", -   ," 139,070.00 ",0,36," 3,863.06 "
1702,4.Plan de pagos,," 6,000.00 "," 2,000.00 "," 2,000.00 "," 2,000.00 "," 2,000.00 "," 2,000.00 "," 2,000.00 "," 2,000.00 "," 2,000.00 "," 2,000.00 "," 2,000.00 "," 2,000.00 "," 2,000.00 "," 2,000.00 "," 2,000.00 "," 2,000.00 "," 2,000.00 "," 2,000.00 "," 2,000.00 "," 2,000.00 "," 2,000.00 "," 2,000.00 "," 2,000.00 "," 2,000.00 "," 2,000.00 "," 2,000.00 "," 2,000.00 "," 2,000.00 "," 2,000.00 "," 4,700.00 ",,,,,,,,,,,,,,,,,,,,,," 66,700.00 ", -   ," 66,700.00 ",0,30," 2,223.33 "
1703,4.Plan de pagos,,,,,,,,,,,,,,,,,,,,,,,,,," 10,000.00 "," 10,385.00 "," 10,385.00 "," 10,385.00 "," 10,385.00 "," 10,385.00 "," 10,385.00 "," 10,385.00 "," 10,385.00 "," 10,385.00 "," 10,385.00 "," 10,385.00 "," 10,385.00 "," 10,385.00 ",,,,,,,,,,,,,," 145,005.00 "," 3,881.05 "," 145,005.00 ",0,14," 10,357.50 "
1704,4.Plan de pagos," 6,000.00 "," 1,600.00 "," 1,600.00 "," 1,600.00 "," 1,600.00 "," 1,600.00 "," 1,600.00 "," 1,600.00 "," 1,600.00 "," 1,600.00 "," 1,600.00 "," 1,600.00 "," 1,600.00 "," 1,600.00 "," 1,600.00 "," 1,600.00 "," 1,600.00 "," 1,600.00 "," 1,600.00 "," 1,600.00 "," 1,600.00 "," 1,600.00 "," 1,600.00 "," 1,600.00 "," 1,600.00 "," 1,600.00 "," 1,600.00 "," 1,600.00 "," 1,600.00 "," 1,600.00 "," 1,600.00 "," 1,600.00 "," 1,600.00 "," 1,600.00 "," 1,600.00 "," 1,600.00 ",,,,,,,,,,,,,,,,," 62,000.00 ", -   ," 62,000.00 ",0,36," 1,722.22 "
1705,4.Plan de pagos,,,,,,,,,,,,,,,,,,,,,,,,,," 10,000.00 "," 65,592.83 "," 69,050.44 ",,,,,,,,,,,,,,,,,,,,,,,,," 144,643.27 ", 38.95 ," 144,643.27 ",0,3," 48,214.42 "
1706,4.Plan de pagos," 6,000.00 "," 2,400.00 "," 2,400.00 "," 2,400.00 "," 2,400.00 "," 2,400.00 "," 2,400.00 "," 2,400.00 "," 2,400.00 "," 2,400.00 "," 2,400.00 "," 2,400.00 "," 2,400.00 "," 2,400.00 "," 2,400.00 "," 2,400.00 "," 2,400.00 "," 2,400.00 "," 2,400.00 "," 2,400.00 "," 2,400.00 "," 2,400.00 "," 2,400.00 "," 2,400.00 "," 2,400.00 "," 2,400.00 "," 2,400.00 "," 2,400.00 "," 2,400.00 "," 2,400.00 "," 2,400.00 "," 2,400.00 "," 2,400.00 "," 2,400.00 "," 1,200.00 ", 651.00 ,,,,,,,,,,,,,,,,," 87,051.00 ", -   ," 87,051.00 ",0,36," 2,418.08 "
1707,4.Plan de pagos,,,,,,,,,,,,,,,,,,,,,,,,," 10,000.00 "," 5,050.00 "," 5,050.00 "," 5,050.00 "," 5,050.00 "," 5,050.00 "," 5,050.00 "," 5,050.00 "," 5,050.00 "," 5,050.00 "," 5,050.00 "," 5,050.00 "," 5,050.00 "," 5,050.00 "," 5,050.00 "," 5,050.00 "," 5,050.00 ",,,,,,,,,,,," 90,800.00 ", -   ," 90,800.00 ",0,17," 5,341.18 "
1708,4.Plan de pagos,,,,,,,,,,,,,,,,,,,,,,,,,,,,,,,," 10,000.00 "," 14,200.00 "," 14,200.00 "," 14,200.00 "," 14,200.00 "," 14,200.00 "," 14,200.00 "," 14,200.00 "," 14,200.00 ",,,,,,,,,,,,," 123,600.00 ","-30,204.21 "," 123,600.00 ",0,9," 13,733.33 "
1801,4.Plan de pagos," 6,000.00 "," 3,800.00 "," 3,800.00 "," 3,800.00 "," 3,800.00 "," 3,800.00 "," 3,800.00 "," 3,800.00 "," 3,800.00 "," 3,800.00 "," 3,800.00 "," 3,800.00 "," 3,800.00 "," 3,800.00 "," 3,800.00 "," 3,800.00 "," 3,800.00 "," 3,800.00 "," 3,800.00 "," 3,800.00 "," 3,800.00 "," 3,800.00 "," 3,800.00 "," 3,800.00 "," 3,800.00 "," 3,800.00 "," 3,800.00 "," 3,800.00 "," 3,800.00 "," 3,800.00 "," 3,800.00 "," 3,800.00 "," 3,800.00 "," 3,800.00 "," 3,800.00 "," 3,952.00 ",,,,,,,,,,,,,,,,," 139,152.00 ", -   ," 139,152.00 ",0,36," 3,865.33 "
1802,4.Plan de pagos," 6,000.00 ",,," 2,818.00 "," 2,818.00 "," 2,818.00 "," 2,818.00 "," 2,818.00 "," 2,818.00 "," 2,818.00 "," 2,818.00 "," 2,818.00 "," 2,818.00 "," 2,818.00 "," 2,818.00 "," 2,818.00 "," 2,818.00 "," 2,818.00 "," 2,818.00 "," 2,818.00 "," 2,818.00 "," 2,818.00 "," 2,818.00 "," 2,818.00 "," 2,818.00 "," 2,818.00 "," 2,818.00 "," 2,818.00 "," 2,818.00 "," 2,818.00 "," 2,814.00 ",,,,,,,,,,,,,,,,,,,,,," 84,900.00 ", -   ," 84,900.00 ",0,29," 2,927.59 "
1803,2. Reserva,,,,,,,,,,,,,,,,,,,,,,,,,,,,,,,,,,,,,,,,,,,,,,,,,,,,, -   ,"-141,123.95 ", -   ,0,0, -   
1804,4.Plan de pagos," 6,000.00 "," 1,600.00 "," 1,600.00 "," 1,600.00 "," 1,600.00 "," 1,600.00 "," 1,600.00 "," 1,600.00 "," 1,600.00 "," 1,600.00 "," 1,600.00 "," 1,600.00 "," 1,600.00 "," 1,600.00 "," 1,600.00 "," 1,600.00 "," 1,600.00 "," 1,600.00 "," 1,600.00 "," 1,600.00 "," 1,600.00 "," 1,600.00 "," 1,600.00 "," 1,600.00 "," 1,600.00 "," 1,600.00 "," 1,600.00 "," 1,600.00 "," 1,600.00 "," 1,600.00 "," 1,600.00 "," 1,600.00 "," 1,600.00 "," 1,600.00 "," 1,600.00 "," 1,600.00 ",,,,,,,,,,,,,,,,," 62,000.00 ", -   ," 62,000.00 ",0,36," 1,722.22 "
1805,2.Reserva,,,,,,,,,,,,,,,,,,,,,,,,,,,,,,,,,,,,,,,,,,,,,,,,,,,,, -   ,"-141,604.32 ", -   ,0,0, -   
1806,4.Plan de pagos," 6,000.00 "," 2,290.00 "," 2,290.00 "," 2,290.00 "," 2,290.00 "," 2,290.00 "," 2,290.00 "," 2,290.00 "," 2,290.00 "," 2,290.00 "," 2,290.00 "," 2,290.00 "," 2,290.00 "," 2,290.00 "," 2,290.00 "," 2,290.00 "," 2,290.00 "," 2,290.00 "," 2,290.00 "," 2,290.00 "," 2,290.00 "," 2,290.00 "," 2,290.00 "," 2,290.00 "," 2,290.00 "," 2,290.00 "," 2,290.00 "," 2,290.00 "," 2,290.00 "," 2,290.00 "," 2,290.00 "," 2,290.00 "," 2,290.00 "," 2,290.00 "," 2,290.00 "," 2,290.58 ",,,,,,,,,,,,,,,,," 86,150.58 ", -   ," 86,150.58 ",0,36," 2,393.07 "
1807,4.Plan de pagos," 6,000.00 "," 3,050.00 "," 3,050.00 "," 3,050.00 "," 3,050.00 "," 3,050.00 "," 3,050.00 "," 3,050.00 "," 3,050.00 "," 3,050.00 "," 3,050.00 "," 3,050.00 "," 3,050.00 "," 3,050.00 "," 3,050.00 "," 3,050.00 "," 3,050.00 "," 3,050.00 "," 3,050.00 "," 3,050.00 "," 3,050.00 "," 3,050.00 "," 3,050.00 "," 3,050.00 "," 3,050.00 "," 3,050.00 "," 3,050.00 "," 3,050.00 "," 3,050.00 "," 3,050.00 "," 3,050.00 "," 3,050.00 "," 3,050.00 "," 3,050.00 "," 3,050.00 "," 3,456.00 ",,,,,,,,,,,,,,,,," 113,156.00 ", -   ," 113,156.00 ",0,36," 3,143.22 "
1808,4.Plan de pagos,,,,,,," 8,000.00 "," 2,800.00 "," 2,800.00 "," 11,150.00 "," 2,800.00 "," 2,800.00 "," 2,800.00 "," 2,800.00 "," 2,800.00 "," 2,800.00 "," 22,300.00 "," 2,800.00 "," 2,800.00 "," 2,800.00 "," 2,800.00 "," 16,725.00 "," 2,800.00 "," 2,800.00 "," 2,800.00 "," 2,800.00 "," 2,800.00 "," 2,800.00 "," 22,300.00 "," 2,800.00 "," 8,133.51 ",,,,,,,,,,,,,,,,,,,,,," 141,808.51 ", -   ," 141,808.51 ",0,25," 5,672.34 "
1901,4.Plan de pagos," 15,000.00 "," 1,000.00 "," 1,000.00 "," 1,000.00 "," 1,000.00 "," 1,000.00 "," 1,000.00 "," 1,000.00 "," 1,000.00 "," 1,000.00 "," 1,000.00 "," 1,000.00 "," 1,000.00 "," 1,000.00 "," 1,000.00 "," 1,000.00 "," 1,000.00 "," 1,000.00 "," 1,000.00 "," 1,000.00 "," 1,000.00 "," 1,000.00 "," 1,000.00 "," 1,000.00 "," 1,000.00 "," 1,000.00 "," 1,000.00 "," 1,000.00 "," 1,000.00 "," 1,000.00 "," 1,000.00 "," 1,000.00 "," 1,000.00 "," 1,000.00 "," 1,000.00 "," 24,882.00 ",,,,,,,,,,,,,,,,," 73,882.00 ", -   ," 73,882.00 ",0,36," 2,052.28 "
1902,4.Plan de pagos,,,,,," 6,000.00 "," 4,507.00 "," 4,507.00 "," 4,507.00 "," 4,507.00 "," 4,507.00 "," 4,507.00 "," 4,507.00 "," 4,507.00 "," 4,507.00 "," 4,507.00 "," 4,507.00 "," 4,507.00 "," 4,507.00 "," 4,507.00 "," 4,507.00 "," 4,507.00 "," 4,507.00 "," 4,507.00 "," 4,507.00 "," 4,507.00 "," 4,507.00 "," 4,507.00 "," 4,507.00 "," 4,507.00 "," 4,507.00 "," 4,507.00 "," 4,507.00 "," 4,511.00 ",,,,,,,,,,,,,,,,,,," 132,200.00 ", -   ," 132,200.00 ",0,29," 4,558.62 "
1903,4.Plan de pagos,,,,,," 6,000.00 "," 4,523.00 "," 4,523.00 "," 4,523.00 "," 4,523.00 "," 4,523.00 "," 4,523.00 "," 4,523.00 "," 4,523.00 "," 4,523.00 "," 4,523.00 "," 4,523.00 "," 4,523.00 "," 4,523.00 "," 4,523.00 "," 4,523.00 "," 4,523.00 "," 4,523.00 "," 4,523.00 "," 4,523.00 "," 4,523.00 "," 4,523.00 "," 4,523.00 "," 4,523.00 "," 4,523.00 "," 4,523.00 "," 4,523.00 "," 4,523.00 "," 4,529.00 ",,,,,,,,,,,,,,,,,,," 132,650.00 ", -   ," 132,650.00 ",0,29," 4,574.14 "
1904,4.Plan de pagos,,,,,," 6,000.00 "," 4,507.00 "," 4,507.00 "," 4,507.00 "," 4,507.00 "," 4,507.00 "," 4,507.00 "," 4,507.00 "," 4,507.00 "," 4,507.00 "," 4,507.00 "," 4,507.00 "," 4,507.00 "," 4,507.00 "," 4,507.00 "," 4,507.00 "," 4,507.00 "," 4,507.00 "," 4,507.00 "," 4,507.00 "," 4,507.00 "," 4,507.00 "," 4,507.00 "," 4,507.00 "," 4,507.00 "," 4,507.00 "," 4,507.00 "," 4,507.00 "," 4,511.00 ",,,,,,,,,,,,,,,,,,," 132,200.00 ", -   ," 132,200.00 ",0,29," 4,558.62 "
1905,4.Plan de pagos,,,,,," 6,000.00 "," 4,661.00 "," 4,661.00 "," 4,661.00 "," 4,661.00 "," 4,661.00 "," 4,661.00 "," 4,661.00 "," 4,661.00 "," 4,661.00 "," 4,661.00 "," 4,661.00 "," 4,661.00 "," 4,661.00 "," 4,661.00 "," 4,661.00 "," 4,661.00 "," 4,661.00 "," 4,661.00 "," 4,661.00 "," 4,661.00 "," 4,661.00 "," 4,661.00 "," 4,661.00 "," 4,661.00 "," 4,661.00 "," 4,661.00 "," 4,661.00 "," 4,653.00 ",,,,,,,,,,,,,,,,,,," 136,500.00 ", -   ," 136,500.00 ",0,29," 4,706.90 "
,,,,,,,,,,,,,,,,,,,,,,,,,,,,,,,,,,,,,,,,,,,,,,,,,,,,,,,,,,,
Estimaci—n a recibir,," 240,000.00 "," 231,447.00 "," 229,681.00 "," 417,628.85 "," 397,821.17 "," 526,320.00 "," 426,343.00 "," 443,429.00 "," 526,286.55 "," 537,872.55 "," 540,107.55 "," 628,238.55 "," 677,841.55 "," 686,586.55 "," 756,504.55 "," 753,835.55 "," 860,072.55 "," 1,698,407.57 "," 934,030.65 "," 900,615.55 "," 1,072,928.55 "," 1,790,369.79 "," 1,233,786.55 "," 1,316,384.55 "," 1,371,088.55 "," 1,028,214.77 "," 1,143,422.38 "," 1,194,877.37 "," 3,052,315.04 "," 1,321,529.46 "," 1,344,248.78 "," 861,800.69 "," 779,813.08 "," 895,093.52 "," 618,672.92 "," 663,529.31 "," 477,272.70 "," 499,181.10 "," 524,022.36 "," 823,652.45 "," 8,832.47 ", -   , -   , -   , -   , -   , -   , -   , -   , -   , -   , -   ," 32,649,504.91 ",,,,,
Estimaci—n a recibir Mayo 2025,,,,,,,,,,,,,,,,,,,,,,,,,,,,,,,,,,,,,,,,,,,,,,,,,,,,,,,,,,,
Estimaci—n flujo acumulado,," 240,000.00 "," 471,447.00 "," 701,128.00 "," 1,118,756.85 "," 1,516,578.02 "," 2,042,898.02 "," 2,469,241.02 "," 2,912,670.02 "," 3,438,956.57 "," 3,976,829.12 "," 4,516,936.67 "," 5,145,175.22 "," 5,823,016.77 "," 6,509,603.32 "," 7,266,107.87 "," 8,019,943.42 "," 8,880,015.97 "," 10,578,423.54 "," 11,512,454.19 "," 12,413,069.74 "," 13,485,998.29 "," 15,276,368.08 "," 16,510,154.63 "," 17,826,539.18 "," 19,197,627.73 "," 20,225,842.50 "," 21,369,264.88 "," 22,564,142.25 "," 25,616,457.29 "," 26,937,986.75 "," 28,282,235.53 "," 29,144,036.22 "," 29,923,849.30 "," 30,818,942.82 "," 31,437,615.74 "," 32,101,145.05 "," 32,578,417.75 "," 33,077,598.85 "," 33,601,621.21 "," 34,425,273.66 "," 34,434,106.13 "," 34,434,106.13 "," 34,434,106.13 "," 34,434,106.13 "," 34,434,106.13 "," 34,434,106.13 "," 34,434,106.13 "," 34,434,106.13 "," 34,434,106.13 "," 34,434,106.13 "," 34,434,106.13 "," 34,434,106.13 "," 1,784,601.22 ",,,,,
,,,,,,,,,,,,,,,,,,,,,,,,,,,,,,,,,,,,,,,,,,,,,,,,,,,,,,,,,,,
Total de Cuotas F&F y Casos Especiales,," 87,000.00 "," 40,196.00 "," 34,696.00 "," 34,696.00 "," 34,696.00 "," 82,696.00 "," 67,906.00 "," 73,906.00 "," 106,690.55 "," 119,890.55 "," 79,890.55 "," 79,890.55 "," 79,890.55 "," 87,890.55 "," 84,391.55 "," 84,391.55 "," 84,391.55 "," 84,391.55 "," 84,391.55 "," 84,391.55 "," 84,391.55 "," 103,523.55 "," 84,391.55 "," 84,391.55 "," 84,391.55 "," 84,391.55 "," 84,391.55 "," 84,391.55 "," 84,391.55 "," 102,710.38 "," 79,826.08 "," 57,155.00 "," 57,155.00 "," 57,173.00 "," 64,892.72 "," 78,894.95 ", -   , -   , -   , -   , -   , -   , -   , -   , -   , -   , -   , -   , -   , -   , -   , -   ,,,,,,
,,,,,,,,,,,,,,,,,,,,,,,,,,,,,,,,,,,,,,,,,,,,,,,,,,,,,,,,,,,
F&F (Que NO pagan Cuotas),," 15,000.00 "," 1,000.00 "," 1,000.00 "," 1,000.00 "," 1,000.00 "," 43,000.00 "," 30,154.00 "," 30,154.00 "," 66,138.55 "," 42,138.55 "," 42,138.55 "," 42,138.55 "," 42,138.55 "," 42,138.55 "," 42,138.55 "," 42,138.55 "," 42,138.55 "," 42,138.55 "," 42,138.55 "," 42,138.55 "," 42,138.55 "," 42,138.55 "," 42,138.55 "," 42,138.55 "," 42,138.55 "," 42,138.55 "," 42,138.55 "," 42,138.55 "," 42,138.55 "," 42,138.45 "," 30,139.00 "," 24,459.00 "," 24,459.00 "," 24,477.00 "," 1,000.00 "," 24,882.00 ", -   , -   , -   , -   , -   , -   , -   , -   , -   , -   , -   , -   , -   , -   , -   , -   ,,,,,,
F&F (Que Sê pagan Cuotas),," 72,000.00 "," 39,196.00 "," 33,696.00 "," 33,696.00 "," 33,696.00 "," 39,696.00 "," 37,752.00 "," 43,752.00 "," 40,552.00 "," 77,752.00 "," 37,752.00 "," 37,752.00 "," 37,752.00 "," 45,752.00 "," 42,253.00 "," 42,253.00 "," 42,253.00 "," 42,253.00 "," 42,253.00 "," 42,253.00 "," 42,253.00 "," 61,385.00 "," 42,253.00 "," 42,253.00 "," 42,253.00 "," 42,253.00 "," 42,253.00 "," 42,253.00 "," 42,253.00 "," 60,571.93 "," 49,687.08 "," 32,696.00 "," 32,696.00 "," 32,696.00 "," 63,892.72 "," 54,012.95 ", -   , -   , -   , -   , -   , -   , -   , -   , -   , -   , -   , -   , -   , -   , -   , -   ,,,,,,
Diferencia,, -   , -   , -   , -   , -   , -   , -   , -   , -   , -   , -   , -   , -   , -   , -   , -   , -   , -   , -   , -   , -   , -   , -   , -   , -   , -   , -   , -   , -   , -   , -   , -   , -   , -   , -   , -   , -   , -   , -   , -   , -   , -   , -   , -   , -   , -   , -   , -   , -   , -   , -   , -   ,,,,,,
,,,,,,,,,,,,,,,,,,,,,,,,,,,,,,,,,,,,,,,,,,,,,,,,,,,,,,,,,,,
Flujo Neto (sin F&F y Casos Esp),," 153,000.00 "," 191,251.00 "," 194,985.00 "," 382,932.85 "," 363,125.17 "," 443,624.00 "," 358,437.00 "," 369,523.00 "," 419,596.00 "," 417,982.00 "," 460,217.00 "," 548,348.00 "," 597,951.00 "," 598,696.00 "," 672,113.00 "," 669,444.00 "," 775,681.00 "," 1,614,016.02 "," 849,639.10 "," 816,224.00 "," 988,537.00 "," 1,686,846.24 "," 1,149,395.00 "," 1,231,993.00 "," 1,286,697.00 "," 943,823.22 "," 1,059,030.83 "," 1,110,485.82 "," 2,967,923.49 "," 1,218,819.08 "," 1,264,422.70 "," 804,645.69 "," 722,658.08 "," 837,920.52 "," 553,780.20 "," 584,634.36 "," 477,272.70 "," 499,181.10 "," 524,022.36 "," 823,652.45 "," 8,832.47 ", -   , -   , -   , -   , -   , -   , -   , -   , -   , -   , -   ,,,,,,
,,,,,,,,,,,,,,,,,,,,,,,,,,,,,,,,,,,,,,,,,,,,,,,,,,,,,,,,,,,
Acumulado sin F&F,," 153,000.00 "," 344,251.00 "," 539,236.00 "," 922,168.85 "," 1,285,294.02 "," 1,728,918.02 "," 2,087,355.02 "," 2,456,878.02 "," 2,876,474.02 "," 3,294,456.02 "," 3,754,673.02 "," 4,303,021.02 "," 4,900,972.02 "," 5,499,668.02 "," 6,171,781.02 "," 6,841,225.02 "," 7,616,906.02 "," 9,230,922.04 "," 10,080,561.14 "," 10,896,785.14 "," 11,885,322.14 "," 13,572,168.38 "," 14,721,563.38 "," 15,953,556.38 "," 17,240,253.38 "," 18,184,076.60 "," 19,243,107.43 "," 20,353,593.25 "," 23,321,516.74 "," 24,540,335.82 "," 25,804,758.52 "," 26,609,404.21 "," 27,332,062.29 "," 28,169,982.81 "," 28,723,763.01 "," 29,308,397.37 "," 29,785,670.07 "," 30,284,851.17 "," 30,808,873.53 "," 31,632,525.98 "," 31,641,358.45 "," 31,641,358.45 "," 31,641,358.45 "," 31,641,358.45 "," 31,641,358.45 "," 31,641,358.45 "," 31,641,358.45 "," 31,641,358.45 "," 31,641,358.45 "," 31,641,358.45 "," 31,641,358.45 "," 31,641,358.45 ",,,,,,
,,,,,,,,,,,,,,,,,,,,,,,,,,,,,,,,,,,,,,,,,,,,,,,,,,,,,,,,,,,
,,,,,,,,,,,,,,,,,,,,,,,,,,,,,,,,,,,,,,,,,,,,,,,,,,,,,,,,,,,
,,,,,,,,,,,,,,,,,,,,,,,,,,,,,,,,,,,,,,,,,,,,,,,,,,,,,,,,,,,
,,,,,,,,,,,,,,,,,,,,,,,,,,,,,,,,,,,,,,,,,,,,,,,,,,,,,,,,,,,
,,,,,,,,,,,,,,,,,,,,,,,,,,,,,,,,,,,,,,,,,,,,,,,,,,,,,,,,,,,
,,,,,,,,,,,,,,,,,,,,,,,,,,,,,,,,,,,,,,,,,,,,,,,,,,,,,,,,,,,
,,,,,,,,,,,,,,,,,,,,,,,,,,,,,,,,,,,,,,,,,,,,,,,,,,,,,,,,,,,
,,,,,,,,,,,,,,,,,,,,,,,,,,,,,,,,,,,,,,,,,,,,,,,,,,,,,,,,,,,
,,,,,,,,,,,,,,,,,,,,,,,,,,,,,,,,,,,,,,,,,,,,,,,,,,,,,,,,,,,
,,,,,,,,,,,,,,,,,,,,,,,,,,,,,,,,,,,,,,,,,,,,,,,,,,,,,,,,,,,
,,,,,,,,,,,,,,,,,,,,,,,,,,,,,,,,,,,,,,,,,,,,,,,,,,,,,,,,,,,
,,,,,,,,,,,,,,,,,,,,,,,,,,,,,,,,,,,,,,,,,,,,,,,,,,,,,,,,,,,
,,,,,,,,,,,,,,,,,,,,,,,,,,,,,,,,,,,,,,,,,,,,,,,,,,,,,,,,,,,
,,,,,,,,,,,,,,,,,,,,,,,,,,,,,,,,,,,,,,,,,,,,,,,,,,,,,,,,,,,
,,,,,,,,,,,,,,,,,,,,,,,,,,,,,,,,,,,,,,,,,,,,,,,,,,,,,,,,,,,
,,,,,,,,,,,,,,,,,,,,,,,,,,,,,,,,,,,,,,,,,,,,,,,,,,,,,,,,,,,
,,,,,,,,,,,,,,,,,,,,,,,,,,,,,,,,,,,,,,,,,,,,,,,,,,,,,,,,,,,
,,,,,,,,,,,,,,,,,,,,,,,,,,,,,,,,,,,,,,,,,,,,,,,,,,,,,,,,,,,
,,,,,,,,,,,,,,,,,,,,,,,,,,,,,,,,,,,,,,,,,,,,,,,,,,,,,,,,,,,
,,,,,,,,,,,,,,,,,,,,,,,,,,,,,,,,,,,,,,,,,,,,,,,,,,,,,,,,,,,
,,,,,,,,,,,,,,,,,,,,,,,,,,,,,,,,,,,,,,,,,,,,,,,,,,,,,,,,,,,
,,,,,,,,,,,,,,,,,,,,,,,,,,,,,,,,,,,,,,,,,,,,,,,,,,,,,,,,,,,
,,,,,,,,,,,,,,,,,,,,,,,,,,,,,,,,,,,,,,,,,,,,,,,,,,,,,,,,,,,
,,,,,,,,,,,,,,,,,,,,,,,,,,,,,,,,,,,,,,,,,,,,,,,,,,,,,,,,,,,
,,,,,,,,,,,,,,,,,,,,,,,,,,,,,,,,,,,,,,,,,,,,,,,,,,,,,,,,,,,
,,,,,,,,,,,,,,,,,,,,,,,,,,,,,,,,,,,,,,,,,,,,,,,,,,,,,,,,,,,
,,,,,,,,,,,,,,,,,,,,,,,,,,,,,,,,,,,,,,,,,,,,,,,,,,,,,,,,,,,
,,,,,,,,,,,,,,,,,,,,,,,,,,,,,,,,,,,,,,,,,,,,,,,,,,,,,,,,,,,