,,,,,,,,,,,,,,,,,,,,,,,,,,,,,,,,,,,,,,,,,,,,,**Actualizar la columna AT meses sin pago,,,,,,,,"SI(Y(BA127=""Vendido"",G127>=0,BJ127<=AS127,AS127<AZ127),""Cliente al día"",SI(Y(BA127=""Vendido"",G127>=0,BJ127<=AS127,AS127=AZ127),""Enganche Completado"",SI(Y(BA127=""Vendido"",G127>=0,BJ127<AS127,AS127>AZ127),""Superávit de Enganche"",SI(Y(BA127=""Apartamento Disponible"",G127=0,AV127=0),""Disponible"",""Cliente Atrasado"")))))",,,,,,,,,,,,,,,,,,,,,,,,,,,,,,
,"INMOBILIARIA EL GRAN JAGUAR, S.A.",,,,,,,,,,,,,,,,,,,,,,,,,,,,,,,,,,,,,,,,,,,,,,,,,,,,,,,,,,,,,,,,,,,,,,,,,,,,,,,,,,
,BOULEVARD 5,,26/01/26,,,,,,,,,,,,,,,,,,,,,,,,,,,,,,,,,,,,,,,,,,61140,,,,,,,,,,,,,,,,,,,,,,,,,,,,,,,,,,,,,,
,#N/A,,,,,,,,,,,,,,,,,,,,,,,,,,,,,,,,,,,,,,,,,,,,"-1,670.00 ",,,,,,,,,,,,,,,,,,,,,,,,,,,,,,,,,,,,,,
,1,2,3,4,5,6,7,8,9,10,11,12,13,14,15,16,17,18,19,20,21,22,23,24,25,26,27,28,29,30,31,32,33,34,35,36,37,38,39,40,41,42,43,44,,Enganche Completado,,,,,,,,,,,**,**,**,**,,,,,,,,,,,,,,,,VALORES QUE DEBE ESCRITURARSE,,,,,,,
,Apto.,Tipo.,Notas,Vendedor,Cliente,Fecha Reserva,Estatus,Precio de Venta,Enganche,Mar-23,Apr-23,May-23,Jun-23,Jul-23,Aug-23,Sep-23,Oct-23,Nov-23,Dec-23,Jan-24,Feb-24,Mar-24,Apr-24,May-24,Jun-24,Jul-24,Aug-24,Sep-24,Oct-24,Nov-24,Dec-24,Jan-25,Feb-25,Mar-25,Apr-25,May-25,Jun-25,Jul-25,Aug-25,Sep-25,Oct-25,Nov-25,Dec-25,Jan-26,"TOTAL
ENGANCHES Y RESERVAS",% COBROS,SALDO PENDIENTE ENGANCHE,"% 
PENDIENTE COBRO",SALDO A FINANCIAR POR EL BANCO,"% 
A FINANCIAR",Proyección de Cobros (S/ Modelo Financiero),Status inmueble,ESTATUS CLIENTE,Cuotas Pactadas,Cuota de Enganche,Total cuotas pactadas,Monto de Reserva Pactado,Monto de Cuota Pactada, Cuotas Pagadas , Cantidad de cuotas que deben estar pagadas por el cliente , Monto que debe estar cancelado a la fecha , Monto pagado de cuotas a la fecha , Enganche + Cuotas Extraordinarias Pagadas , Diferencia , Cobro adicional a lo pactado , Cobro no realizado según lo pactado , Cuotas , Caso Especial / F&F , Observaciones ,,,,,,,BASE 70%,BASE 30%,IVA,TIMBRES,VALOR FACTURA,ACCIONES,VALOR A ESCRITURARSE,DIF.
,101,A7.1,,Jose Franco,Karla Michelle Abril Valencia De Galicia,27/03/23,4.Plan de pagos," 644,800.00 "," 64,500.00 "," 6,000.00 "," 1,670.00 "," 1,670.00 "," 1,670.00 "," 1,700.00 "," 1,670.00 "," 1,670.00 "," 1,670.00 "," 1,670.00 "," 1,670.00 "," 1,670.00 "," 1,670.00 "," 1,670.00 "," 1,670.00 "," 1,670.00 "," 1,670.00 "," 1,670.00 "," 1,670.00 "," 1,670.00 "," 1,670.00 "," 1,670.00 "," 1,670.00 "," 1,670.00 "," 1,670.00 "," 1,670.00 "," 1,670.00 "," 1,670.00 "," 1,670.00 "," 1,670.00 "," 1,670.00 "," 1,670.00 "," 1,670.00 "," 1,670.00 "," 1,670.00 "," 1,670.00 "," 62,810.00 ",97%,"-1,690.00 ",-3%," 581,990.00 ",90.26%," 64,500.00 ",Vendido,Cliente al día,35,1,36," 6,000.00 "," 1,670.00 ",34,33," 61,110 "," 55,110 "," 7,700 ", -   ," 1,700 ", -   ,,,,," 1,700 "," 1,700 ", -   ,,," 412,955 "," 176,981 "," 49,555 "," 5,309 "," 462,510 "," 182,290 "," 644,800 ", -   
,102,B4.1,,Erwin Cardona,Irma Leticia Villatoro Bucaro,21/12/25,2.Reserva," 1,154,100.00 "," 80,800.00 ", -   , -   , -   , -   , -   , -   , -   , -   , -   , -   , -   , -   , -   , -   , -   , -   , -   , -   , -   , -   , -   , -   , -   , -   , -   , -   ,,,, -   , -   , -   , -   ," 9,589.29 ",," 9,589.29 ",12%,"-71,210.71 ",-88%," 1,144,510.71 ",99.17%," 80,800.00 ",Vendido,Cliente al día,,,,,,,1, -   , -   , -   ," 9,589 "," 9,589 ", -   ,,,,," 9,589 "," 9,589 ", -   ,,," 739,131 "," 316,770 "," 88,696 "," 9,503 "," 827,827 "," 326,273 "," 1,154,100 ", -   
 F&F ,103,E1.1,,Ronaldo,"International Coffee Industry, S.A",9/01/24,4.Plan de pagos," 1,533,200.00 "," 153,320.00 ", -   , -   , -   , -   , -   , -   , -   , -   , -   , -   , -   , -   , -   , -   , -   , -   , -   , -   , -   , -   , -   , -   , -   , -   , -   , -   ,,,, -   , -   , -   , -   ,,, -   ,0%,"-153,320.00 ",-100%," 1,533,200.00 ",100.00%," 153,320.00 ",Vendido,Cliente Atrasado,27,1,28," 6,000.00 "," 5,261.00 ",,24," 132,264 ", -   , -   , -   , -   ," 132,264 ",,F&F,,,"-132,264 ","-132,264 ", -   ,,," 981,921 "," 420,823 "," 117,831 "," 12,625 "," 1,099,752 "," 433,448 "," 1,533,200 ", -   
,104,A4.1,,Antonio Rada,Jonathan José Morales Salazar,2/08/23,4.Plan de pagos," 727,800.00 "," 145,600.00 ", -   , -   , -   , -   , -   ," 6,000.00 "," 94,000.00 "," 1,824.00 "," 1,824.00 "," 1,824.00 "," 1,824.00 "," 1,824.00 "," 1,824.00 "," 1,824.00 "," 1,824.00 "," 1,824.00 "," 1,824.00 "," 1,824.00 "," 1,824.00 "," 1,824.00 "," 1,824.00 "," 1,824.00 "," 1,824.00 "," 1,824.00 "," 1,824.00 "," 1,824.00 "," 1,824.00 "," 1,824.00 "," 1,824.00 "," 1,824.00 "," 1,824.00 "," 1,824.00 ", -   ,,," 145,600.00 ",100%,0.00 ,0%," 582,200.00 ",79.99%," 145,600.00 ",Vendido,Cliente Atrasado,25,1,26," 100,000.00 "," 1,824.00 ",27,29," 152,896 "," 45,600 "," 100,000 ", -   , -   ," 7,296 ",4,,"*Revisado, al finalizar del enganche pagará la cuota pendiente.",,"-7,296 ","-7,296 ", -   ,,," 466,112 "," 199,762 "," 55,933 "," 5,993 "," 522,045 "," 205,755 "," 727,800 ",-0 
,105,B7.1,,Erwin Cardona,Nery Adolfo Ortíz Alvarez,9/12/25,2.Reserva," 1,192,700.00 "," 83,500.00 ", -   , -   , -   , -   , -   , -   , -   , -   , -   , -   , -   , -   , -   , -   , -   , -   , -   , -   , -   , -   , -   , -   , -   , -   , -   , -   ,,,, -   , -   , -   , -   ," 10,000.00 ",," 10,000.00 ",12%,"-73,500.00 ",-88%," 1,182,700.00 ",99.16%," 83,500.00 ",Vendido,Cliente al día,,,,,,,1, -   , -   , -   ," 10,000 "," 10,000 ", -   ,,,,," 10,000 "," 10,000 ", -   ,,," 763,852 "," 327,365 "," 91,662 "," 9,821 "," 855,514 "," 337,186 "," 1,192,700 ",-0 
,106,B2.1,,Erwin Cardona,Claudia Ruth Marianella Paiz Herrera de Alvarez,22/12/25,2.Reserva," 1,348,900.00 "," 94,400.00 ", -   , -   , -   , -   , -   , -   , -   , -   , -   , -   , -   , -   , -   , -   , -   , -   , -   , -   , -   , -   , -   , -   , -   , -   , -   , -   ,,,, -   , -   , -   , -   ," 10,000.00 "," 14,100.00 "," 24,100.00 ",26%,"-70,300.00 ",-74%," 1,324,800.00 ",98.21%," 94,400.00 ",Vendido,Cliente al día,,,,,,,1, -   , -   , -   ," 24,100 "," 24,100 ", -   ,,,,," 24,100 "," 24,100 ", -   ,,," 863,888 "," 370,238 "," 103,667 "," 11,107 "," 967,555 "," 381,345 "," 1,348,900 ", 0 
,107,B6.1,,,,,1.Disponible," 1,135,500.00 "," 79,500.00 ", -   , -   , -   , -   , -   , -   , -   , -   , -   , -   , -   , -   , -   , -   , -   , -   , -   , -   , -   , -   , -   , -   , -   , -   , -   , -   ,,,, -   , -   , -   , -   ,,, -   ,0%,0.00 ,0%," 1,135,500.00 ",100.00%, -   ,Disponible,Disponible,,,,,,,, -   , -   , -   , -   , -   , -   ,,,,, -   , -   , -   ,,," 727,219 "," 311,665 "," 87,266 "," 9,350 "," 814,485 "," 321,015 "," 1,135,500 ",-0 
,108,B1.1,,,,,1.Disponible," 1,319,300.00 "," 92,400.00 ", -   , -   , -   , -   , -   , -   , -   , -   , -   , -   , -   , -   , -   , -   , -   , -   , -   , -   , -   , -   , -   , -   , -   , -   , -   , -   ,,,, -   , -   , -   , -   ,,, -   ,0%,0.00 ,0%," 1,319,300.00 ",100.00%, -   ,Disponible,Disponible,,,,,,,, -   , -   , -   , -   , -   , -   ,,,,, -   , -   , -   ,,," 844,931 "," 362,113 "," 101,392 "," 10,863 "," 946,323 "," 372,977 "," 1,319,300 ", -   
,109,E2.1,,Antonio Rada,Laura Elisa Ovalle Gonzalez,28/06/24,4.Plan de pagos," 1,486,576.00 "," 148,676.00 ", -   , -   , -   , -   , -   , -   , -   , -   , -   , -   , -   , -   , -   , -   , -   ," 5,000.00 "," 5,000.00 "," 7,704.00 "," 7,704.00 "," 7,704.00 "," 7,704.00 "," 7,704.00 "," 7,704.00 "," 7,704.00 "," 7,704.00 "," 7,704.00 "," 7,704.00 "," 7,704.00 "," 7,704.00 "," 7,704.00 "," 7,704.00 ", -   ," 7,704.00 "," 15,408.00 "," 7,704.00 "," 148,672.00 ",100%,-4.00 ,0%," 1,337,904.00 ",90.00%," 148,676.00 ",Vendido,Cliente al día,18,1,19," 10,000.00 "," 7,704.00 ",18,18," 148,672 "," 133,264 "," 15,408 ", -   , -   , -   ,,,"*Revisado, al finalizar del enganche pagará la cuota pendiente.",, -   , -   , -   ,,," 952,061 "," 408,026 "," 114,247 "," 12,241 "," 1,066,309 "," 420,267 "," 1,486,576 ", -   
,110,A2.1,,Antonio Rada,Karla Suzel Ruiz Sanchinelli De Alonzo,11/06/23,4.Plan de pagos," 680,900.00 "," 68,100.00 ", -   , -   , -   ," 6,000.00 ", -   ," 2,388.00 "," 2,388.00 "," 2,388.00 "," 2,388.00 "," 2,388.00 "," 2,388.00 "," 2,388.00 "," 2,388.00 "," 2,388.00 "," 2,388.00 "," 2,388.00 "," 2,388.00 "," 2,388.00 "," 2,388.00 "," 2,388.00 "," 2,388.00 "," 2,388.00 "," 2,388.00 "," 2,388.00 "," 2,388.00 "," 2,388.00 "," 2,388.00 "," 2,388.00 "," 2,388.00 "," 2,388.00 "," 2,388.00 "," 2,388.00 "," 2,388.00 "," 2,388.00 ",," 75,252.00 ",111%,"7,152.00 ",11%," 605,648.00 ",88.95%," 68,100.00 ",Vendido,Cliente Atrasado,26,1,27," 6,000.00 "," 2,388.00 ",29,31," 80,028 "," 69,252 "," 6,000 ", -   , -   ," 4,776 ",2,,"*Revisado, al finalizar del enganche pagará la cuota pendiente.",,"-4,776 ","-4,776 ", -   ,,," 436,075 "," 186,889 "," 52,329 "," 5,607 "," 488,404 "," 192,496 "," 680,900 ", -   
,111,A6.1,,Jose Franco,Jonathan José Morales Salazar / Ingrid Liseth Barillas López,27/03/23,4.Plan de pagos," 696,700.00 "," 69,700.00 "," 6,000.00 ", -   ," 2,820.00 "," 1,820.00 "," 1,820.00 "," 1,820.00 "," 1,820.00 "," 1,820.00 "," 1,820.00 "," 1,820.00 "," 1,820.00 "," 1,820.00 "," 1,820.00 "," 1,820.00 "," 1,820.00 "," 1,820.00 "," 1,820.00 "," 1,820.00 "," 1,820.00 "," 1,820.00 "," 1,820.00 "," 1,820.00 "," 1,820.00 "," 1,820.00 "," 1,820.00 "," 1,820.00 "," 1,820.00 "," 1,820.00 "," 1,820.00 "," 1,820.00 "," 1,820.00 "," 1,820.00 "," 1,820.00 "," 1,820.00 "," 1,820.00 "," 67,060.00 ",96%,"-2,640.00 ",-4%," 629,640.00 ",90.37%," 69,700.00 ",Vendido,Cliente al día,35,1,36," 6,000.00 "," 1,820.00 ",33,33," 66,060 "," 58,240 "," 8,820 ", -   ," 1,000 ", -   ,,,,," 1,000 "," 1,000 ", -   ,,," 446,194 "," 191,226 "," 53,543 "," 5,737 "," 499,737 "," 196,963 "," 696,700 ", -   
,112,A3.1,,Brenda Búcaro,Herbert Osiel Ramos Alfaro / Paula María Vásquez Cifuentes,21/03/23,4.Plan de pagos," 698,900.00 "," 69,900.00 "," 6,000.00 "," 1,826.00 "," 1,826.00 "," 1,826.00 "," 1,826.00 "," 1,826.00 "," 1,826.00 "," 1,826.00 "," 1,826.00 "," 1,826.00 "," 1,826.00 "," 1,826.00 "," 1,826.00 "," 1,826.00 "," 1,826.00 "," 1,826.00 "," 1,826.00 "," 1,826.00 "," 1,826.00 "," 1,826.00 "," 1,826.00 "," 1,826.00 "," 1,976.00 "," 3,502.00 ",," 1,826.00 "," 1,826.00 "," 3,652.00 ",," 1,826.00 "," 1,826.00 "," 1,826.00 "," 1,826.00 "," 1,826.00 "," 1,826.00 "," 68,084.00 ",97%,"-1,816.00 ",-3%," 630,816.00 ",90.26%," 69,900.00 ",Vendido,Cliente al día,35,1,36," 6,000.00 "," 1,826.00 ",32,34," 68,084 "," 52,954 "," 15,130 ", -   , -   , -   ,,,,, -   , -   , -   ,,," 447,603 "," 191,830 "," 53,712 "," 5,755 "," 501,315 "," 197,585 "," 698,900 ", -   
,113,C3.1,ENGANCHE CANCELADO,Antonio Rada,Rodrigo Rodas Pazos,20/11/24,4.Plan de pagos," 1,286,306.04 "," 480,000.00 ", -   , -   , -   , -   , -   , -   , -   , -   , -   , -   , -   , -   , -   , -   , -   , -   , -   , -   , -   , -   ," 10,000.00 "," 470,000.00 ", -   , -   , -   , -   ,,,, -   , -   , -   , -   ,,," 480,000.00 ",100%,0.00 ,0%," 806,306.04 ",62.68%," 480,000.00 ",Vendido,Cliente Atrasado,1,,1," 10,000.00 "," 470,000.00 ",,14," 6,590,000 "," 480,000 ", -   , -   , -   , -   ,, CE ,,,"-6,110,000 ", -   ,"-6,110,000 ",,," 823,801 "," 353,057 "," 98,856 "," 10,592 "," 922,657 "," 363,649 "," 1,286,306 ", -   
 F&F ,114,C2.1,,Antonio Rada,Mauricio Arimany Monzon,27/03/23,4.Plan de pagos," 993,625.75 "," 99,425.75 "," 6,000.00 "," 2,669.00 "," 2,669.00 "," 2,669.00 "," 2,669.00 "," 2,669.00 "," 2,669.00 "," 2,669.00 "," 2,669.00 "," 2,669.00 "," 2,669.00 "," 2,669.00 "," 2,669.00 "," 2,669.00 "," 2,669.00 "," 2,669.00 "," 2,669.00 "," 2,669.00 "," 5,338.00 ", -   ," 2,669.00 "," 2,669.00 "," 2,669.00 ", -   , -   , -   ,,,, -   , -   , -   , -   ,,," 64,718.00 ",65%,"-34,707.75 ",-35%," 928,907.75 ",93.49%," 99,425.75 ",Vendido,Cliente Atrasado,35,1,36," 6,000.00 "," 2,669.00 ",21,33," 94,077 "," 53,380 "," 11,338 ", -   , -   ," 29,359 ",,F&F,,,"-29,359 ","-29,359 ", -   ,,," 636,357 "," 272,724 "," 76,363 "," 8,182 "," 712,720 "," 280,906 "," 993,626 ", 0 
,201,B7,,,,,1.Disponible," 1,295,000.00 "," 90,700.00 ", -   , -   , -   , -   , -   , -   , -   , -   , -   , -   , -   , -   , -   , -   , -   , -   , -   , -   , -   , -   , -   , -   , -   , -   , -   , -   ,,,, -   , -   , -   , -   ,,, -   ,0%,0.00 ,0%," 1,295,000.00 ",100.00%, -   ,Disponible,Disponible,,,,,,,, -   , -   , -   , -   , -   , -   ,,,,, -   , -   , -   ,,," 829,369 "," 355,444 "," 99,524 "," 10,663 "," 928,893 "," 366,107 "," 1,295,000 ", -   
,202,B2,,Antonio Rada,Bella Rosana Chaveque Gonzalez,20/03/25,4.Plan de pagos," 1,321,630.19 "," 132,230.19 ", -   , -   , -   , -   , -   , -   , -   , -   , -   , -   , -   , -   , -   , -   , -   , -   , -   , -   , -   , -   , -   , -   , -   , -   ," 10,000.00 "," 10,000.00 "," 10,000.00 "," 8,500.00 "," 10,000.00 "," 8,000.00 "," 8,000.00 "," 8,000.00 "," 8,500.00 "," 10,000.00 "," 9,000.00 "," 100,000.00 ",76%,"-32,230.19 ",-24%," 1,221,630.19 ",92.43%," 132,230.19 ",Vendido,Cliente al día,14,1,15," 10,000.00 "," 8,731.00 ",6,10," 97,310 "," 41,000 "," 59,000 ", -   ," 2,690 ", -   ,,,,," 2,690 "," 2,690 ", -   ,,," 846,424 "," 362,753 "," 101,571 "," 10,883 "," 947,995 "," 373,636 "," 1,321,630 ", 0 
,203,B6,,,,,1.Disponible," 1,250,000.00 "," 87,500.00 ", -   , -   , -   , -   , -   , -   , -   , -   , -   , -   , -   , -   , -   , -   , -   , -   , -   , -   , -   , -   , -   , -   , -   , -   , -   , -   ,,,, -   , -   , -   , -   ,,, -   ,0%,0.00 ,0%," 1,250,000.00 ",100.00%, -   ,Disponible,Disponible,,,,,,,, -   , -   , -   , -   , -   , -   ,,,,, -   , -   , -   ,,," 800,549 "," 343,092 "," 96,066 "," 10,293 "," 896,615 "," 353,385 "," 1,250,000 ", -   
,204,B1,,Antonio Rada,Paulette Leslie Wauthion Jimenez,31/10/24,4.Plan de pagos," 1,015,795.00 "," 101,595.00 ", -   , -   , -   , -   , -   , -   , -   , -   , -   , -   , -   , -   , -   , -   , -   , -   , -   , -   , -   ," 5,000.00 ", -   ," 15,000.00 "," 7,500.00 "," 5,000.00 "," 10,000.00 "," 10,000.00 "," 7,500.00 "," 10,000.00 "," 10,000.00 "," 10,000.00 "," 5,000.00 "," 5,000.00 "," 5,000.00 "," 5,000.00 "," 5,000.00 "," 115,000.00 ",113%,"13,405.00 ",13%," 900,795.00 ",88.68%," 101,595.00 ",Vendido,Superávit de Enganche,19,1,20," 10,000.00 "," 4,821.00 ",9,14," 77,494 ", -   ," 115,000 ", -   ," 37,506 ", -   ,,,,," 37,506 "," 37,506 ", -   ,,," 650,555 "," 278,809 "," 78,067 "," 8,364 "," 728,621 "," 287,174 "," 1,015,795 ", 0 
,205,D7,,Sofia Paredes,Javier Adolfo Hernandez Leon,18/02/25,4.Plan de pagos," 1,364,055.82 "," 136,455.82 ", -   , -   , -   , -   , -   , -   , -   , -   , -   , -   , -   , -   , -   , -   , -   , -   , -   , -   , -   , -   , -   , -   , -   ," 10,000.00 "," 7,903.00 "," 7,903.00 "," 7,903.00 "," 7,903.00 "," 7,903.00 "," 7,903.00 "," 7,903.00 "," 7,903.00 "," 7,903.00 "," 7,903.00 "," 7,903.00 "," 96,933.00 ",71%,"-39,522.82 ",-29%," 1,267,122.82 ",92.89%," 136,455.82 ",Vendido,Cliente al día,16,1,17," 10,000.00 "," 7,903.00 ",11,11," 96,933 "," 86,933 "," 10,000 ", -   , -   , -   ,,,,, -   , -   , -   ,,," 873,595 "," 374,398 "," 104,831 "," 11,232 "," 978,426 "," 385,630 "," 1,364,056 ",-0 
,206,A9,,,,,1.Disponible," 1,009,200.00 "," 70,600.00 ", -   , -   , -   , -   , -   , -   , -   , -   , -   , -   , -   , -   , -   , -   , -   , -   , -   , -   , -   , -   , -   , -   , -   , -   , -   , -   ,,,, -   , -   , -   , -   ,,, -   ,0%,0.00 ,0%," 1,009,200.00 ",100.00%, -   ,Disponible,Disponible,,,,,,,, -   , -   , -   , -   , -   , -   ,,,,, -   , -   , -   ,,," 646,331 "," 276,999 "," 77,560 "," 8,310 "," 723,891 "," 285,309 "," 1,009,200 ", -   
,207,C9,,Anahí Cisneros,,,1.Disponible," 1,509,100.00 "," 105,600.00 ", -   , -   , -   , -   , -   , -   , -   , -   , -   , -   , -   , -   , -   , -   , -   , -   , -   , -   , -   , -   , -   , -   , -   , -   , -   , -   ,,,, -   , -   , -   , -   ,,, -   ,0%,0.00 ,0%," 1,509,100.00 ",100.00%, -   ,Disponible,Disponible,,,,,,,, -   , -   , -   , -   , -   , -   ,,,,, -   , -   , -   ,,," 966,487 "," 414,209 "," 115,978 "," 12,426 "," 1,082,465 "," 426,635 "," 1,509,100 ", -   
,208,C8,,,,,1.Disponible," 1,356,400.00 "," 94,900.00 ", -   , -   , -   , -   , -   , -   , -   , -   , -   , -   , -   , -   , -   , -   , -   , -   , -   , -   , -   , -   , -   , -   , -   , -   , -   , -   ,,,, -   , -   , -   , -   ,,, -   ,0%,0.00 ,0%," 1,356,400.00 ",100.00%, -   ,Disponible,Disponible,,,,,,,, -   , -   , -   , -   , -   , -   ,,,,, -   , -   , -   ,,," 868,692 "," 372,296 "," 104,243 "," 11,169 "," 972,935 "," 383,465 "," 1,356,400 ",-0 
,209,B4,ENGANCHE CANCELADO,Antonio Rada,Igor Alejandro Salazar Zamora,30/06/25,4.Plan de pagos," 1,333,707.58 "," 200,104.18 ", -   , -   , -   , -   , -   , -   , -   , -   , -   , -   , -   , -   , -   , -   , -   , -   , -   , -   , -   , -   , -   , -   , -   , -   , -   , -   ,," 15,000.00 "," 185,104.18 ", -   , -   , -   , -   ,,," 200,104.18 ",100%,0.00 ,0%," 1,133,603.40 ",85.00%," 200,104.18 ",Vendido,Cliente Atrasado,1,,1," 15,000.00 "," 185,104.00 ",,6," 1,125,624 "," 15,000 "," 185,104 ", -   , -   ," 925,520 ",5, CE ,"Pago único a realizarse en Julio 2025 por GTQ 185,104,00",,"-925,520 ","-925,520 ", -   ,,," 854,159 "," 366,068 "," 102,499 "," 10,982 "," 956,658 "," 377,050 "," 1,333,708 ", -   
,210,B3,,Laura Molina,Carlos Alejandro de León Samayoa,21/07/25,4.Plan de pagos," 1,110,148.31 "," 111,048.31 ", -   , -   , -   , -   , -   , -   , -   , -   , -   , -   , -   , -   , -   , -   , -   , -   , -   , -   , -   , -   , -   , -   , -   , -   , -   , -   ,,," 15,000.00 "," 8,731.66 "," 8,731.66 "," 8,731.66 "," 8,731.66 "," 8,731.66 "," 8,731.66 "," 67,389.96 ",61%,"-43,658.35 ",-39%," 1,042,758.35 ",93.93%," 111,048.31 ",Vendido,Cliente al día,11,1,12," 15,000.00 "," 8,731.66 ",6,6," 67,390 "," 52,390 "," 15,000 ", -   , -   , -   ,,,,, -   , -   , -   ,,," 710,982 "," 304,707 "," 85,318 "," 9,141 "," 796,300 "," 313,848 "," 1,110,148 ",-0 
,211,E1,,,,,1.Disponible," 1,615,400.00 "," 113,100.00 ", -   , -   , -   , -   , -   , -   , -   , -   , -   , -   , -   , -   , -   , -   , -   , -   , -   , -   , -   , -   , -   , -   , -   , -   , -   , -   ,,,, -   , -   , -   , -   ,,, -   ,0%,0.00 ,0%," 1,615,400.00 ",100.00%, -   ,Disponible,Disponible,,,,,,,, -   , -   , -   , -   , -   , -   ,,,,, -   , -   , -   ,,," 1,034,565 "," 443,385 "," 124,148 "," 13,302 "," 1,158,713 "," 456,687 "," 1,615,400 ", 0 
,212,A4,,Antonio Rada,Julio Eduardo Farnes Bucaro,14/11/23,4.Plan de pagos," 714,937.50 "," 71,537.50 ", -   , -   , -   , -   , -   , -   , -   , -   ," 8,000.00 "," 2,888.00 "," 2,888.00 "," 2,888.00 "," 2,888.00 "," 2,888.00 "," 2,888.00 "," 2,888.00 "," 2,888.00 "," 2,888.00 "," 2,888.00 "," 2,888.00 "," 2,888.00 "," 2,888.00 "," 2,888.00 "," 2,888.00 "," 2,888.00 "," 2,888.00 "," 2,888.00 "," 2,888.00 "," 2,888.00 "," 2,888.00 "," 2,888.00 ", -   , -   ,,," 71,536.00 ",100%,-1.50 ,0%," 643,401.50 ",89.99%," 71,537.50 ",Vendido,Cliente Atrasado,22,1,23," 8,000.00 "," 2,888.00 ",22,26," 83,088 "," 63,536 "," 8,000 ", -   , -   ," 11,552 ",4,,,,"-11,552 ","-11,552 ", -   ,,," 457,874 "," 196,232 "," 54,945 "," 5,887 "," 512,819 "," 202,119 "," 714,938 ", -   
,213,A8,,Sofia Paredes,Carlos Humberto Rivera Carrillo ,7/02/25,4.Plan de pagos," 806,418.74 "," 80,718.74 ", -   , -   , -   , -   , -   , -   , -   , -   , -   , -   , -   , -   , -   , -   , -   , -   , -   , -   , -   , -   , -   , -   , -   ," 10,000.00 ", -   ," 11,539.72 "," 5,000.00 ",," 10,000.00 ", -   ," 5,000.00 "," 5,000.00 "," 5,000.00 "," 5,000.00 ",," 56,539.72 ",70%,"-24,179.02 ",-30%," 749,879.02 ",92.99%," 80,718.74 ",Vendido,Cliente Atrasado,16,1,17," 10,000.00 "," 4,420.00 ",5,11," 58,620 ", -   ," 56,540 ", -   , -   ," 2,080 ",1,,,,"-2,080 ","-2,080 ", -   ,,," 516,462 "," 221,341 "," 61,975 "," 6,640 "," 578,438 "," 227,981 "," 806,419 ", 0 
,214,A1,,Antonio Rada,Jorge Daniel Baca Chiroy,29/11/23,4.Plan de pagos," 720,472.50 "," 72,072.50 ", -   , -   , -   , -   , -   , -   , -   , -   ," 5,500.00 "," 3,025.00 "," 3,025.00 ", -   , -   , -   , -   ," 6,050.00 ", -   , -   ," 15,130.00 ", -   ," 9,078.00 ",, -   ," 9,078.00 ", -   ," 6,056.00 "," 3,025.00 "," 12,105.50 ",, -   , -   , -   , -   ,,," 72,072.50 ",100%,0.00 ,0%," 648,400.00 ",90.00%," 72,072.50 ",Vendido,Cliente Atrasado,22,1,23," 5,500.00 "," 3,026.00 ",3,25," 81,150 "," 9,075 "," 62,998 ", -   , -   ," 9,078 ",3,,,,"-9,078 ","-9,078 ", -   ,,," 461,419 "," 197,751 "," 55,370 "," 5,933 "," 516,789 "," 203,683 "," 720,473 ", 0 
,215,C4,,Antonio Rada,Lidia Elizabeth Pocasangre Rac,2/03/24,4.Plan de pagos," 965,900.00 "," 96,600.00 ", -   , -   , -   , -   , -   , -   , -   , -   , -   , -   , -   , -   ," 8,000.00 "," 5,000.00 "," 5,000.00 "," 5,000.00 "," 5,000.00 "," 5,000.00 "," 5,000.00 "," 4,500.00 "," 5,500.00 "," 5,000.00 "," 5,000.00 "," 5,000.00 "," 5,000.00 "," 5,000.00 "," 5,000.00 "," 5,000.00 "," 5,000.00 "," 5,000.00 "," 5,000.00 ", -   , -   ," 2,000.00 ",," 100,000.00 ",104%,"3,400.00 ",4%," 865,900.00 ",89.65%," 96,600.00 ",Vendido,Cliente Atrasado,18,1,19," 8,000.00 "," 4,922.00 ",19,22," 116,284 "," 6,500 "," 93,500 ", -   , -   ," 16,284 ",4,,,,"-16,284 ","-16,284 ", -   ,,," 618,600 "," 265,114 "," 74,232 "," 7,953 "," 692,832 "," 273,068 "," 965,900 ",-0 
,216,C1,ENGANCHE CANCELADO,Antonio Rada,Narvesters Gabriell Moreno Cedeño,9/03/24,4.Plan de pagos," 980,700.00 "," 98,100.00 ", -   , -   , -   , -   , -   , -   , -   , -   , -   , -   , -   , -   ," 8,000.00 "," 5,006.00 "," 5,006.00 "," 5,006.00 "," 10,012.00 "," 15,018.00 "," 20,024.00 "," 25,030.00 "," 30,000.00 "," 35,000.00 "," 40,000.00 "," 40,000.00 "," 40,000.00 "," 50,000.00 "," 50,000.00 "," 50,000.00 "," 52,000.00 "," 60,000.00 "," 44,000.00 "," 45,000.00 "," 51,598.00 "," 50,000.00 "," 50,000.00 "," 780,700.00 ",796%,"682,600.00 ",696%," 200,000.00 ",20.39%," 98,100.00 ",Vendido,Superávit de Enganche,18,1,19," 8,000.00 "," 5,006.00 ",3,22," 118,132 "," 15,018 "," 765,682 ", -   ," 662,568 ", -   ,,,,," 662,568 "," 662,568 ", -   ,,," 628,079 "," 269,177 "," 75,369 "," 8,075 "," 703,448 "," 277,252 "," 980,700 ", -   
,301,C3,,Antonio Rada,Jonathan Kiril Thomas Menkos,21/07/24,4.Plan de pagos," 1,273,000.00 "," 127,300.00 ", -   , -   , -   , -   , -   , -   , -   , -   , -   , -   , -   , -   , -   , -   , -   , -   ," 10,000.00 "," 13,800.00 "," 6,900.00 ", -   ," 6,900.00 "," 6,900.00 "," 6,900.00 "," 6,900.00 "," 6,900.00 "," 6,900.00 "," 6,900.00 "," 6,900.00 "," 6,900.00 "," 6,900.00 "," 6,900.00 "," 6,900.00 "," 6,900.00 "," 6,900.00 ",," 127,300.00 ",100%,0.00 ,0%," 1,145,700.00 ",90.00%," 127,300.00 ",Vendido,Cliente Atrasado,17,1,18," 10,000.00 "," 6,900.00 ",15,18," 134,200 "," 103,500 "," 23,800 ", -   , -   ," 6,900 ",1,,,,"-6,900 ","-6,900 ", -   ,,," 815,279 "," 349,405 "," 97,833 "," 10,482 "," 913,113 "," 359,887 "," 1,273,000 ", 0 
,302,C2,,Anahí Cisneros,José Ignacio Ramírez Soto,29/08/25,4.Plan de pagos," 1,455,900.00 "," 101,913.00 ", -   , -   , -   , -   , -   , -   , -   , -   , -   , -   , -   , -   , -   , -   , -   , -   , -   , -   , -   , -   , -   , -   , -   , -   , -   , -   ,,,," 10,000.00 "," 9,200.00 "," 9,200.00 "," 9,200.00 "," 9,200.00 ",," 46,800.00 ",46%,"-55,113.00 ",-54%," 1,409,100.00 ",96.79%," 101,913.00 ",Vendido,Cliente al día,10,1,11," 10,000.00 "," 9,200.00 ",4,4," 46,800 "," 36,800 "," 10,000 ", -   , -   , -   ,,,,, -   , -   , -   ,,," 932,415 "," 399,607 "," 111,890 "," 11,988 "," 1,044,305 "," 411,595 "," 1,455,900 ", -   
,303,A6,,Erwin Cardona,Pedro Antonio Gomar Chávez,27/11/205,2. Reserva," 946,500.00 "," 66,300.00 ", -   , -   , -   , -   , -   , -   , -   , -   , -   , -   , -   , -   , -   , -   , -   , -   , -   , -   , -   , -   , -   , -   , -   , -   , -   , -   , -   , -   , -   , -   , -   , -   , -   ,,, -   ,0%,"-66,300.00 ",-100%," 946,500.00 ",100.00%," 66,300.00 ",Vendido,#VALUE!,,,,,,,#VALUE!,#VALUE!, -   , -   , -   ,#VALUE!,#VALUE!,,,,,#VALUE!,#VALUE!,#VALUE!,,," 606,176 "," 259,790 "," 72,741 "," 7,794 "," 678,917 "," 267,583 "," 946,500 ", -   
,304,A3,,Antonio Rada,Ricardo Alberto Vásquez Monterroso,3/03/25,4.Plan de pagos," 833,815.20 "," 83,415.20 ", -   , -   , -   , -   , -   , -   , -   , -   , -   , -   , -   , -   , -   , -   , -   , -   , -   , -   , -   , -   , -   , -   , -   , -   ," 10,000.00 "," 5,244.00 "," 5,244.00 "," 5,244.00 "," 5,244.00 "," 5,244.00 "," 5,244.00 "," 5,244.00 "," 5,244.00 "," 5,244.00 "," 5,244.00 "," 62,440.00 ",75%,"-20,975.20 ",-25%," 771,375.20 ",92.51%," 83,415.20 ",Vendido,Cliente al día,14,1,15," 10,000.00 "," 5,244.00 ",10,10," 62,440 "," 52,440 "," 10,000 ", -   , -   , -   ,,,,, -   , -   , -   ,,," 534,008 "," 228,861 "," 64,081 "," 6,866 "," 598,089 "," 235,726 "," 833,815 ", 0 
,305,B7,,Antonio Rada,Josue Alejandro Arias Perez,1/04/25,4.Plan de pagos," 1,112,465.61 "," 111,246.56 ", -   , -   , -   , -   , -   , -   , -   , -   , -   , -   , -   , -   , -   , -   , -   , -   , -   , -   , -   , -   , -   , -   , -   , -   , -   ," 15,000.00 "," 3,500.00 "," 3,500.00 "," 15,000.00 "," 3,500.00 "," 3,500.00 ", -   ," 7,000.00 "," 10,000.00 ",," 61,000.00 ",55%,"-50,246.56 ",-45%," 1,051,465.61 ",94.52%," 111,246.56 ",Vendido,Cliente al día,13,1,14," 15,000.00 "," 3,500.00 ",6,9," 46,500 "," 14,000 "," 47,000 ", -   ," 14,500 ", -   ,,,,," 14,500 "," 14,500 ", -   ,,," 712,467 "," 305,343 "," 85,496 "," 9,160 "," 797,963 "," 314,503 "," 1,112,466 ",-0 
,306,B2,,Anahí Cisneros,Ricardo José Ruiz Álvarez,11/01/26,2.Reserva," 1,106,500.00 "," 77,500.00 ", -   , -   , -   , -   , -   , -   , -   , -   , -   , -   , -   , -   , -   , -   , -   , -   , -   , -   , -   , -   , -   , -   , -   , -   , -   , -   ,,,, -   , -   , -   , -   ,," 10,000.00 "," 10,000.00 ",13%,"-67,500.00 ",-87%," 1,096,500.00 ",99.10%," 77,500.00 ",Vendido,Cliente al día,,,,,,,, -   , -   , -   ," 10,000 "," 10,000 ", -   ,,,,," 10,000 "," 10,000 ", -   ,,," 708,646 "," 303,705 "," 85,038 "," 9,111 "," 793,683 "," 312,817 "," 1,106,500 ", -   
,307,B6,,Erwin Cardona,Héctor Salvador Júarez Hernández/Angee Brizel Canelas Diaz,8/12/25,2.Reserva," 1,055,600.00 "," 73,900.00 ", -   , -   , -   , -   , -   , -   , -   , -   , -   , -   , -   , -   , -   , -   , -   , -   , -   , -   , -   , -   , -   , -   , -   , -   , -   , -   ,,,, -   , -   , -   , -   ," 13,000.00 "," 7,000.00 "," 20,000.00 ",27%,"-53,900.00 ",-73%," 1,035,600.00 ",98.11%," 73,900.00 ",Vendido,Cliente al día,,,,,,,1, -   , -   , -   ," 20,000 "," 20,000 ", -   ,,,,," 20,000 "," 20,000 ", -   ,,," 676,048 "," 289,735 "," 81,126 "," 8,692 "," 757,173 "," 298,427 "," 1,055,600 ", 0 
,308,B1,,Antonio Rada,Ricardo Alberto Vásquez Monterroso,3/03/25,4.Plan de pagos," 1,032,728.19 "," 103,328.19 ", -   , -   , -   , -   , -   , -   , -   , -   , -   , -   , -   , -   , -   , -   , -   , -   , -   , -   , -   , -   , -   , -   , -   , -   ," 10,000.00 "," 6,666.00 "," 6,666.00 "," 6,666.00 "," 6,666.00 "," 6,666.00 "," 6,666.00 "," 6,666.00 "," 6,666.00 "," 6,666.00 "," 6,666.00 "," 76,660.00 ",74%,"-26,668.19 ",-26%," 956,068.19 ",92.58%," 103,328.19 ",Vendido,Cliente al día,14,1,15," 10,000.00 "," 6,666.00 ",10,10," 76,660 "," 66,660 "," 10,000 ", -   , -   , -   ,,,,, -   , -   , -   ,,," 661,400 "," 283,457 "," 79,368 "," 8,504 "," 740,768 "," 291,961 "," 1,032,728 ", 0 
,309,D7,,Antonio Rada,Leonel Bernardo Molina Gramajo,12/08/24,4.Plan de pagos," 1,341,690.00 "," 135,090.00 ", -   , -   , -   , -   , -   , -   , -   , -   , -   , -   , -   , -   , -   , -   , -   , -   , -   ," 5,000.00 "," 2,500.00 "," 2,500.00 "," 2,500.00 "," 2,500.00 ", -   ," 2,500.00 ", -   ," 7,500.00 "," 2,500.00 "," 2,500.00 "," 5,000.00 "," 5,000.00 "," 2,500.00 "," 5,000.00 "," 5,000.00 "," 5,000.00 ",," 57,500.00 ",43%,"-77,590.00 ",-57%," 1,284,190.00 ",95.71%," 135,090.00 ",Vendido,Cliente al día,16,1,17," 5,000.00 "," 2,500.00 ",8,17," 47,500 "," 20,000 "," 37,500 ", -   ," 10,000 ", -   ,,,,," 10,000 "," 10,000 ", -   ,,," 859,271 "," 368,259 "," 103,113 "," 11,048 "," 962,383 "," 379,307 "," 1,341,690 ", -   
,310,A9,,Erwin Cardona,Fernando Javier Rosales Gramajo,9/12/25,2.Reserva," 1,009,200.00 "," 70,600.00 ", -   , -   , -   , -   , -   , -   , -   , -   , -   , -   , -   , -   , -   , -   , -   , -   , -   , -   , -   , -   , -   , -   , -   , -   , -   , -   ,,,, -   , -   , -   , -   ," 10,000.00 ",," 10,000.00 ",14%,"-60,600.00 ",-86%," 999,200.00 ",99.01%," 70,600.00 ",Vendido,Cliente al día,,,,,,,1, -   , -   , -   ," 10,000 "," 10,000 ", -   ,,,,," 10,000 "," 10,000 ", -   ,,," 646,331 "," 276,999 "," 77,560 "," 8,310 "," 723,891 "," 285,309 "," 1,009,200 ", -   
,311,C9,ENGANCHE CANCELADO,Diana Alvarez,Miguel Angel Teletor Riz,27/09/24,4.Plan de pagos," 1,391,040.00 "," 139,140.00 ", -   , -   , -   , -   , -   , -   , -   , -   , -   , -   , -   , -   , -   , -   , -   , -   , -   , -   , -   ," 10,000.00 "," 129,140.00 ", -   , -   , -   , -   , -   ,,,, -   , -   , -   , -   ,,," 139,140.00 ",100%,0.00 ,0%," 1,251,900.00 ",90.00%," 139,140.00 ",Vendido,Cliente Atrasado,2,1,3," 10,000.00 "," 129,140.00 ",,15," 1,947,100 "," 139,140 ", -   , -   , -   , -   ,, CE ,,,"-1,807,960 ", -   ,"-1,807,960 ",,," 890,876 "," 381,804 "," 106,905 "," 11,454 "," 997,782 "," 393,258 "," 1,391,040 ", 0 
,312,C8,,Antonio Rada,Freddy Alejandro Chinchilla Culajay,24/12/24,4.Plan de pagos," 1,414,462.32 "," 141,462.32 ", -   , -   , -   , -   , -   , -   , -   , -   , -   , -   , -   , -   , -   , -   , -   , -   , -   , -   , -   , -   , -   ," 8,000.00 ", -   ," 7,851.00 "," 7,851.00 "," 7,851.00 "," 7,851.00 "," 7,851.00 "," 7,851.00 "," 7,851.00 "," 7,851.00 "," 7,851.00 "," 7,851.00 "," 7,851.00 "," 7,851.00 "," 102,212.00 ",72%,"-39,250.32 ",-28%," 1,312,250.32 ",92.77%," 141,462.32 ",Vendido,Cliente Atrasado,17,1,18," 8,000.00 "," 7,851.00 ",12,13," 110,063 "," 94,212 "," 8,000 ", -   , -   ," 7,851 ",1,,Revisado,,"-7,851 ","-7,851 ", -   ,,," 905,877 "," 388,233 "," 108,705 "," 11,647 "," 1,014,582 "," 399,880 "," 1,414,462 ", 0 
,313,B4,,Antonio Rada,Leslly Franzoli Cortez Avila,7/05/24,4.Plan de pagos," 1,087,400.00 "," 108,800.00 ", -   , -   , -   , -   , -   , -   , -   , -   , -   , -   , -   , -   , -   , -   ," 8,000.00 "," 4,253.00 "," 24,253.00 "," 4,253.00 "," 4,253.00 "," 8,506.00 ", -   ," 4,253.00 "," 4,253.00 "," 4,253.00 "," 4,253.00 "," 8,506.00 ",," 4,253.00 "," 4,253.00 "," 8,506.00 ", -   ," 8,506.00 ", -   ," 4,253.00 ",," 108,807.00 ",100%,7.00 ,0%," 978,593.00 ",89.99%," 108,800.00 ",Vendido,Cliente Atrasado,19,1,20," 28,000.00 "," 4,253.00 ",16,20," 113,060 "," 42,530 "," 66,277 ", -   , -   ," 4,253 ",1,,,,"-4,253 ","-4,253 ", -   ,,," 696,414 "," 298,463 "," 83,570 "," 8,954 "," 779,983 "," 307,417 "," 1,087,400 ", -   
,314,B3,,Laura Molina,Arcely Contreras,11/08/25,4.Plan de pagos," 1,037,521.79 "," 103,752.18 ", -   , -   , -   , -   , -   , -   , -   , -   , -   , -   , -   , -   , -   , -   , -   , -   , -   , -   , -   , -   , -   , -   , -   , -   , -   , -   ,,,," 10,000.00 "," 6,774.83 "," 6,774.83 "," 6,774.83 "," 6,774.83 "," 6,774.83 "," 43,874.15 ",42%,"-59,878.03 ",-58%," 993,647.64 ",95.77%," 103,752.18 ",Vendido,Cliente al día,10,1,11," 10,000.00 "," 6,774.83 ",5,5," 43,874 "," 33,874 "," 10,000 ", -   , -   , -   ,,,,, -   , -   , -   ,,," 664,470 "," 284,773 "," 79,736 "," 8,543 "," 744,206 "," 293,316 "," 1,037,522 ", 0 
,315,E1,,Sofia Paredes,Lilian America Roldan Ochoa,5/04/25,4.Plan de pagos," 1,543,626.97 "," 154,426.97 ", -   , -   , -   , -   , -   , -   , -   , -   , -   , -   , -   , -   , -   , -   , -   , -   , -   , -   , -   , -   , -   , -   , -   , -   , -   ," 10,000.00 "," 10,000.00 ",," 10,024.00 "," 12,000.00 "," 12,000.00 "," 22,000.00 "," 11,000.00 "," 11,000.00 ",," 98,024.00 ",63%,"-56,402.97 ",-37%," 1,445,602.97 ",93.65%," 154,426.97 ",Vendido,Cliente Atrasado,13,1,14," 10,000.00 "," 11,110.00 ",,9," 109,990 "," 52,024 "," 46,000 ", -   , -   ," 11,966 ",2,,,,"-11,966 ","-11,966 ", -   ,,," 988,599 "," 423,685 "," 118,632 "," 12,711 "," 1,107,231 "," 436,396 "," 1,543,627 ",-0 
,316,A4,,Antonio Rada,Allan Omar Alvarado Vásquez,29/10/23,4.Plan de pagos," 708,396.44 "," 70,896.44 ", -   , -   , -   , -   , -   , -   , -   ," 8,000.00 "," 2,735.00 "," 2,735.00 "," 2,735.00 "," 2,735.00 "," 2,735.00 "," 2,735.00 "," 5,470.00 "," 2,735.00 ", -   ," 2,735.00 "," 2,735.00 "," 2,735.00 "," 2,735.00 "," 2,735.00 "," 2,735.00 "," 2,735.00 "," 2,735.00 "," 2,735.00 "," 2,735.00 "," 2,735.00 "," 2,735.00 "," 2,735.00 ", -   ," 2,735.00 ", -   ,,," 70,905.00 ",100%,8.56 ,0%," 637,491.44 ",89.99%," 70,896.44 ",Vendido,Cliente Atrasado,23,1,24," 8,000.00 "," 2,735.00 ",22,26," 79,110 "," 57,435 "," 13,470 ", -   , -   ," 8,205 ",3,,,,"-8,205 ","-8,205 ", -   ,,," 453,685 "," 194,436 "," 54,442 "," 5,833 "," 508,127 "," 200,269 "," 708,396 ", -   
,317,A8,,Antonio Rada,Antonio Meneses Hernandez,28/11/23,4.Plan de pagos," 721,087.50 "," 72,187.50 ", -   , -   , -   , -   , -   , -   , -   , -   ," 5,500.00 "," 3,031.00 "," 3,031.00 "," 3,031.00 "," 3,031.00 "," 3,031.00 "," 3,031.00 "," 3,031.00 "," 3,031.00 "," 3,031.00 "," 3,031.00 "," 3,031.00 "," 3,031.00 "," 3,031.00 "," 3,031.00 "," 3,031.00 "," 3,031.00 "," 3,031.00 "," 3,031.00 "," 3,031.00 "," 3,031.00 "," 3,031.00 "," 3,036.50 "," 3,031.00 ", -   ,,," 75,218.50 ",104%,"3,031.00 ",4%," 645,869.00 ",89.57%," 72,187.50 ",Vendido,Cliente Atrasado,22,1,23," 5,500.00 "," 3,031.00 ",23,25," 81,275 "," 66,682 "," 8,537 ", -   , -   ," 6,057 ",2,,,,"-6,057 ","-6,057 ", -   ,,," 461,813 "," 197,920 "," 55,418 "," 5,938 "," 517,230 "," 203,857 "," 721,088 ", -   
,318,A1,,Antonio Rada,Jose Reynaldo Linares,12/11/23,4.Plan de pagos," 720,472.50 "," 72,072.50 ", -   , -   , -   , -   , -   , -   , -   , -   ," 5,500.00 "," 3,026.00 "," 3,026.00 "," 3,026.00 "," 3,026.00 "," 3,026.00 "," 3,026.00 "," 3,026.00 "," 3,026.00 "," 3,026.00 "," 3,026.00 "," 3,026.00 "," 3,026.00 "," 3,026.00 "," 3,026.00 "," 3,026.00 "," 3,026.00 "," 3,026.00 "," 3,026.00 "," 3,026.00 "," 3,026.00 "," 3,026.00 "," 3,026.50 ", -   , -   ,,," 72,072.50 ",100%,0.00 ,0%," 648,400.00 ",90.00%," 72,072.50 ",Vendido,Cliente Atrasado,22,1,23," 5,500.00 "," 3,026.00 ",22,26," 84,176 "," 63,546 "," 8,527 ", -   , -   ," 12,104 ",4,,,,"-12,104 ","-12,104 ", -   ,,," 461,419 "," 197,751 "," 55,370 "," 5,933 "," 516,789 "," 203,683 "," 720,473 ", 0 
,319,C4,,Antonio Rada,Aaron Fabrizio Tello Merida,18/02/24,4.Plan de pagos," 965,900.00 "," 96,600.00 ", -   , -   , -   , -   , -   , -   , -   , -   , -   , -   , -   ," 8,000.00 "," 7,000.00 "," 7,000.00 "," 7,000.00 "," 7,000.00 "," 14,000.00 "," 7,000.00 "," 7,000.00 "," 7,000.00 "," 7,000.00 "," 7,000.00 "," 17,000.00 "," 7,000.00 "," 7,000.00 "," 7,000.00 "," 7,000.00 "," 7,000.00 "," 7,000.00 "," 7,000.00 "," 7,000.00 "," 7,000.00 "," 7,000.00 "," 21,000.00 ",," 193,000.00 ",200%,"96,400.00 ",100%," 772,900.00 ",80.02%," 96,600.00 ",Vendido,Superávit de Enganche,19,1,20," 8,000.00 "," 4,663.00 ",19,23," 115,249 ", -   ," 193,000 ", -   ," 77,751 ", -   ,,,,," 77,751 "," 77,751 ", -   ,,," 618,600 "," 265,114 "," 74,232 "," 7,953 "," 692,832 "," 273,068 "," 965,900 ",-0 
,320,C1,,Antonio Rada,Santiago Taracena Puga,12/08/23,4.Plan de pagos," 980,700.00 "," 98,100.00 ", -   , -   , -   , -   , -   ," 6,000.00 "," 3,684.00 "," 3,684.00 "," 3,684.00 "," 3,684.00 "," 3,684.00 "," 3,684.00 "," 3,684.00 "," 3,684.00 "," 3,684.00 "," 3,684.00 "," 3,684.00 "," 3,684.00 "," 3,684.00 "," 3,684.00 "," 3,684.00 "," 3,684.00 "," 3,684.00 "," 3,684.00 "," 3,684.00 "," 3,684.00 "," 3,684.00 "," 3,684.00 "," 3,684.00 "," 3,684.00 "," 3,684.00 ", -   , -   ,,," 98,100.00 ",100%,0.00 ,0%," 882,600.00 ",90.00%," 98,100.00 ",Vendido,Cliente Atrasado,25,1,26," 6,000.00 "," 3,684.00 ",25,29," 112,836 "," 92,100 "," 6,000 ", -   , -   ," 14,736 ",4,,,,"-14,736 ","-14,736 ", -   ,,," 628,079 "," 269,177 "," 75,369 "," 8,075 "," 703,448 "," 277,252 "," 980,700 ", -   
,401,C3,,Antonio Rada,Sara Veronica Ortíz De León,29/01/24,4.Plan de pagos," 1,153,800.00 "," 115,400.00 ", -   , -   , -   , -   , -   , -   , -   , -   , -   , -   ," 8,000.00 "," 5,370.00 "," 5,370.00 "," 10,740.00 ", -   ," 5,370.00 "," 5,370.00 "," 5,370.00 "," 5,370.00 "," 5,370.00 "," 5,370.00 "," 5,370.00 "," 5,370.00 "," 5,370.00 "," 5,370.00 "," 5,370.00 "," 5,370.00 "," 5,370.00 "," 5,370.00 "," 5,370.00 "," 5,370.00 "," 5,370.00 ", -   ,,," 120,770.00 ",105%,"5,370.00 ",5%," 1,033,030.00 ",89.53%," 115,400.00 ",Vendido,Cliente Atrasado,20,1,21," 8,000.00 "," 5,370.00 ",19,23," 131,510 "," 102,030 "," 18,740 ", -   , -   ," 10,740 ",2,,,,"-10,740 ","-10,740 ", -   ,,," 738,939 "," 316,688 "," 88,673 "," 9,501 "," 827,611 "," 326,189 "," 1,153,800 ", -   
,402,C2,,Antonio Rada,Guillermo Vinicio Cotto Mux,3/12/23,4.Plan de pagos," 1,151,071.45 "," 115,171.45 ", -   , -   , -   , -   , -   , -   , -   , -   , -   ," 5,500.00 "," 5,219.00 "," 5,225.00 "," 5,222.00 "," 5,222.00 "," 5,222.00 "," 5,222.00 "," 5,222.00 "," 5,222.00 "," 5,222.00 "," 5,222.00 "," 5,222.00 "," 5,222.00 "," 5,222.00 "," 5,222.00 "," 5,222.00 "," 5,222.00 "," 5,222.00 "," 5,222.00 "," 5,222.00 "," 5,222.00 "," 5,231.45 ", -   , -   ,,," 115,171.45 ",100%,0.00 ,0%," 1,035,900.00 ",89.99%," 115,171.45 ",Vendido,Cliente Atrasado,21,1,22," 5,500.00 "," 5,222.00 ",21,25," 136,050 "," 99,215 "," 15,956 ", -   , -   ," 20,879 ",4,,,,"-20,879 ","-20,879 ", -   ,,," 737,191 "," 315,939 "," 88,463 "," 9,478 "," 825,654 "," 325,417 "," 1,151,071 ", -   
,403,A6,,Antonio Rada,Denis Estuardo Mazariegos Fuentes,20/08/23,4.Plan de pagos," 699,700.00 "," 70,000.00 ", -   , -   , -   , -   , -   ," 6,000.00 "," 2,560.00 "," 2,560.00 "," 2,560.00 "," 2,560.00 "," 2,560.00 "," 2,560.00 "," 2,560.00 "," 2,560.00 "," 2,560.00 "," 2,560.00 "," 2,560.00 "," 2,560.00 "," 2,560.00 "," 2,560.00 "," 2,560.00 "," 2,560.00 "," 2,560.00 "," 2,560.00 "," 2,560.00 "," 2,560.00 "," 2,560.00 "," 2,560.00 ",, -   , -   , -   , -   ,,," 62,320.00 ",89%,"-7,680.00 ",-11%," 637,380.00 ",91.09%," 70,000.00 ",Vendido,Cliente Atrasado,25,1,26," 6,000.00 "," 2,560.00 ",22,29," 80,240 "," 56,320 "," 6,000 ", -   , -   ," 17,920 ",7,,,,"-17,920 ","-17,920 ", -   ,,," 448,115 "," 192,049 "," 53,774 "," 5,761 "," 501,889 "," 197,811 "," 699,700 ", -   
,404,A3,,Brenda Búcaro,Gerson Andre Villatoro Urizar,31/10/23,4.Plan de pagos," 721,100.00 "," 72,200.00 ", -   , -   , -   , -   , -   , -   , -   ," 8,000.00 "," 2,791.00 "," 2,791.00 "," 2,791.00 "," 2,791.00 "," 2,791.00 "," 5,582.00 ", -   ," 2,791.00 "," 2,791.00 "," 5,582.00 ", -   ," 2,791.00 "," 2,791.00 ", -   ," 2,791.00 "," 2,791.00 "," 2,791.00 "," 2,791.00 "," 2,791.00 "," 2,791.00 "," 2,791.00 "," 2,791.00 "," 5,589.00 ", -   ," 23,000.00 ",,," 95,200.00 ",132%,"23,000.00 ",32%," 625,900.00 ",86.80%," 72,200.00 ",Vendido,Superávit de Enganche,23,1,24," 8,000.00 "," 2,791.00 ",20,26," 80,566 "," 47,447 "," 47,753 ", -   ," 14,634 ", -   ,,,,," 14,634 "," 14,634 ", -   ,,," 461,821 "," 197,923 "," 55,418 "," 5,938 "," 517,239 "," 203,861 "," 721,100 ", -   
,405,B7,,,Mario Saul Aragón Zepeda,4/12/25,2.Reserva," 1,115,500.00 "," 78,100.00 ", -   , -   , -   , -   , -   , -   , -   , -   , -   , -   , -   , -   , -   , -   , -   , -   , -   , -   , -   , -   , -   , -   , -   , -   , -   , -   ,,,, -   , -   , -   , -   ," 10,000.00 ",," 10,000.00 ",13%,"-68,100.00 ",-87%," 1,105,500.00 ",99.10%," 78,100.00 ",Vendido,Cliente al día,,,,,,,1, -   , -   , -   ," 10,000 "," 10,000 ", -   ,,,,," 10,000 "," 10,000 ", -   ,,," 714,410 "," 306,176 "," 85,729 "," 9,185 "," 800,139 "," 315,361 "," 1,115,500 ", -   
,406,B2,,SIN DATOS,Andrea Joanna Hidalgo Mendizábal ,23/05/25,4.Plan de pagos," 1,104,047.58 "," 110,404.76 ", -   , -   , -   , -   , -   , -   , -   , -   , -   , -   , -   , -   , -   , -   , -   , -   , -   , -   , -   , -   , -   , -   , -   , -   , -   , -   ," 10,000.00 "," 16,734.00 "," 16,734.00 ", -   , -   ," 8,367.00 "," 8,367.00 "," 8,367.00 "," 8,367.00 "," 76,936.00 ",70%,"-33,468.76 ",-30%," 1,027,111.58 ",93.03%," 110,404.76 ",Vendido,Cliente Atrasado,12,1,13," 10,000.00 "," 8,371.00 ",4,8," 76,968 "," 33,468 "," 43,468 ", -   , -   , 32 ,1,,,,-32 ,-32 , -   ,,," 707,075 "," 303,032 "," 84,849 "," 9,091 "," 791,924 "," 312,123 "," 1,104,048 ",-0 
,407,B6,,Laura Molina,Alberto Antonio Arrecis Rosales,14/08/25,4.Plan de pagos," 1,056,462.35 "," 105,646.23 ", -   , -   , -   , -   , -   , -   , -   , -   , -   , -   , -   , -   , -   , -   , -   , -   , -   , -   , -   , -   , -   , -   , -   , -   , -   , -   ,,,," 10,000.00 "," 7,041.47 "," 7,041.47 "," 7,041.47 "," 7,041.47 "," 7,041.47 "," 45,207.35 ",43%,"-60,438.88 ",-57%," 1,011,255.00 ",95.72%," 105,646.23 ",Vendido,Cliente al día,10,1,11," 10,000.00 "," 7,041.47 ",5,5," 45,207 "," 35,207 "," 10,000 ", -   , -   , -   ,,,,, -   , -   , -   ,,," 676,600 "," 289,971 "," 81,192 "," 8,699 "," 757,792 "," 298,671 "," 1,056,462 ", 0 
,408,B1,Plan de pagos especiales,Antonio Rada,Maria Gabriela Chang Quan De Garcia,13/02/24,4.Plan de pagos," 883,300.00 "," 88,400.00 ", -   , -   , -   , -   , -   , -   , -   , -   , -   , -   , -   ," 8,000.00 ", -   , -   , -   , -   , -   , -   , -   , -   , -   , -   , -   , -   , -   , -   ,," 30,000.00 ",, -   , -   , -   ," 10,000.00 ",," 10,000.00 "," 58,000.00 ",66%,"-30,400.00 ",-34%," 825,300.00 ",93.43%," 88,400.00 ",Vendido,Cliente Atrasado,19,1,20," 8,000.00 "," 4,232.00 ",,23," 105,336 ", -   ," 58,000 ", -   , -   ," 47,336 ",12, CE ,"Nuevo plan de pago, cliente al día.",,"-47,336 ","-47,336 ", -   ,,," 565,700 "," 242,443 "," 67,884 "," 7,273 "," 633,584 "," 249,716 "," 883,300 ", -   
,409,D7,,Antonio Rada,Rafael Leonidas Tabic Borja,8/08/24,4.Plan de pagos," 1,341,690.00 "," 134,190.00 ", -   , -   , -   , -   , -   , -   , -   , -   , -   , -   , -   , -   , -   , -   , -   , -   , -   ," 10,000.00 "," 7,800.00 "," 8,000.00 "," 8,200.00 "," 16,000.00 ", -   ," 8,000.00 "," 8,000.00 "," 8,000.00 "," 8,000.00 "," 8,000.00 "," 8,000.00 "," 8,000.00 "," 8,000.00 "," 8,000.00 "," 8,000.00 "," 8,000.00 ",," 138,000.00 ",103%,"3,810.00 ",3%," 1,203,690.00 ",89.71%," 134,190.00 ",Vendido,Cliente Atrasado,16,1,17," 10,000.00 "," 8,000.00 ",14,17," 146,000 "," 103,800 "," 34,200 ", -   , -   ," 8,000 ",1,,,,"-8,000 ","-8,000 ", -   ,,," 859,271 "," 368,259 "," 103,113 "," 11,048 "," 962,383 "," 379,307 "," 1,341,690 ", -   
,410,A9,,Anahí Cisneros,Josué Ernesto Herrera Aguilar,11/07/25,4.Plan de pagos," 1,194,844.34 "," 119,544.43 ", -   , -   , -   , -   , -   , -   , -   , -   , -   , -   , -   , -   , -   , -   , -   , -   , -   , -   , -   , -   , -   , -   , -   , -   , -   , -   ,,," 15,000.00 "," 9,498.58 "," 9,498.58 "," 9,498.58 "," 9,498.58 "," 9,498.58 "," 9,498.58 "," 71,991.48 ",60%,"-47,552.95 ",-40%," 1,122,852.86 ",93.97%," 119,544.43 ",Vendido,Cliente Atrasado,11,1,12," 15,000.00 "," 9,504.04 ",6,6," 72,024 "," 56,991 "," 15,000 ", -   , -   , 33 ,1,,,,-33 ,-33 , -   ,,," 765,225 "," 327,954 "," 91,827 "," 9,839 "," 857,052 "," 337,792 "," 1,194,844 ", -   
,411,C9,,Anahí Cisneros,Sonia Elizabeth Gómez Méndez de García,10/11/25,2. Reserva," 1,116,400.00 "," 78,148.00 ", -   , -   , -   , -   , -   , -   , -   , -   , -   , -   , -   , -   , -   , -   , -   , -   , -   , -   , -   , -   , -   , -   , -   , -   , -   , -   ,,,, -   , -   , -   , -   ," 9,589.29 ",," 9,589.29 ",12%,"-68,558.71 ",-88%," 1,106,810.71 ",99.14%," 78,148.00 ",Vendido,Cliente al día,,,,,,,2, -   , -   , -   ," 9,589 "," 9,589 ", -   ,,,,," 9,589 "," 9,589 ", -   ,,," 714,986 "," 306,423 "," 85,798 "," 9,193 "," 800,785 "," 315,615 "," 1,116,400 ", -   
,412,C8,,Anahí Cisneros,Silvia Rose Mary Monzón Paniagua,10/11/25,2. Reserva," 1,141,400.00 "," 79,900.00 ", -   , -   , -   , -   , -   , -   , -   , -   , -   , -   , -   , -   , -   , -   , -   , -   , -   , -   , -   , -   , -   , -   , -   , -   , -   , -   ,,,, -   , -   , -   ," 10,000.00 ",," 68,148.00 "," 78,148.00 ",98%,"-1,752.00 ",-2%," 1,063,252.00 ",93.15%," 79,900.00 ",Vendido,Cliente al día,,,,,,,2, -   , -   , -   ," 78,148 "," 78,148 ", -   ,,,,," 78,148 "," 78,148 ", -   ,,," 730,997 "," 313,285 "," 87,720 "," 9,399 "," 818,717 "," 322,683 "," 1,141,400 ", 0 
,413,B4,,Sofia Paredes,Cindy Carolina Toscano Merida,31/01/25,4.Plan de pagos," 1,063,054.44 "," 106,354.43 ", -   , -   , -   , -   , -   , -   , -   , -   , -   , -   , -   , -   , -   , -   , -   , -   , -   , -   , -   , -   , -   , -   ," 10,000.00 "," 6,022.00 "," 6,022.00 "," 6,022.00 "," 6,022.00 "," 6,022.00 "," 6,022.00 "," 6,022.00 "," 6,022.00 "," 6,022.00 "," 6,022.00 "," 6,022.00 "," 6,022.00 "," 82,264.00 ",77%,"-24,090.43 ",-23%," 980,790.44 ",92.26%," 106,354.43 ",Vendido,Cliente al día,16,1,17," 10,000.00 "," 6,022.00 ",12,11," 76,242 "," 72,264 "," 10,000 ", -   ," 6,022 ", -   ,,,,," 6,022 "," 6,022 ", -   ,,," 680,822 "," 291,781 "," 81,699 "," 8,753 "," 762,520 "," 300,534 "," 1,063,054 ",-0 
,414,B3,INCREMENTO DE ENGANCHE,Antonio Rada,Carolina Rivas Le Sage De Alonzo,27/05/24,4.Plan de pagos," 887,400.00 "," 88,800.00 ", -   , -   , -   , -   , -   , -   , -   , -   , -   , -   , -   , -   , -   , -   ," 10,000.00 "," 4,147.00 "," 4,147.00 "," 4,147.00 "," 4,147.00 "," 4,147.00 "," 4,147.00 "," 4,147.00 "," 4,147.00 "," 4,147.00 "," 4,147.00 "," 4,147.00 "," 4,147.00 "," 4,147.00 "," 4,147.00 "," 4,147.00 "," 4,147.00 "," 4,147.00 "," 4,147.00 "," 74,147.00 "," 10,000.00 "," 168,793.00 ",190%,"79,993.00 ",90%," 718,607.00 ",80.98%," 88,800.00 ",Vendido,Superávit de Enganche,19,1,20," 10,000.00 "," 4,147.00 ",18,19," 88,793 "," 74,646 "," 94,147 ", -   ," 80,000 ", -   ,,,,," 80,000 "," 80,000 ", -   ,,," 568,326 "," 243,568 "," 68,199 "," 7,307 "," 636,525 "," 250,875 "," 887,400 ", -   
,415,E1,,Anahí Cisneros,Kevin Mario Andrés Leal Morales / Flor de María Herrera Reyes de Gil,10/06/25,4.Plan de pagos," 1,543,626.97 "," 231,526.97 ", -   , -   , -   , -   , -   , -   , -   , -   , -   , -   , -   , -   , -   , -   , -   , -   , -   , -   , -   , -   , -   , -   , -   , -   , -   , -   ,," 15,000.00 "," 18,044.00 "," 18,044.00 "," 18,044.00 "," 18,044.00 "," 18,044.00 "," 18,044.00 "," 18,044.00 "," 141,308.00 ",61%,"-90,218.97 ",-39%," 1,402,318.97 ",90.85%," 231,526.97 ",Vendido,Cliente al día,12,1,13," 15,000.00 "," 18,044.00 ",,7," 141,308 "," 141,308 ", -   , -   , -   , -   ,,,,, -   , -   , -   ,,," 988,599 "," 423,685 "," 118,632 "," 12,711 "," 1,107,231 "," 436,396 "," 1,543,627 ",-0 
,416,A4,,Sofia Paredes,Carlos Humberto Rivera Carrillo ,7/02/25,4.Plan de pagos," 798,331.19 "," 79,931.18 ", -   , -   , -   , -   , -   , -   , -   , -   , -   , -   , -   , -   , -   , -   , -   , -   , -   , -   , -   , -   , -   , -   , -   ," 10,000.00 ", -   ," 11,539.72 "," 5,000.00 ",," 10,000.00 ", -   ," 5,000.00 "," 5,000.00 "," 5,000.00 "," 5,000.00 ",," 56,539.72 ",71%,"-23,391.46 ",-29%," 741,791.47 ",92.92%," 79,931.18 ",Vendido,Cliente Atrasado,16,1,17," 10,000.00 "," 4,371.00 ",5,11," 58,081 ", -   ," 56,540 ", -   , -   ," 1,541 ",1,,,,"-1,541 ","-1,541 ", -   ,,," 511,283 "," 219,121 "," 61,354 "," 6,574 "," 572,636 "," 225,695 "," 798,331 ", 0 
,417,A8,,Antonio Rada,Miguel Angel Flores Linares,19/11/23,4.Plan de pagos," 721,087.50 "," 72,187.50 ", -   , -   , -   , -   , -   , -   , -   , -   ," 5,500.00 "," 3,031.00 "," 3,031.00 "," 3,031.00 "," 3,031.00 "," 3,031.00 "," 3,031.00 "," 3,031.00 "," 3,031.00 "," 3,031.00 "," 3,031.00 "," 3,031.00 "," 3,031.00 "," 3,031.00 "," 3,031.00 "," 3,031.00 "," 3,031.00 "," 3,031.00 "," 3,031.00 "," 3,031.00 "," 3,031.00 "," 3,031.00 "," 3,036.50 ", -   , -   ,,," 72,187.50 ",100%,0.00 ,0%," 648,900.00 ",89.99%," 72,187.50 ",Vendido,Cliente Atrasado,22,1,23," 5,500.00 "," 3,031.00 ",22,26," 84,306 "," 63,651 "," 8,537 ", -   , -   ," 12,119 ",4,,,,"-12,119 ","-12,119 ", -   ,,," 461,813 "," 197,920 "," 55,418 "," 5,938 "," 517,230 "," 203,857 "," 721,088 ", -   
,418,A1,,Antonio Rada,Antonio Vicente Tzep Tahay ,8/05/25,4.Plan de pagos," 750,472.50 "," 75,072.50 ", -   , -   , -   , -   , -   , -   , -   , -   , -   , -   , -   , -   , -   , -   , -   , -   , -   , -   , -   , -   , -   , -   , -   , -   , -   , -   ," 10,000.00 "," 5,423.00 ",, -   ," 16,269.00 ", -   , -   ,,," 31,692.00 ",42%,"-43,380.50 ",-58%," 718,780.50 ",95.78%," 75,072.50 ",Vendido,Cliente Atrasado,12,1,13," 10,000.00 "," 5,423.00 ",1,8," 53,384 "," 5,423 "," 26,269 ", -   , -   ," 21,692 ",4,,,,"-21,692 ","-21,692 ", -   ,,," 480,632 "," 205,985 "," 57,676 "," 6,180 "," 538,308 "," 212,165 "," 750,473 ", -   
,419,C4,,Antonio Rada,Andrea Elizabeth Ortiz Perez,1/11/23,4.Plan de pagos," 965,900.00 "," 96,600.00 ", -   , -   , -   , -   , -   , -   , -   , -   ," 8,000.00 "," 4,027.00 "," 4,027.00 "," 4,027.00 "," 4,027.00 "," 4,027.00 "," 4,027.00 "," 4,027.00 "," 4,027.00 "," 4,027.00 "," 4,027.00 "," 4,027.00 "," 4,027.00 "," 4,027.00 "," 4,027.00 "," 4,027.00 "," 4,027.00 "," 4,027.00 "," 4,027.00 "," 4,027.00 "," 4,027.00 "," 4,027.00 "," 4,027.00 ", -   , -   ,,," 96,594.00 ",100%,-6.00 ,0%," 869,306.00 ",90.00%," 96,600.00 ",Vendido,Cliente Atrasado,21,1,22," 8,000.00 "," 4,027.00 ",22,26," 112,702 "," 88,594 "," 8,000 ", -   , -   ," 16,108 ",4,,,,"-16,108 ","-16,108 ", -   ,,," 618,600 "," 265,114 "," 74,232 "," 7,953 "," 692,832 "," 273,068 "," 965,900 ",-0 
,420,C1,,Antonio Rada,Rodriga Virginia Figueroa Perez,17/07/24,4.Plan de pagos," 1,166,800.00 "," 116,700.00 ", -   , -   , -   , -   , -   , -   , -   , -   , -   , -   , -   , -   , -   , -   , -   , -   ," 10,000.00 "," 6,276.00 "," 6,276.00 "," 6,276.00 "," 6,276.00 "," 6,276.00 "," 6,276.00 "," 6,276.00 "," 6,276.00 "," 6,276.00 "," 6,276.00 "," 6,276.00 "," 6,276.00 "," 6,276.00 "," 6,276.00 "," 6,276.00 ", -   ," 12,560.00 ",," 116,700.00 ",100%,0.00 ,0%," 1,050,100.00 ",90.00%," 116,700.00 ",Vendido,Cliente Atrasado,17,1,18," 10,000.00 "," 6,276.00 ",15,18," 122,968 "," 94,140 "," 22,560 ", -   , -   ," 6,268 ",1,,,,"-6,268 ","-6,268 ", -   ,,," 747,264 "," 320,256 "," 89,672 "," 9,608 "," 836,936 "," 329,864 "," 1,166,800 ", 0 
,501,E9,,Sofia Paredes,Erick Guillermo Ruano Garcia,24/01/25,4.Plan de pagos," 1,502,549.44 "," 150,349.44 ", -   , -   , -   , -   , -   , -   , -   , -   , -   , -   , -   , -   , -   , -   , -   , -   , -   , -   , -   , -   , -   , -   ," 10,000.00 "," 8,772.00 "," 8,772.00 "," 8,772.00 "," 8,772.00 "," 8,772.00 "," 8,772.00 "," 8,772.00 "," 8,772.00 "," 8,772.00 "," 8,772.00 "," 8,772.00 "," 8,772.00 "," 115,264.00 ",77%,"-35,085.44 ",-23%," 1,387,285.44 ",92.33%," 150,349.44 ",Vendido,Cliente al día,16,1,17," 10,000.00 "," 8,772.00 ",12,12," 115,264 "," 105,264 "," 10,000 ", -   , -   , -   ,,,,, -   , -   , -   ,,," 962,292 "," 412,411 "," 115,475 "," 12,372 "," 1,077,766 "," 424,783 "," 1,502,549 ",-0 
,502,E10,,Laura Molina,Rudy Baldemar Villeda Vanegas / Marcia Corina Hernández Ruiz de Villeda,24/06/25,4.Plan de pagos," 1,590,362.10 "," 238,562.10 ", -   , -   , -   , -   , -   , -   , -   , -   , -   , -   , -   , -   , -   , -   , -   , -   , -   , -   , -   , -   , -   , -   , -   , -   , -   , -   ,," 15,000.00 "," 18,630.00 "," 18,630.00 "," 18,630.00 "," 18,630.00 "," 18,630.00 "," 18,630.00 "," 18,630.00 "," 145,410.00 ",61%,"-93,152.10 ",-39%," 1,444,952.10 ",90.86%," 238,562.10 ",Vendido,Cliente al día,12,1,13," 15,000.00 "," 18,630.00 ",,7," 145,410 "," 145,410 ", -   , -   , -   , -   ,,,,, -   , -   , -   ,,," 1,018,530 "," 436,513 "," 122,224 "," 13,095 "," 1,140,754 "," 449,608 "," 1,590,362 ", 0 
,503,B4,,Antonio Rada,David Eduardo Orellana Rivera,21/05/25,4.Plan de pagos," 1,047,132.00 "," 104,732.00 ", -   , -   , -   , -   , -   , -   , -   , -   , -   , -   , -   , -   , -   , -   , -   , -   , -   , -   , -   , -   , -   , -   , -   , -   , -   , -   ," 10,000.00 "," 7,894.00 "," 7,894.00 "," 7,894.00 "," 7,894.00 ", -   ," 15,788.00 "," 7,894.00 ",," 65,258.00 ",62%,"-39,474.00 ",-38%," 981,874.00 ",93.77%," 104,732.00 ",Vendido,Cliente Atrasado,12,1,13," 10,000.00 "," 7,894.00 ",5,8," 73,152 "," 39,470 "," 25,788 ", -   , -   ," 7,894 ",1,,,,"-7,894 ","-7,894 ", -   ,,," 670,624 "," 287,410 "," 80,475 "," 8,622 "," 751,099 "," 296,033 "," 1,047,132 ", -   
,504,B3,,Antonio Rada,Jaquelyn Andrea España Siliezar,11/05/25,4.Plan de pagos," 1,047,132.00 "," 104,732.00 ", -   , -   , -   , -   , -   , -   , -   , -   , -   , -   , -   , -   , -   , -   , -   , -   , -   , -   , -   , -   , -   , -   , -   , -   , -   , -   ," 10,000.00 "," 7,894.00 "," 7,894.00 "," 7,894.00 "," 7,894.00 "," 7,894.00 "," 7,894.00 "," 7,894.00 "," 7,894.00 "," 73,152.00 ",70%,"-31,580.00 ",-30%," 973,980.00 ",93.01%," 104,732.00 ",Vendido,Cliente al día,12,1,13," 10,000.00 "," 7,894.00 ",8,8," 73,152 "," 63,152 "," 10,000 ", -   , -   , -   ,,,,, -   , -   , -   ,,," 670,624 "," 287,410 "," 80,475 "," 8,622 "," 751,099 "," 296,033 "," 1,047,132 ", -   
,505,D9,,Antonio Rada,Nancy Eugenia Cisneros Sanchez De Davila,30/07/24,4.Plan de pagos," 1,399,667.00 "," 139,967.00 ", -   , -   , -   , -   , -   , -   , -   , -   , -   , -   , -   , -   , -   , -   , -   , -   ," 10,000.00 "," 7,645.00 "," 7,645.00 "," 7,645.00 "," 7,645.00 "," 7,645.00 "," 7,645.00 "," 7,645.00 "," 7,645.00 "," 7,645.00 "," 7,645.00 "," 7,645.00 "," 7,645.00 ", -   ," 15,290.00 "," 7,645.00 "," 7,645.00 "," 7,645.00 "," 7,645.00 "," 147,610.00 ",105%,"7,643.00 ",5%," 1,252,057.00 ",89.45%," 139,967.00 ",Vendido,Superávit de Enganche,17,1,18," 10,000.00 "," 7,645.00 ",16,17," 139,965 "," 122,320 "," 25,290 ", -   ," 7,645 ", -   ,,,,," 7,645 "," 7,645 ", -   ,,," 896,402 "," 384,172 "," 107,568 "," 11,525 "," 1,003,970 "," 395,697 "," 1,399,667 ", 0 
,506,D8,,Antonio Rada,Carlos Eduardo Miranda Y Nancy Patricia Medina,15/10/24,4.Plan de pagos," 1,379,595.00 "," 138,595.00 ", -   , -   , -   , -   , -   , -   , -   , -   , -   , -   , -   , -   , -   , -   , -   , -   , -   , -   , -   ," 10,000.00 "," 9,140.00 "," 9,140.00 ", -   ," 18,280.00 "," 9,140.00 "," 9,140.00 "," 9,140.00 ",," 18,280.00 "," 9,140.00 "," 9,140.00 "," 9,140.00 "," 9,140.00 "," 9,140.00 ",," 137,960.00 ",100%,-635.00 ,0%," 1,241,635.00 ",90.00%," 138,595.00 ",Vendido,Cliente Atrasado,14,1,15," 10,000.00 "," 9,185.00 ",10,15," 147,775 "," 91,400 "," 46,560 ", -   , -   ," 9,815 ",2,,,,"-9,815 ","-9,815 ", -   ,,," 883,547 "," 378,663 "," 106,026 "," 11,360 "," 989,572 "," 390,023 "," 1,379,595 ", 0 
,507,A12,,Antonio Rada,Osmin Otoniel Oliva Córdova,17/08/23,4.Plan de pagos," 722,900.00 "," 72,300.00 ", -   , -   , -   , -   , -   ," 6,000.00 "," 2,652.00 "," 2,652.00 "," 2,652.00 "," 10,252.00 ", -   ," 2,652.00 "," 2,652.00 "," 2,652.00 "," 2,652.00 "," 2,652.00 "," 2,652.00 "," 2,652.00 "," 2,652.00 "," 2,652.00 "," 2,652.00 "," 2,652.00 "," 2,652.00 "," 2,652.00 "," 2,652.00 "," 2,652.00 "," 2,652.00 "," 2,652.00 "," 2,652.00 "," 2,652.00 "," 2,652.00 "," 2,652.00 "," 2,652.00 ",,," 82,552.00 ",114%,"10,252.00 ",14%," 640,348.00 ",88.58%," 72,300.00 ",Vendido,Cliente Atrasado,25,1,26," 6,000.00 "," 2,652.00 ",25,29," 82,908 "," 66,300 "," 16,252 ", -   , -   , 356 ,1,,,,-356 ,-356 , -   ,,," 462,973 "," 198,417 "," 55,557 "," 5,953 "," 518,530 "," 204,370 "," 722,900 ", 0 
,508,C6,,Antonio Rada,Evelyn Aida Samayoa San Jose,12/04/24,4.Plan de pagos," 1,183,693.00 "," 118,393.00 ", -   , -   , -   , -   , -   , -   , -   , -   , -   , -   , -   , -   , -   ," 8,000.00 "," 6,500.00 "," 6,500.00 "," 6,500.00 "," 6,500.00 "," 13,000.00 ", -   ," 6,500.00 "," 13,000.00 ", -   ," 6,500.00 "," 6,500.00 "," 6,500.00 "," 6,500.00 "," 6,500.00 ",," 6,500.00 "," 6,500.00 "," 6,500.00 "," 6,500.00 "," 6,500.00 "," 6,500.00 "," 138,000.00 ",117%,"19,607.00 ",17%," 1,045,693.00 ",88.34%," 118,393.00 ",Vendido,Cliente Atrasado,17,1,18," 8,000.00 "," 6,494.00 ",16,21," 144,374 ", -   ," 138,000 ", -   , -   ," 6,374 ",1,,,,"-6,374 ","-6,374 ", -   ,,," 758,083 "," 324,893 "," 90,970 "," 9,747 "," 849,053 "," 334,640 "," 1,183,693 ", -   
,509,C5,,Antonio Rada,Anabella Alburez Aja,30/06/24,4.Plan de pagos," 1,181,561.50 "," 118,161.50 ", -   , -   , -   , -   , -   , -   , -   , -   , -   , -   , -   , -   , -   , -   , -   ," 10,000.00 ", -   ," 6,009.00 "," 6,009.00 ", -   ," 6,009.00 "," 12,018.00 "," 12,018.00 ", -   ," 6,009.00 "," 6,009.00 ",," 6,009.00 "," 18,027.00 "," 6,009.00 ", -   , -   , -   ," 24,039.00 ",," 118,165.00 ",100%,3.50 ,0%," 1,063,396.50 ",90.00%," 118,161.50 ",Vendido,Superávit de Enganche,18,1,19," 10,000.00 "," 6,009.00 ",7,18," 118,162 "," 42,063 "," 76,102 ", -   , 3 , -   ,,,"Revisado y cobrado,",, 3 , 3 , -   ,,," 756,718 "," 324,308 "," 90,806 "," 9,729 "," 847,524 "," 334,037 "," 1,181,561 ",-0 
,510,C6,,Antonio Rada,Francis Ayleen Funes Castellanos,1/03/24,4.Plan de pagos," 1,183,693.00 "," 118,393.00 ", -   , -   , -   , -   , -   , -   , -   , -   , -   , -   , -   , -   ," 8,000.00 "," 6,133.00 "," 6,133.00 "," 6,133.00 "," 6,133.00 "," 6,133.00 "," 6,133.00 "," 6,133.00 "," 6,133.33 "," 6,133.33 "," 6,133.33 "," 6,133.33 "," 6,133.33 "," 6,133.33 "," 6,133.33 "," 6,133.33 "," 6,000.00 "," 4,395.36 "," 4,000.00 ", -   , -   ,,," 114,393.00 ",97%,"-4,000.00 ",-3%," 1,069,300.00 ",90.34%," 118,393.00 ",Vendido,Cliente Atrasado,18,1,19," 8,000.00 "," 6,133.00 ",18,22," 142,926 "," 57,326 "," 57,067 ", -   , -   ," 28,533 ",5,,,,"-28,533 ","-28,533 ", -   ,,," 758,083 "," 324,893 "," 90,970 "," 9,747 "," 849,053 "," 334,640 "," 1,183,693 ", -   
,511,C5,,Antonio Rada,Hugo Leonel Roca Morales,27/06/24,4.Plan de pagos," 1,181,561.50 "," 118,161.50 ", -   , -   , -   , -   , -   , -   , -   , -   , -   , -   , -   , -   , -   , -   , -   ," 5,000.00 "," 15,000.00 "," 6,009.00 "," 16,009.00 "," 6,009.00 "," 10,000.00 ", -   ," 25,000.00 "," 7,500.00 "," 10,000.00 ", -   ," 10,000.00 ",," 7,500.00 "," 10,000.00 "," 10,000.00 ", -   , -   ,," 20,000.00 "," 158,027.00 ",134%,"39,865.50 ",34%," 1,023,534.50 ",86.63%," 118,161.50 ",Vendido,Superávit de Enganche,18,1,19," 10,000.00 "," 6,009.00 ",5,18," 118,162 "," 17,018 "," 141,009 ", -   ," 39,865 ", -   ,,,,," 39,865 "," 39,865 ", -   ,,," 756,718 "," 324,308 "," 90,806 "," 9,729 "," 847,524 "," 334,037 "," 1,181,561 ",-0 
,512,A8,,Antonio Rada,Oscar Antonio Gonzalez Hurtarte,18/07/23,4.Plan de pagos," 703,500.00 "," 70,400.00 ", -   , -   , -   , -   ," 6,000.00 "," 2,477.00 "," 2,477.00 "," 2,477.00 "," 2,477.00 ", -   ," 4,954.00 "," 2,477.00 "," 2,477.00 "," 2,477.00 "," 2,477.00 "," 2,477.00 "," 2,477.00 "," 2,477.00 ", -   ," 2,477.00 "," 2,477.00 ", -   , -   ," 9,908.00 ", -   ," 4,954.00 "," 2,477.00 ",," 4,954.00 ", -   ," 2,477.00 "," 2,477.00 ", -   ,,," 70,402.00 ",100%,2.00 ,0%," 633,098.00 ",89.99%," 70,400.00 ",Vendido,Cliente Atrasado,26,1,27," 6,000.00 "," 2,477.00 ",19,30," 80,310 "," 39,632 "," 30,770 ", -   , -   ," 9,908 ",4,,,,"-9,908 ","-9,908 ", -   ,,," 450,549 "," 193,092 "," 54,066 "," 5,793 "," 504,615 "," 198,885 "," 703,500 ", -   
,513,A2,,Antonio Rada,Maria Fernanda Cabrera Valdez,16/07/23,4.Plan de pagos," 687,500.00 "," 68,800.00 ", -   , -   , -   , -   ," 6,000.00 ", -   ," 7,245.00 "," 2,415.00 ", -   , -   ," 4,830.00 "," 2,415.00 ", -   ," 7,245.00 "," 2,415.00 ", -   ," 4,830.00 ", -   ," 4,830.00 "," 2,415.00 "," 2,415.00 "," 2,415.00 "," 2,415.00 "," 2,415.00 ", -   ," 2,415.00 "," 2,415.00 "," 4,830.00 ",, -   ," 2,415.00 "," 4,830.00 "," 2,415.00 "," 2,415.00 ",," 76,035.00 ",111%,"7,235.00 ",11%," 611,465.00 ",88.94%," 68,800.00 ",Vendido,Cliente Atrasado,26,1,27," 6,000.00 "," 2,415.00 ",18,30," 78,450 "," 31,395 "," 44,640 ", -   , -   ," 2,415 ",1,,,,"-2,415 ","-2,415 ", -   ,,," 440,302 "," 188,701 "," 52,836 "," 5,661 "," 493,138 "," 194,362 "," 687,500 ",-0 
,514,E5,,Antonio Rada,Danya Maribel Callejas Hernandez De Herrera,25/03/25,4.Plan de pagos," 1,535,078.41 "," 153,578.41 ", -   , -   , -   , -   , -   , -   , -   , -   , -   , -   , -   , -   , -   , -   , -   , -   , -   , -   , -   , -   , -   , -   , -   , -   ," 10,000.00 "," 10,256.00 "," 10,256.00 "," 10,256.00 "," 10,256.00 "," 10,256.00 "," 10,256.00 "," 10,256.00 "," 10,256.00 ",,," 92,048.00 ",60%,"-61,530.41 ",-40%," 1,443,030.41 ",94.00%," 153,578.41 ",Vendido,Cliente Atrasado,14,1,15," 10,000.00 "," 10,256.00 ",,10," 112,560 "," 92,048 ", -   , -   , -   ," 20,512 ",2,,,,"-20,512 ","-20,512 ", -   ,,," 983,124 "," 421,339 "," 117,975 "," 12,640 "," 1,101,099 "," 433,979 "," 1,535,078 ", 0 
,515,A5,,Jose Franco,Ingrid Vanessa Granados Barneond,27/03/23,4.Plan de pagos," 611,949.50 "," 61,249.50 "," 7,570.00 "," 1,570.00 "," 1,570.00 "," 1,570.00 "," 1,570.00 "," 1,570.00 "," 1,570.00 "," 1,570.00 "," 1,570.00 "," 1,570.00 "," 1,570.00 "," 1,570.00 "," 1,570.00 "," 1,570.00 "," 1,570.00 "," 1,570.00 "," 1,570.00 "," 1,570.00 "," 1,570.00 "," 1,570.00 "," 1,570.00 "," 1,570.00 "," 1,570.00 "," 1,570.00 "," 1,570.00 "," 1,570.00 "," 1,570.00 "," 1,570.00 "," 1,570.00 "," 1,570.00 "," 1,570.00 "," 1,570.00 "," 1,570.00 "," 1,570.00 ",," 59,380.00 ",97%,"-1,869.50 ",-3%," 552,569.50 ",90.30%," 61,249.50 ",Vendido,Cliente al día,35,1,36," 6,000.00 "," 1,570.00 ",33,33," 57,810 "," 51,810 "," 7,570 ", -   ," 1,570 ", -   ,,,,," 1,570 "," 1,570 ", -   ,,," 391,916 "," 167,964 "," 47,030 "," 5,039 "," 438,946 "," 173,003 "," 611,950 ", 0 
,516,B4,,Diana Alvarez,José Javier Sarceño Alfaro Y María Rosana Rivera Gallardo,22/09/24,4.Plan de pagos," 1,036,610.00 "," 103,710.00 ", -   , -   , -   , -   , -   , -   , -   , -   , -   , -   , -   , -   , -   , -   , -   , -   , -   , -   ," 10,000.00 "," 6,247.00 "," 6,247.00 "," 6,247.00 "," 6,247.00 "," 6,247.00 "," 6,247.00 "," 6,247.00 "," 6,247.00 ",," 12,521.00 "," 6,247.00 ", -   ," 6,247.00 "," 6,247.00 "," 6,247.00 "," 6,247.00 "," 103,732.00 ",100%,22.00 ,0%," 932,878.00 ",89.99%," 103,710.00 ",Vendido,Cliente Atrasado,15,1,16," 10,000.00 "," 6,247.00 ",13,16," 109,952 "," 81,211 "," 22,521 ", -   , -   ," 6,220 ",1,,,,"-6,220 ","-6,220 ", -   ,,," 663,886 "," 284,522 "," 79,666 "," 8,536 "," 743,552 "," 293,058 "," 1,036,610 ", 0 
,517,B3,,Antonio Rada,Jorge Estuardo Díaz Durán Baldetti,13/05/24,4.Plan de pagos," 871,162.12 "," 87,162.12 ", -   , -   , -   , -   , -   , -   , -   , -   , -   , -   , -   , -   , -   , -   ," 8,000.00 "," 4,040.00 "," 4,166.00 "," 4,166.00 "," 4,166.00 "," 4,166.00 "," 8,332.00 "," 4,166.00 ", -   ," 4,166.00 "," 4,166.00 "," 4,166.00 "," 4,166.00 "," 4,166.00 "," 4,166.00 "," 4,166.00 "," 4,166.00 "," 4,166.00 "," 4,500.00 "," 50,344.00 ",," 133,540.00 ",153%,"46,377.88 ",53%," 737,622.12 ",84.67%," 87,162.12 ",Vendido,Superávit de Enganche,19,1,20," 8,000.00 "," 4,166.00 ",16,20," 91,320 "," 62,364 "," 71,176 ", -   ," 42,220 ", -   ,,,,," 42,220 "," 42,220 ", -   ,,," 557,926 "," 239,111 "," 66,951 "," 7,173 "," 624,878 "," 246,285 "," 871,162 ", 0 
,518,E9,,Diana Alvarez,Karla Denisse Ariana Méndez Contreras,29/10/24,4.Plan de pagos," 1,502,549.44 "," 150,549.44 ", -   , -   , -   , -   , -   , -   , -   , -   , -   , -   , -   , -   , -   , -   , -   , -   , -   , -   , -   ," 10,000.00 ", -   ," 35,000.00 ", -   ," 35,000.00 ", -   , -   ,," 8,000.00 "," 10,764.00 ", -   , -   ," 10,000.00 "," 335,000.00 "," 106,785.44 ",," 550,549.44 ",366%,"400,000.00 ",266%," 952,000.00 ",63.36%," 150,549.44 ",Vendido,Superávit de Enganche,19,1,20," 10,000.00 "," 7,397.00 ",1,14," 113,558 ", -   ," 550,549 ", -   ," 436,991 ", -   ,,,,," 436,991 "," 436,991 ", -   ,,," 962,291 "," 412,411 "," 115,475 "," 12,372 "," 1,077,766 "," 424,783 "," 1,502,549 ", -   
,519,E10,,Anahí Cisneros,Neftali Hemanuel de Leon Recinos,29/08/25,4.Plan de pagos," 1,529,194.33 "," 152,919.43 ", -   , -   , -   , -   , -   , -   , -   , -   , -   , -   , -   , -   , -   , -   , -   , -   , -   , -   , -   , -   , -   , -   , -   , -   , -   , -   ,,,," 10,000.00 "," 10,210.00 "," 10,210.00 "," 10,210.00 "," 10,210.00 "," 10,210.00 "," 61,050.00 ",40%,"-91,869.43 ",-60%," 1,468,144.33 ",96.01%," 152,919.43 ",Vendido,Cliente al día,10,1,11," 10,000.00 "," 10,210.00 ",,4," 50,840 "," 61,050 ", -   , -   ," 10,210 ", -   ,,,,," 10,210 "," 10,210 ", -   ,,," 979,356 "," 419,724 "," 117,523 "," 12,592 "," 1,096,879 "," 432,316 "," 1,529,194 ", 0 
,601,E9,,Diana Alvarez,Cedric Amilcar Rivera Fajardo,15/10/24,4.Plan de pagos," 1,477,912.80 "," 147,912.80 ", -   , -   , -   , -   , -   , -   , -   , -   , -   , -   , -   , -   , -   , -   , -   , -   , -   , -   , -   ," 10,000.00 "," 10,000.00 "," 50,000.00 "," 10,000.00 "," 10,000.00 "," 10,000.00 "," 10,000.00 "," 10,000.00 "," 10,000.00 ",, -   ," 6,000.00 "," 6,000.00 "," 6,000.00 ",,," 148,000.00 ",100%,87.20 ,0%," 1,329,912.80 ",89.99%," 147,912.80 ",Vendido,Cliente Atrasado,14,1,15," 10,000.00 "," 9,851.00 ",3,15," 157,765 "," 18,000 "," 130,000 ", -   , -   ," 9,765 ",1,,,,"-9,765 ","-9,765 ", -   ,,," 946,513 "," 405,649 "," 113,582 "," 12,169 "," 1,060,095 "," 417,818 "," 1,477,913 ", 0 
,602,E10,,**,Wendy Lorena Caal Garcia,27/08/25,4.Plan de pagos," 1,610,400.00 "," 112,800.00 ", -   , -   , -   , -   , -   , -   , -   , -   , -   , -   , -   , -   , -   , -   , -   , -   , -   , -   , -   , -   , -   , -   , -   , -   , -   , -   ,, -   ,," 10,000.00 ", -   ," 102,800.00 ", -   ,,," 112,800.00 ",100%,0.00 ,0%," 1,497,600.00 ",93.00%," 112,800.00 ",Vendido,Enganche Completado,12,1,13," 10,000.00 ", -   ,,4," 10,000 ", -   ," 112,800 ", -   ," 102,800 ", -   ,,,,," 102,800 "," 102,800 ", -   ,,," 1,031,363 "," 442,013 "," 123,764 "," 13,260 "," 1,155,127 "," 455,273 "," 1,610,400 ", -   
,603,B4,,Antonio Rada,Mario José Márquez Rivera / Belteton Castellanos Iveth,2/04/24,4.Plan de pagos," 901,400.00 "," 90,200.00 ", -   , -   , -   , -   , -   , -   , -   , -   , -   , -   , -   , -   , -   ," 8,000.00 "," 4,835.00 "," 4,835.00 "," 4,835.00 "," 4,835.00 "," 4,835.00 "," 4,835.00 "," 4,835.00 "," 4,835.00 "," 4,835.00 ", -   ," 9,670.00 "," 4,835.00 "," 4,835.00 "," 4,835.00 "," 4,835.00 "," 2,417.50 "," 7,252.50 "," 4,835.00 "," 2,417.50 "," 2,417.50 "," 4,835.00 "," 104,700.00 ",116%,"14,500.00 ",16%," 796,700.00 ",88.38%," 90,200.00 ",Vendido,Cliente Atrasado,17,1,18," 8,000.00 "," 4,835.00 ",19,21," 109,535 "," 79,778 "," 24,923 ", -   , -   ," 4,835 ",1,,,,"-4,835 ","-4,835 ", -   ,,," 577,292 "," 247,411 "," 69,275 "," 7,422 "," 646,567 "," 254,833 "," 901,400 ", -   
,604,B3,,Antonio Rada,Juan Sebastian Gaitán Serrano,29/04/24,4.Plan de pagos," 887,400.00 "," 88,800.00 ", -   , -   , -   , -   , -   , -   , -   , -   , -   , -   , -   , -   , -   ," 8,000.00 "," 4,753.00 "," 4,753.00 "," 4,753.00 "," 4,753.00 "," 4,753.00 "," 4,753.00 "," 4,753.00 "," 4,753.00 "," 4,753.00 "," 4,753.00 "," 4,753.00 "," 4,753.00 "," 4,753.00 "," 4,753.00 "," 4,753.00 "," 4,753.00 "," 4,753.00 "," 4,753.00 ", -   ," 9,506.00 ", 340.00 ," 103,400.00 ",116%,"14,600.00 ",16%," 784,000.00 ",88.35%," 88,800.00 ",Vendido,Superávit de Enganche,17,1,18," 8,000.00 "," 4,753.00 ",19,20," 103,060 "," 85,894 "," 17,506 ", -   , 340 , -   ,,,,, 340 , 340 , -   ,,," 568,326 "," 243,568 "," 68,199 "," 7,307 "," 636,525 "," 250,875 "," 887,400 ", -   
,605,D9,,Antonio Rada,Mirna Maria Rosas Guerra,18/09/24,4.Plan de pagos," 1,373,505.00 "," 137,405.00 ", -   , -   , -   , -   , -   , -   , -   , -   , -   , -   , -   , -   , -   , -   , -   , -   , -   , -   ," 10,000.00 "," 8,494.00 "," 8,494.00 "," 8,494.00 "," 8,494.00 "," 8,494.00 "," 8,494.00 "," 8,494.00 "," 8,494.00 "," 8,494.00 "," 8,494.00 "," 8,494.00 "," 8,494.00 "," 8,494.00 "," 8,494.00 "," 8,489.00 ",," 137,405.00 ",100%,0.00 ,0%," 1,236,100.00 ",90.00%," 137,405.00 ",Vendido,Cliente Atrasado,15,1,16," 10,000.00 "," 8,494.00 ",15,16," 145,904 "," 127,405 "," 10,000 ", -   , -   ," 8,499 ",2,,,,"-8,499 ","-8,499 ", -   ,,," 879,646 "," 376,991 "," 105,558 "," 11,310 "," 985,204 "," 388,301 "," 1,373,505 ", 0 
,606,D8,,Antonio Rada,Mar Frandi Solly Gramajo Hernandez De Calderon,29/08/24,4.Plan de pagos," 1,379,595.00 "," 137,995.00 ", -   , -   , -   , -   , -   , -   , -   , -   , -   , -   , -   , -   , -   , -   , -   , -   , -   ," 10,000.00 "," 8,000.00 "," 8,000.00 "," 8,000.00 "," 8,000.00 "," 8,000.00 "," 8,000.00 "," 8,000.00 "," 8,000.00 "," 8,000.00 "," 8,000.00 "," 8,000.00 "," 8,000.00 "," 8,000.00 "," 8,000.00 "," 8,000.00 "," 8,000.00 "," 8,000.00 "," 146,000.00 ",106%,"8,005.00 ",6%," 1,233,595.00 ",89.42%," 137,995.00 ",Vendido,Superávit de Enganche,15,1,16," 10,000.00 "," 8,000.00 ",17,16," 138,000 "," 136,000 "," 10,000 ", -   ," 8,000 ", -   ,,,,," 8,000 "," 8,000 ", -   ,,," 883,547 "," 378,663 "," 106,026 "," 11,360 "," 989,572 "," 390,023 "," 1,379,595 ", 0 
,607,A12,,Antonio Rada,Antony Williams Sajche Torres / Madelyn Kristina Sajche Torres,22/04/25,4.Plan de pagos," 771,274.00 "," 77,174.00 ", -   , -   , -   , -   , -   , -   , -   , -   , -   , -   , -   , -   , -   , -   , -   , -   , -   , -   , -   , -   , -   , -   , -   , -   , -   ," 10,000.00 "," 5,167.00 "," 5,167.00 "," 5,176.00 "," 5,167.00 "," 5,167.00 "," 5,167.00 "," 5,167.00 "," 5,167.00 "," 5,167.00 "," 56,512.00 ",73%,"-20,662.00 ",-27%," 714,762.00 ",92.67%," 77,174.00 ",Vendido,Cliente al día,13,1,14," 10,000.00 "," 5,167.00 ",9,9," 56,503 "," 41,336 "," 15,176 ", -   , 9 , -   ,,,,, 9 , 9 , -   ,,," 493,954 "," 211,695 "," 59,274 "," 6,351 "," 553,229 "," 218,045 "," 771,274 ", -   
,608,C6,Plan de pagos especiales,Antonio Rada,Alfonso Videche Rodriguez,2/02/24,4.Plan de pagos," 1,183,693.00 "," 118,393.00 ", -   , -   , -   , -   , -   , -   , -   , -   , -   , -   , -   ," 12,000.00 ", -   ," 15,000.00 ", -   , -   , -   ," 19,000.00 ", -   , -   , -   , -   , -   , -   , -   ," 39,000.00 ",,,,, -   , -   , -   ,,," 85,000.00 ",72%,"-33,393.00 ",-28%," 1,098,693.00 ",92.82%," 118,393.00 ",Vendido,Cliente al día,6,1,7," 8,000.00 "," 19,000.00 ",,23," 84,000 "," 46,000 "," 39,000 ", -   ," 1,000 ", -   ,, CE ,"*Plan de Pagos Especial*  próximo pago en julio 2025 por GTQ 19,000 y Octubre 2025 GTQ 15, 393,00 cancela enganche.",," 1,000 "," 1,000 ", -   ,,," 758,083 "," 324,893 "," 90,970 "," 9,747 "," 849,053 "," 334,640 "," 1,183,693 ", -   
,609,C5,,Antonio Rada,Luis Augusto Franco Lopez,22/05/24,4.Plan de pagos," 1,181,561.50 "," 118,161.50 ", -   , -   , -   , -   , -   , -   , -   , -   , -   , -   , -   , -   , -   , -   ," 10,000.00 "," 5,693.00 "," 5,693.00 "," 5,693.00 "," 11,386.00 ", -   ," 5,693.00 "," 5,693.00 "," 5,693.00 "," 5,693.00 "," 5,693.00 "," 5,693.00 "," 11,386.00 ",," 5,693.00 "," 5,693.00 "," 5,693.00 "," 5,693.00 "," 11,386.00 ",,," 118,167.00 ",100%,5.50 ,0%," 1,063,394.50 ",90.00%," 118,161.50 ",Vendido,Cliente Atrasado,19,1,20," 10,000.00 "," 5,693.00 ",13,20," 123,860 "," 74,009 "," 44,158 ", -   , -   ," 5,693 ",1,,,,"-5,693 ","-5,693 ", -   ,,," 756,718 "," 324,308 "," 90,806 "," 9,729 "," 847,524 "," 334,037 "," 1,181,561 ",-0 
,610,C6,,Antonio Rada,Andrea Nathalia Molina Mendez De Velasqeuz,29/02/24,4.Plan de pagos," 1,183,693.00 "," 118,393.00 ", -   , -   , -   , -   , -   , -   , -   , -   , -   , -   , -   ," 8,000.00 "," 5,810.00 "," 5,810.00 "," 5,810.00 "," 5,810.00 "," 5,810.00 "," 5,810.00 "," 5,810.00 "," 5,810.00 "," 5,810.00 "," 5,810.00 "," 5,810.00 "," 5,810.00 "," 5,810.00 "," 5,810.00 "," 5,810.00 "," 5,810.00 "," 5,810.00 "," 5,810.00 ", -   ," 5,813.00 ", -   ,,," 118,393.00 ",100%,0.00 ,0%," 1,065,300.00 ",90.00%," 118,393.00 ",Vendido,Cliente Atrasado,19,1,20," 8,000.00 "," 5,810.00 ",19,22," 135,820 "," 104,580 "," 13,813 ", -   , -   ," 17,427 ",3,,,,"-17,427 ","-17,427 ", -   ,,," 758,083 "," 324,893 "," 90,970 "," 9,747 "," 849,053 "," 334,640 "," 1,183,693 ", -   
,611,C5,,Antonio Rada,Kenny Estuardo Garay Carias,27/06/25,4.Plan de pagos," 1,381,446.70 "," 276,346.70 ", -   , -   , -   , -   , -   , -   , -   , -   , -   , -   , -   , -   , -   , -   , -   , -   , -   , -   , -   , -   , -   , -   , -   ," 10,000.00 "," 10,000.00 ", -   ,,," 20,488.00 "," 20,488.00 "," 20,488.00 "," 20,488.00 "," 20,488.00 "," 20,488.00 "," 20,488.00 "," 163,416.00 ",59%,"-112,930.70 ",-41%," 1,218,030.70 ",88.17%," 276,346.70 ",Vendido,Cliente al día,13,1,14," 10,000.00 "," 20,488.00 ",,6," 132,928 "," 163,416 ", -   , -   ," 30,488 ", -   ,,,"Firma reciente, cliente extranjero ahora se formalizará los pagos mensuales",," 30,488 "," 30,488 ", -   ,,," 884,733 "," 379,171 "," 106,168 "," 11,375 "," 990,900 "," 390,546 "," 1,381,447 ", 0 
,612,A8,,Antonio Rada,Yonatan Morgan Acajabon,6/09/25,4.Plan de pagos," 946,600.00 "," 66,300.00 ", -   , -   , -   , -   , -   , -   , -   , -   , -   , -   , -   , -   , -   , -   , -   , -   , -   , -   , -   , -   , -   , -   , -   , -   , -   , -   , -   , -   , -   , -   ," 10,000.00 "," 6,300.00 ", -   ," 6,300.00 "," 6,300.00 "," 28,900.00 ",44%,"-37,400.00 ",-56%," 917,700.00 ",96.95%," 66,300.00 ",Vendido,Cliente Atrasado,34,1,35," 10,000.00 "," 6,300.00 ",3,4," 35,200 "," 18,900 "," 10,000 ", -   , -   ," 6,300 ",1,,"Nuevo plan de pago, cliente al día.",,"-6,300 ","-6,300 ", -   ,,," 606,240 "," 259,817 "," 72,749 "," 7,795 "," 678,988 "," 267,612 "," 946,600 ", -   
,613,A2,,Antonio Rada,Sergio Oswaldo Velasquez Moreno,19/07/23,4.Plan de pagos," 687,500.00 "," 68,800.00 ", -   , -   , -   , -   ," 6,000.00 "," 2,415.00 "," 2,415.00 "," 2,415.00 "," 2,415.00 "," 2,415.00 "," 2,415.00 "," 2,415.00 "," 2,425.00 "," 2,415.00 "," 2,415.00 "," 2,415.00 "," 2,415.00 "," 2,415.00 "," 2,415.00 "," 2,415.00 ", -   ," 2,415.00 "," 2,415.00 "," 2,415.00 "," 2,415.00 "," 2,415.00 "," 2,415.00 "," 4,830.00 "," 2,415.00 "," 2,415.00 "," 2,425.00 ", -   , -   ,,," 68,810.00 ",100%,10.00 ,0%," 618,690.00 ",89.99%," 68,800.00 ",Vendido,Cliente Atrasado,26,1,27," 6,000.00 "," 2,415.00 ",25,30," 78,450 "," 53,130 "," 15,680 ", -   , -   ," 9,640 ",4,,"Revisado, se envío correo a consulta a 180 para validar un recibo del mes de noviembre 2024,",,"-9,640 ","-9,640 ", -   ,,," 440,302 "," 188,701 "," 52,836 "," 5,661 "," 493,138 "," 194,362 "," 687,500 ",-0 
,614,E5,,**,Thalia  Raquel Carredano,8/08/25,4.Plan de pagos," 1,509,908.40 "," 151,908.40 ", -   , -   , -   , -   , -   , -   , -   , -   , -   , -   , -   , -   , -   , -   , -   , -   , -   , -   , -   , -   , -   , -   , -   , -   , -   , -   ,,,," 10,000.00 ", -   ," 50,000.00 ", -   ," 51,057.04 ",," 111,057.04 ",73%,"-40,851.36 ",-27%," 1,398,851.36 ",92.64%," 151,908.40 ",Vendido,Cliente al día,27,1,28,,,,5, -   , -   , -   ," 111,057 "," 111,057 ", -   ,,,,," 111,057 "," 111,057 ", -   ,,," 967,004 "," 414,430 "," 116,041 "," 12,433 "," 1,083,045 "," 426,863 "," 1,509,908 ", 0 
 F&F ,615,A5,,Antonio Rada,Maria De Los Angeles España Cordon,24/04/23,4.Plan de pagos," 611,950.01 "," 61,250.01 ", -   ," 6,500.00 ", -   , -   , -   , -   , -   , -   , -   , -   ," 1,500.00 "," 1,500.00 "," 3,000.00 ", -   ," 1,500.00 ", -   , -   , -   , -   , -   , -   , -   , -   , -   , -   , -   ,,,, -   , -   , -   , -   ,,," 14,000.00 ",23%,"-47,250.01 ",-77%," 597,950.01 ",97.71%," 61,250.01 ",Vendido,Cliente Atrasado,29,1,30," 6,500.00 "," 1,000.00 ",4,33," 39,500 ", -   ," 14,000 ", -   , -   ," 25,500 ",,F&F,,,"-25,500 ","-25,500 ", -   ,,," 391,917 "," 167,964 "," 47,030 "," 5,039 "," 438,947 "," 173,003 "," 611,950 ", 0 
,616,B4,,Antonio Rada,Edwin Estuardo Acevedo Salguero,8/03/24,4.Plan de pagos," 901,400.00 "," 90,200.00 ", -   , -   , -   , -   , -   , -   , -   , -   , -   , -   , -   , -   ," 8,000.00 "," 10,000.00 ", -   ," 5,000.00 "," 5,000.00 "," 5,000.00 "," 5,000.00 "," 5,000.00 ", -   ," 10,000.00 "," 5,000.00 ", -   ," 10,000.00 "," 5,000.00 "," 5,000.00 "," 5,000.00 "," 5,000.00 "," 5,000.00 ", -   ," 10,000.00 "," 5,000.00 "," 5,000.00 ",," 113,000.00 ",125%,"22,800.00 ",25%," 788,400.00 ",87.46%," 90,200.00 ",Vendido,Superávit de Enganche,18,1,19," 8,000.00 "," 4,567.00 ",13,22," 108,474 ", -   ," 113,000 ", -   ," 4,526 ", -   ,,,,," 4,526 "," 4,526 ", -   ,,," 577,292 "," 247,411 "," 69,275 "," 7,422 "," 646,567 "," 254,833 "," 901,400 ", -   
,617,B3,FALLECIMIENTO - ,Antonio Rada,Hans Christian Beeck Cazali,7/05/24,4.Plan de pagos," 887,400.00 "," 88,800.00 ", -   , -   , -   , -   , -   , -   , -   , -   , -   , -   , -   , -   , -   , -   ," 12,800.00 "," 4,000.00 "," 4,000.00 "," 4,000.00 "," 4,000.00 ", -   ," 4,000.00 "," 8,000.00 ", -   ," 8,000.00 "," 4,000.00 ", -   ,,," 4,000.00 "," 4,000.00 "," 4,000.00 ", -   , -   ,,," 64,800.00 ",73%,"-24,000.00 ",-27%," 822,600.00 ",92.70%," 88,800.00 ",Vendido,Cliente Atrasado,19,1,20," 12,800.00 "," 4,000.00 ",11,20," 92,800 "," 36,000 "," 28,800 ", -   , -   ," 28,000 ",7, CE ,"* Caso especial por fallecimiento,",,"-28,000 ","-28,000 ", -   ,,," 568,326 "," 243,568 "," 68,199 "," 7,307 "," 636,525 "," 250,875 "," 887,400 ", -   
,618,E9,,Antonio Rada,Sergio Adolfo García Velásquez,25/04/25,4.Plan de pagos," 1,502,549.44 "," 150,349.44 ", -   , -   , -   , -   , -   , -   , -   , -   , -   , -   , -   , -   , -   , -   , -   , -   , -   , -   , -   , -   , -   , -   , -   , -   ," 10,000.00 "," 10,000.00 "," 6,000.00 "," 6,000.00 "," 20,388.00 "," 6,000.00 "," 6,000.00 "," 6,000.00 "," 6,000.00 "," 29,980.00 "," 6,000.00 "," 112,368.00 ",75%,"-37,981.44 ",-25%," 1,390,181.44 ",92.52%," 150,349.44 ",Vendido,Cliente al día,13,1,14," 10,000.00 "," 6,000.00 ",7,9," 64,000 "," 42,000 "," 70,368 ", -   ," 48,368 ", -   ,,,,," 48,368 "," 48,368 ", -   ,,," 962,292 "," 412,411 "," 115,475 "," 12,372 "," 1,077,766 "," 424,783 "," 1,502,549 ",-0 
,619,E10,,Sofia Paredes,José Estuardo Ordoñez Cancinos,8/03/25,4.Plan de pagos," 1,529,194.33 "," 152,919.43 ", -   , -   , -   , -   , -   , -   , -   , -   , -   , -   , -   , -   , -   , -   , -   , -   , -   , -   , -   , -   , -   , -   , -   , -   ," 10,000.00 "," 7,903.00 "," 12,525.00 "," 10,214.00 "," 10,214.00 ", -   ," 10,214.00 "," 10,214.00 "," 10,214.00 "," 10,214.00 ",," 91,712.00 ",60%,"-61,207.43 ",-40%," 1,437,482.33 ",94.00%," 152,919.43 ",Vendido,Cliente Atrasado,14,1,15," 10,000.00 "," 10,214.00 ",1,10," 112,140 "," 79,187 "," 12,525 ", -   , -   ," 20,428 ",2,,,,"-20,428 ","-20,428 ", -   ,,," 979,356 "," 419,724 "," 117,523 "," 12,592 "," 1,096,879 "," 432,316 "," 1,529,194 ", 0 
,701,E9,,Antonio Rada,Luis Francisco Villatoro Quiroa,21/03/23,4.Plan de pagos," 1,320,300.00 "," 132,100.00 "," 6,000.00 "," 3,700.00 "," 3,506.00 "," 3,603.00 "," 3,603.00 "," 3,603.00 "," 3,603.00 "," 3,603.00 "," 3,603.00 "," 3,603.00 "," 3,603.00 "," 3,603.00 "," 3,603.00 "," 3,603.00 "," 3,603.00 "," 3,603.00 "," 3,603.00 "," 3,603.00 "," 3,603.00 "," 3,603.00 "," 3,603.00 "," 3,603.00 "," 3,603.00 "," 3,603.00 "," 3,603.00 "," 3,603.00 "," 3,603.00 "," 3,603.00 "," 3,603.00 "," 3,603.00 "," 3,603.00 "," 3,603.00 "," 3,603.00 "," 3,603.00 "," 3,603.00 "," 128,502.00 ",97%,"-3,598.00 ",-3%," 1,191,798.00 ",90.27%," 132,100.00 ",Vendido,Cliente al día,35,1,36," 6,000.00 "," 3,603.00 ",34,34," 128,502 "," 118,802 "," 9,700 ", -   , -   , -   ,,,,, -   , -   , -   ,,," 845,572 "," 362,388 "," 101,469 "," 10,872 "," 947,040 "," 373,260 "," 1,320,300 ", -   
,702,E10,,Antonio Rada,Wilson Humberto Félix Reyna,14/04/23,4.Plan de pagos," 1,343,800.00 "," 134,400.00 ", -   ," 6,000.00 "," 4,428.00 "," 4,428.00 "," 4,427.00 "," 4,429.00 "," 4,428.00 "," 4,428.00 "," 4,428.00 "," 4,428.00 "," 4,428.00 "," 4,428.00 "," 4,428.00 ", -   ," 4,428.00 "," 4,428.00 "," 4,428.00 "," 4,428.00 ", -   ," 4,428.00 "," 4,428.00 "," 4,428.00 ", -   ," 4,428.00 ", -   ," 13,284.00 "," 4,428.00 "," 4,428.00 "," 4,428.00 ", -   ," 17,700.00 ", -   , -   ,,," 134,400.00 ",100%,0.00 ,0%," 1,209,400.00 ",90.00%," 134,400.00 ",Vendido,Cliente Atrasado,29,1,30," 6,000.00 "," 4,428.00 ",22,33," 152,124 "," 92,987 "," 41,413 ", -   , -   ," 17,724 ",5,,Revisado y cobrado.,,"-17,724 ","-17,724 ", -   ,,," 860,622 "," 368,838 "," 103,275 "," 11,065 "," 963,897 "," 379,903 "," 1,343,800 ", -   
,703,B4,Plan de pagos especiales,Antonio Rada,Daniel Augusto Santos Aragon,7/03/24,4.Plan de pagos," 901,400.00 "," 90,200.00 ", -   , -   , -   , -   , -   , -   , -   , -   , -   , -   , -   , -   ," 8,000.00 "," 4,567.00 "," 4,567.00 "," 4,567.00 "," 4,567.00 "," 9,134.00 "," 4,567.00 "," 4,567.00 "," 4,567.00 ", -   ," 4,567.00 "," 4,567.00 "," 2,000.00 "," 2,000.00 "," 2,000.00 "," 4,000.00 "," 2,000.00 ", -   ," 4,000.00 ", -   ," 2,000.00 "," 4,000.00 ",," 80,237.00 ",89%,"-9,963.00 ",-11%," 821,163.00 ",91.10%," 90,200.00 ",Vendido,Cliente Atrasado,30,1,31," 58,237.00 "," 2,000.00 ",19,22," 102,237 "," 10,000 "," 70,237 ", -   , -   ," 22,000 ",11, CE ,"Nuevo plan de pago, cliente al día.",,"-22,000 ","-22,000 ", -   ,,," 577,292 "," 247,411 "," 69,275 "," 7,422 "," 646,567 "," 254,833 "," 901,400 ", -   
,704,B3,,Antonio Rada,Dania Dulcidia Gutierrez Villeda,15/04/24,4.Plan de pagos," 887,400.00 "," 88,800.00 ", -   , -   , -   , -   , -   , -   , -   , -   , -   , -   , -   , -   , -   ," 8,000.00 "," 4,753.00 "," 4,753.00 "," 4,753.00 "," 4,753.00 "," 4,753.00 "," 9,506.00 ", -   ," 9,506.00 ", -   ," 9,506.00 "," 4,753.00 ", -   ," 9,506.00 ",," 9,506.00 ", -   ," 4,752.00 ", -   , -   ,,," 88,800.00 ",100%,0.00 ,0%," 798,600.00 ",89.99%," 88,800.00 ",Vendido,Cliente Atrasado,17,1,18," 8,000.00 "," 4,753.00 ",7,21," 107,813 "," 33,270 "," 55,530 ", -   , -   ," 19,013 ",5,,,,"-19,013 ","-19,013 ", -   ,,," 568,326 "," 243,568 "," 68,199 "," 7,307 "," 636,525 "," 250,875 "," 887,400 ", -   
,705,D9,,Antonio Rada,Ingrid Lisbeth Dubón García De Diaz,11/02/25,4.Plan de pagos," 1,396,401.18 "," 139,701.18 ", -   , -   , -   , -   , -   , -   , -   , -   , -   , -   , -   , -   , -   , -   , -   , -   , -   , -   , -   , -   , -   , -   , -   ," 10,000.00 ", -   ," 17,294.00 "," 8,647.00 "," 8,647.00 "," 8,647.00 "," 8,647.00 "," 8,647.00 "," 8,647.00 "," 8,647.00 "," 8,647.00 ",," 96,470.00 ",69%,"-43,231.18 ",-31%," 1,299,931.18 ",93.09%," 139,701.18 ",Vendido,Cliente Atrasado,15,1,16," 10,000.00 "," 8,647.00 ",8,11," 105,117 "," 69,176 "," 27,294 ", -   , -   ," 8,647 ",1,,,,"-8,647 ","-8,647 ", -   ,,," 894,310 "," 383,276 "," 107,317 "," 11,498 "," 1,001,627 "," 394,774 "," 1,396,401 ",-0 
,706,D8,,Antonio Rada,Edison Gabriel Ramirez Lopez,12/03/25,4.Plan de pagos," 1,402,592.70 "," 140,292.70 ", -   , -   , -   , -   , -   , -   , -   , -   , -   , -   , -   , -   , -   , -   , -   , -   , -   , -   , -   , -   , -   , -   , -   , -   ," 10,000.00 "," 9,307.00 "," 9,307.00 "," 9,307.00 "," 9,307.00 "," 9,307.00 "," 9,307.00 "," 9,307.00 "," 9,307.00 "," 9,307.00 ",," 93,763.00 ",67%,"-46,529.70 ",-33%," 1,308,829.70 ",93.32%," 140,292.70 ",Vendido,Cliente Atrasado,14,1,15," 10,000.00 "," 9,307.00 ",9,10," 103,070 "," 83,763 "," 10,000 ", -   , -   ," 9,307 ",1,,,,"-9,307 ","-9,307 ", -   ,,," 898,275 "," 384,975 "," 107,793 "," 11,549 "," 1,006,068 "," 396,524 "," 1,402,593 ",-0 
,707,A12,,Sofia Paredes,Cristhian Paul Escobar Maldonado ,4/04/25,4.Plan de pagos," 789,045.00 "," 78,945.00 ", -   , -   , -   , -   , -   , -   , -   , -   , -   , -   , -   , -   , -   , -   , -   , -   , -   , -   , -   , -   , -   , -   , -   , -   , -   ," 10,000.00 ",,," 10,000.00 "," 5,000.00 "," 5,000.00 "," 5,000.00 "," 5,000.00 "," 5,000.00 "," 5,000.00 "," 50,000.00 ",63%,"-28,945.00 ",-37%," 739,045.00 ",93.66%," 78,945.00 ",Vendido,Cliente Atrasado,13,1,14," 5,303.00 "," 5,303.00 ",6,9," 53,030 "," 30,000 "," 20,000 ", -   , -   ," 3,030 ",1,,,,"-3,030 ","-3,030 ", -   ,,," 505,335 "," 216,572 "," 60,640 "," 6,497 "," 565,976 "," 223,069 "," 789,045 ", 0 
,708,C6,Plan de pagos especiales,Antonio Rada,Alfonso Videche Rodriguez,30/01/24,4.Plan de pagos," 1,183,693.00 "," 118,393.00 ", -   , -   , -   , -   , -   , -   , -   , -   , -   , -   ," 7,600.00 "," 4,000.00 ", -   ," 15,000.00 ", -   , -   , -   ," 19,000.00 ", -   , -   , -   , -   , -   , -   , -   ," 39,000.00 ",,,,, -   , -   , -   ,,," 84,600.00 ",71%,"-33,793.00 ",-29%," 1,099,093.00 ",92.85%," 118,393.00 ",Vendido,Cliente Atrasado,6,1,7," 7,600.00 "," 19,000.00 ",1,23," 444,600 "," 45,600 "," 39,000 ", -   , -   ," 360,000 ",19, CE ,"*Plan de Pagos Especial*  próximo pago en julio 2025 por GTQ 19,000 y Octubre 2025 GTQ 15,793,00 cancela enganche.",,"-360,000 ","-360,000 ", -   ,,," 758,083 "," 324,893 "," 90,970 "," 9,747 "," 849,053 "," 334,640 "," 1,183,693 ", -   
 F&F ,709,C5,,Anahí Cisneros,Manuel Lizandro Ramírez Barrios,3/10/23,4.Plan de pagos," 1,362,800.00 "," 95,400.00 ", -   , -   , -   , -   , -   , -   , -   , -   , -   , -   , -   , -   , -   , -   , -   , -   , -   , -   , -   , -   , -   , -   , -   , -   , -   , -   ,,,, -   , -   , -   , -   ," 9,489.00 "," 86,000.00 "," 95,489.00 ",100%,89.00 ,0%," 1,267,311.00 ",92.99%," 95,400.00 ",Vendido,Superávit de Enganche,,,,,,,27, -   , -   , -   ," 95,489 "," 95,489 ", -   ,,F&F,"REVISAR Y VERIFICAR, NO TIENE DATOS QUE SEA F&F",," 95,489 "," 95,489 ", -   ,,," 872,790 "," 374,053 "," 104,735 "," 11,222 "," 977,525 "," 385,275 "," 1,362,800 ", 0 
 F&F ,710,C6,,Brenda Búcaro,Carlos Yon (congelado estrategia comercial),4/09/23,4.Plan de pagos," 1,185,640.42 "," 118,564.04 ", -   , -   , -   , -   , -   , -   , -   , -   , -   , -   , -   , -   , -   , -   , -   , -   , -   , -   , -   , -   , -   , -   , -   , -   , -   , -   ,,,, -   , -   ," 468,000.00 ", -   ,,," 468,000.00 ",395%,"349,435.96 ",295%," 717,640.42 ",60.53%," 118,564.04 ",Vendido,Superávit de Enganche,,,,,,,28, -   , -   , -   ," 468,000 "," 468,000 ", -   ,,F&F,,," 468,000 "," 468,000 ", -   ,,," 759,331 "," 325,427 "," 91,120 "," 9,763 "," 850,450 "," 335,190 "," 1,185,640 ", 0 
,711,C5,Plan de pagos especiales,Diana Alvarez,Samuel David Chavez,23/04/25,4.Plan de pagos," 1,204,212.47 "," 120,512.47 ", -   , -   , -   , -   , -   , -   , -   , -   , -   , -   , -   , -   , -   , -   , -   , -   , -   , -   , -   , -   ," 10,000.00 ", -   , -   , -   ," 50,000.00 ", -   ,," 5,000.00 ",, -   ," 10,000.00 ", -   , -   ,,," 75,000.00 ",62%,"-45,512.47 ",-38%," 1,129,212.47 ",93.77%," 120,512.47 ",Vendido,Cliente Atrasado,16,1,17," 60,000.00 "," 3,782.00 ",4,9," 94,038 ", -   ," 75,000 ", -   , -   ," 19,038 ",6, CE ,"Nuevo plan de pagos a partir del 25-04-2025, cumplio con el pago de casi 2 cuotas 27-06-2025",,"-19,038 ","-19,038 ", -   ,,," 771,225 "," 330,525 "," 92,547 "," 9,916 "," 863,772 "," 340,441 "," 1,204,212 ", -   
,712,A8,,Antonio Rada,Edgar Augusto Sepúlveda Barrera,8/06/23,4.Plan de pagos," 703,500.00 "," 70,400.00 ", -   , -   , -   ," 6,000.00 "," 2,385.00 "," 2,385.00 "," 2,385.00 "," 2,385.00 "," 2,385.00 "," 2,385.00 "," 2,385.00 "," 2,385.00 "," 2,385.00 "," 2,385.00 "," 2,385.00 "," 2,385.00 "," 2,385.00 "," 2,385.00 "," 2,385.00 "," 2,385.00 "," 2,385.00 "," 2,385.00 "," 2,385.00 "," 2,385.00 "," 2,385.00 "," 2,385.00 "," 2,385.00 "," 2,385.00 "," 2,385.00 "," 2,385.00 "," 2,390.00 ", -   , -   ,,," 70,400.00 ",100%,0.00 ,0%," 633,100.00 ",89.99%," 70,400.00 ",Vendido,Cliente Atrasado,27,1,28," 6,000.00 "," 2,385.00 ",27,31," 79,935 "," 62,010 "," 8,390 ", -   , -   ," 9,535 ",4,,,,"-9,535 ","-9,535 ", -   ,,," 450,549 "," 193,092 "," 54,066 "," 5,793 "," 504,615 "," 198,885 "," 703,500 ", -   
,713,A2,Plan de pagos especiales,Antonio Rada, Luis Alejandro Pérez Ibañez,10/06/23,4.Plan de pagos," 687,500.00 "," 68,800.00 ", -   , -   , -   ," 6,000.00 "," 2,326.00 "," 2,326.00 "," 2,326.00 "," 2,326.00 "," 2,326.00 "," 2,326.00 "," 2,326.00 "," 1,163.00 "," 3,488.00 ", -   ," 2,324.00 "," 2,324.00 "," 2,324.00 "," 2,324.00 "," 2,324.00 "," 2,324.00 ", -   ," 3,424.00 "," 2,324.00 ", -   ," 2,334.00 "," 2,324.00 "," 2,502.43 "," 2,502.43 "," 2,502.43 "," 2,502.43 "," 2,502.43 ", -   , -   ,,," 63,795.15 ",93%,"-5,004.85 ",-7%," 623,704.85 ",90.72%," 68,800.00 ",Vendido,Cliente al día,34,1,35," 6,000.00 "," 2,326.00 ",24,31," 63,795 "," 36,037 "," 27,758 ", -   , -   , -   ,, CE ,"Nuevo plan de pago, cliente al día.",, -   , -   , -   ,,," 440,302 "," 188,701 "," 52,836 "," 5,661 "," 493,138 "," 194,362 "," 687,500 ",-0 
,714,E5,,Antonio Rada,Jose Carlos Samayoa San Jose,11/04/24,4.Plan de pagos," 1,438,008.00 "," 143,808.00 ", -   , -   , -   , -   , -   , -   , -   , -   , -   , -   , -   , -   , -   ," 8,000.00 "," 10,000.00 "," 10,000.00 "," 10,000.00 "," 10,000.00 "," 10,000.00 "," 10,000.00 "," 20,000.00 ", -   ," 10,000.00 "," 10,000.00 "," 25,000.00 ", -   ," 30,000.00 ",," 26,500.00 "," 20,000.00 "," 20,000.00 "," 20,000.00 "," 40,000.00 "," 20,000.00 "," 2,000.00 "," 311,500.00 ",217%,"167,692.00 ",117%," 1,126,508.00 ",78.34%," 143,808.00 ",Vendido,Superávit de Enganche,17,1,18," 8,000.00 "," 7,989.00 ",1,21," 175,769 "," 2,000 "," 309,500 ", -   ," 135,731 ", -   ,,,,," 135,731 "," 135,731 ", -   ,,," 920,957 "," 394,696 "," 110,515 "," 11,841 "," 1,031,471 "," 406,537 "," 1,438,008 ", -   
,715,A5,,Brenda Búcaro,Cynthia Marisel Coronado Monterroso,10/03/23,4.Plan de pagos," 617,600.00 "," 62,000.00 "," 6,000.00 "," 1,600.00 "," 1,600.00 "," 1,600.00 "," 1,600.00 ", -   ," 1,600.00 "," 3,200.00 "," 1,600.00 "," 1,600.00 "," 1,600.00 "," 1,600.00 "," 1,600.00 "," 1,600.00 "," 1,600.00 "," 1,600.00 "," 1,600.00 "," 1,600.00 "," 1,600.00 "," 1,600.00 "," 1,600.00 "," 1,600.00 ", -   ," 3,200.00 "," 1,600.00 "," 1,600.00 "," 1,600.00 "," 1,600.00 "," 1,600.00 "," 1,600.00 "," 1,600.00 ", -   ," 1,600.00 ",,," 55,600.00 ",90%,"-6,400.00 ",-10%," 562,000.00 ",91.00%," 62,000.00 ",Vendido,Cliente Atrasado,35,1,36," 6,000.00 "," 1,600.00 ",29,34," 60,400 "," 43,200 "," 12,400 ", -   , -   ," 4,800 ",3,,,,"-4,800 ","-4,800 ", -   ,,," 395,535 "," 169,515 "," 47,464 "," 5,085 "," 442,999 "," 174,601 "," 617,600 ", -   
,716,B4,,Antonio Rada,Lisvet  Maricelasance Alvarez De Giron,15/01/24,4.Plan de pagos," 901,400.00 "," 90,200.00 ", -   , -   , -   , -   , -   , -   , -   , -   , -   , -   ," 8,000.00 "," 4,110.00 "," 4,110.00 "," 4,110.00 "," 4,110.00 "," 4,110.00 "," 4,100.00 "," 4,100.00 "," 4,100.00 "," 4,100.00 "," 4,100.00 ", -   ," 4,100.00 "," 4,100.00 "," 8,200.00 "," 4,100.00 "," 4,100.00 ",,, -   ," 16,550.00 ", -   , -   ,,," 90,200.00 ",100%,0.00 ,0%," 811,200.00 ",89.99%," 90,200.00 ",Vendido,Cliente Atrasado,20,1,21," 8,000.00 "," 4,110.00 ",14,24," 106,640 "," 57,450 "," 32,750 ", -   , -   ," 16,440 ",4,,,,"-16,440 ","-16,440 ", -   ,,," 577,292 "," 247,411 "," 69,275 "," 7,422 "," 646,567 "," 254,833 "," 901,400 ", -   
,717,B3,,Antonio Rada,Jorge Estuardo Díaz Durán Baldetti,30/04/24,4.Plan de pagos," 887,400.00 "," 88,800.00 ", -   , -   , -   , -   , -   , -   , -   , -   , -   , -   , -   , -   , -   ," 8,000.00 ", -   , -   ," 4,040.00 "," 4,040.00 "," 4,040.00 "," 4,040.00 "," 4,040.00 "," 4,040.00 "," 4,040.00 "," 4,040.00 "," 4,040.00 "," 4,040.00 "," 4,040.00 "," 4,040.00 "," 4,040.00 "," 4,040.00 "," 4,040.00 "," 4,040.00 "," 25,000.00 "," 28,320.00 ",," 125,960.00 ",142%,"37,160.00 ",42%," 761,440.00 ",85.81%," 88,800.00 ",Vendido,Superávit de Enganche,20,1,21," 8,000.00 "," 4,040.00 ",16,20," 88,800 "," 64,640 "," 61,320 ", -   ," 37,160 ", -   ,,,"* Al día, recibo debe corregirse se envío correo a  180 para validar que asignen al apartamento que corresponde.",," 37,160 "," 37,160 ", -   ,,," 568,326 "," 243,568 "," 68,199 "," 7,307 "," 636,525 "," 250,875 "," 887,400 ", -   
,718,E9,,Mario Rodriguez,Julio Fernando Flores Interiano,2/09/25,4.Plan de pagos," 1,667,800.00 "," 116,800.00 ", -   , -   , -   , -   , -   , -   , -   , -   , -   , -   , -   , -   , -   , -   , -   , -   , -   , -   , -   , -   , -   , -   , -   , -   , -   , -   ,,,, -   ," 10,000.00 ", -   , -   ,,," 10,000.00 ",9%,"-106,800.00 ",-91%," 1,657,800.00 ",99.40%," 116,800.00 ",Vendido,Cliente al día,,,,,,,4, -   , -   , -   ," 10,000 "," 10,000 ", -   ,,,,," 10,000 "," 10,000 ", -   ,,," 1,068,124 "," 457,768 "," 128,175 "," 13,733 "," 1,196,299 "," 471,501 "," 1,667,800 ", -   
,719,E10,,Junta Directiva,(congelado estrategia comercial) / Mario Flores,4/09/25,4.Plan de pagos," 1,456,400.00 "," 101,900.00 ", -   , -   , -   , -   , -   , -   , -   , -   , -   , -   , -   , -   , -   , -   , -   , -   , -   , -   , -   , -   , -   , -   , -   , -   , -   , -   ,,,, -   , -   , -   , -   ,,, -   ,0%,"-101,900.00 ",-100%," 1,456,400.00 ",100.00%," 101,900.00 ",Vendido,Cliente al día,,,,,,,4, -   , -   , -   , -   , -   , -   ,,,,, -   , -   , -   ,,," 932,736 "," 399,744 "," 111,928 "," 11,992 "," 1,044,664 "," 411,736 "," 1,456,400 ",-0 
,801,C4,,Antonio Rada,Pablo Jose Juarez Pereira,25/07/23,4.Plan de pagos," 1,152,000.00 "," 115,200.00 ", -   , -   , -   , -   ," 6,000.00 "," 4,200.00 "," 4,200.00 "," 4,200.00 "," 4,200.00 "," 4,200.00 "," 4,200.00 "," 8,400.00 ", -   ," 4,200.00 "," 4,200.00 ", -   ," 4,200.00 "," 8,400.00 ", -   ," 8,400.00 "," 4,200.00 ", -   ," 4,200.00 "," 8,400.00 "," 8,400.00 ", -   ," 4,200.00 ",," 8,400.00 "," 8,400.00 ", -   , -   , -   ,,," 115,200.00 ",100%,0.00 ,0%," 1,036,800.00 ",90.00%," 115,200.00 ",Vendido,Cliente Atrasado,26,1,27," 6,000.00 "," 4,200.00 ",12,30," 132,000 "," 50,400 "," 64,800 ", -   , -   ," 16,800 ",4,,,,"-16,800 ","-16,800 ", -   ,,," 737,786 "," 316,194 "," 88,534 "," 9,486 "," 826,320 "," 325,680 "," 1,152,000 ", -   
,802,C1,,Brenda Búcaro,Carmen Julia Soto Baechli De Hicks,10/06/23,4.Plan de pagos," 1,166,800.00 "," 116,700.00 ", -   , -   , -   ," 6,000.00 ", -   ," 8,200.00 "," 4,100.00 "," 4,100.00 "," 4,100.00 "," 4,100.00 "," 4,100.00 "," 4,100.00 "," 4,100.00 "," 4,100.00 "," 4,100.00 "," 4,100.00 "," 4,100.00 "," 4,100.00 "," 4,100.00 "," 4,100.00 "," 4,100.00 "," 4,100.00 "," 4,100.00 "," 4,100.00 "," 4,100.00 "," 4,100.00 "," 4,100.00 "," 4,100.00 "," 4,100.00 "," 4,100.00 "," 4,100.00 "," 4,100.00 "," 4,100.00 "," 4,100.00 "," 4,100.00 "," 133,100.00 ",114%,"16,400.00 ",14%," 1,033,700.00 ",88.59%," 116,700.00 ",Vendido,Cliente Atrasado,27,1,28," 6,000.00 "," 4,100.00 ",29,31," 133,100 "," 118,900 "," 14,200 ", -   , -   , -   ,,,,, -   , -   , -   ,,," 747,264 "," 320,256 "," 89,672 "," 9,608 "," 836,936 "," 329,864 "," 1,166,800 ", 0 
,803,A8,,Brenda Búcaro,Mauricio Antonio Leon Tres,22/03/23,4.Plan de pagos," 660,700.00 "," 66,100.00 "," 6,000.00 "," 1,725.00 "," 1,725.00 "," 1,725.00 "," 1,700.00 "," 1,700.00 "," 1,700.00 "," 1,700.00 "," 1,700.00 "," 1,700.00 "," 1,700.00 "," 1,700.00 "," 1,700.00 "," 1,700.00 ", -   ," 1,700.00 "," 3,400.00 "," 1,700.00 "," 1,700.00 "," 1,700.00 "," 1,700.00 ", -   ," 1,700.00 "," 1,700.00 "," 3,400.00 "," 1,700.00 ",," 3,400.00 ",," 3,400.00 "," 1,700.00 ", -   ," 3,400.00 ",,," 60,475.00 ",91%,"-5,625.00 ",-9%," 600,225.00 ",90.85%," 66,100.00 ",Vendido,Cliente Atrasado,35,1,36," 6,000.00 "," 1,700.00 ",27,34," 63,800 "," 32,300 "," 28,175 ", -   , -   ," 3,325 ",2,,,,"-3,325 ","-3,325 ", -   ,,," 423,138 "," 181,345 "," 50,777 "," 5,440 "," 473,915 "," 186,785 "," 660,700 ", -   
,804,A1,,Brenda Búcaro,Victor Hugo Caceres Morales,13/06/23,4.Plan de pagos," 702,900.00 "," 70,300.00 ", -   , -   , -   ," 6,000.00 "," 1,500.00 "," 1,500.00 "," 1,500.00 "," 1,500.00 ", -   ," 1,500.00 "," 1,500.00 "," 1,500.00 "," 1,500.00 "," 1,500.00 "," 3,000.00 ", -   ," 1,500.00 "," 3,000.00 "," 1,500.00 "," 1,500.00 "," 1,500.00 "," 1,500.00 "," 1,500.00 "," 1,500.00 "," 1,500.00 "," 6,500.00 "," 1,500.00 "," 1,500.00 "," 1,500.00 "," 1,500.00 ", -   ," 3,000.00 "," 1,500.00 "," 1,500.00 "," 1,500.00 "," 57,500.00 ",82%,"-12,800.00 ",-18%," 645,400.00 ",91.82%," 70,300.00 ",Vendido,Cliente al día,27,1,28," 6,000.00 "," 1,500.00 ",27,31," 52,500 "," 36,000 "," 21,500 ", -   ," 5,000 ", -   ,,,,," 5,000 "," 5,000 ", -   ,,," 450,165 "," 192,928 "," 54,020 "," 5,788 "," 504,184 "," 198,716 "," 702,900 ",-0 
,805,B5,ENGANCHE CANCELADO,Antonio Rada,Celia Julissa Flores Dávila De Gonzalez,8/05/24,4.Plan de pagos," 941,800.00 "," 94,200.00 ", -   , -   , -   , -   , -   , -   , -   , -   , -   , -   , -   , -   , -   , -   ," 8,000.00 "," 4,537.00 ", -   ," 79,113.05 ", -   , -   , -   , -   , -   , -   , -   , -   ,,,, -   , -   , -   , -   ,,," 91,650.05 ",97%,"-2,549.95 ",-3%," 850,149.95 ",90.27%," 94,200.00 ",Vendido,Cliente Atrasado,18,1,19," 8,000.00 "," 4,537.00 ",1,20," 98,740 "," 4,537 "," 87,113 ", -   , -   ," 7,090 ",2, CE ,,,"-7,090 ","-7,090 ", -   ,,," 603,166 "," 258,500 "," 72,380 "," 7,755 "," 675,545 "," 266,255 "," 941,800 ", -   
,806,B8,,Antonio Rada,Rodolfo Morales Muñoz,12/09/24,4.Plan de pagos," 1,084,565.00 "," 108,465.00 ", -   , -   , -   , -   , -   , -   , -   , -   , -   , -   , -   , -   , -   , -   , -   , -   , -   , -   ," 10,000.00 "," 6,564.00 "," 6,564.00 "," 6,564.00 "," 6,564.00 "," 6,564.00 "," 6,564.00 "," 6,564.00 "," 6,564.00 "," 6,564.00 "," 6,564.00 "," 6,564.00 "," 6,564.00 "," 6,564.00 "," 6,564.00 ",,," 101,896.00 ",94%,"-6,569.00 ",-6%," 982,669.00 ",90.60%," 108,465.00 ",Vendido,Cliente Atrasado,15,1,16," 10,000.00 "," 6,564.00 ",14,16," 115,024 "," 91,896 "," 10,000 ", -   , -   ," 13,128 ",2,,,,"-13,128 ","-13,128 ", -   ,,," 694,598 "," 297,685 "," 83,352 "," 8,931 "," 777,950 "," 306,615 "," 1,084,565 ", -   
,807,B4,,Antonio Rada,Eswin Raul Morales Lopez,30/11/23,4.Plan de pagos," 901,400.00 "," 90,200.00 ", -   , -   , -   , -   , -   , -   , -   , -   ," 5,500.00 ", -   ," 5,000.00 "," 2,500.00 ", -   ," 5,000.00 "," 2,500.00 ", -   ," 14,500.00 "," 2,500.00 "," 2,500.00 "," 2,500.00 "," 2,500.00 ", -   ," 12,000.00 ", -   ," 2,500.00 "," 5,000.00 "," 2,500.00 ",," 14,500.00 "," 2,500.00 ", -   ," 5,500.00 ", 900.00 ,,," 90,400.00 ",100%,200.00 ,0%," 811,000.00 ",89.97%," 90,200.00 ",Vendido,Superávit de Enganche,22,1,23," 5,500.00 "," 2,500.00 ",13,25," 68,000 "," 23,400 "," 67,000 ", -   ," 22,400 ", -   ,,,,," 22,400 "," 22,400 ", -   ,,," 577,292 "," 247,411 "," 69,275 "," 7,422 "," 646,567 "," 254,833 "," 901,400 ", -   
,808,B3,,Antonio Rada,Gualberto Alonso Salazar Trejo,5/03/24,4.Plan de pagos," 887,400.00 "," 88,800.00 ", -   , -   , -   , -   , -   , -   , -   , -   , -   , -   , -   , -   ," 8,000.00 "," 4,486.00 "," 4,486.00 "," 4,486.00 "," 4,486.00 "," 4,486.00 "," 4,486.00 "," 4,486.00 "," 4,486.00 "," 4,486.00 "," 4,485.56 "," 4,486.00 "," 4,486.00 "," 4,486.00 "," 4,486.00 "," 4,486.00 "," 4,486.00 "," 4,486.00 "," 4,538.44 ", -   , -   ,,," 88,800.00 ",100%,0.00 ,0%," 798,600.00 ",89.99%," 88,800.00 ",Vendido,Cliente Atrasado,18,1,19," 8,000.00 "," 4,489.00 ",18,22," 106,758 "," 76,262 "," 12,538 ", -   , -   ," 17,958 ",5,,,,"-17,958 ","-17,958 ", -   ,,," 568,326 "," 243,568 "," 68,199 "," 7,307 "," 636,525 "," 250,875 "," 887,400 ", -   
,809,E1,,Antonio Rada,Mildred Maritza Monterroso Montenegro De Santizo,2/03/24,4.Plan de pagos," 1,390,400.00 "," 139,100.00 ", -   , -   , -   , -   , -   , -   , -   , -   , -   , -   , -   , -   ," 8,000.00 "," 7,283.00 "," 7,283.00 "," 7,283.00 "," 7,283.00 "," 7,283.00 "," 7,283.00 "," 7,283.00 "," 7,283.00 "," 7,283.00 "," 7,283.00 ", -   ," 14,566.00 "," 7,283.00 "," 7,283.00 ",," 14,566.00 ", -   ," 7,283.00 "," 7,283.00 ", 6.00 ,,," 139,100.00 ",100%,0.00 ,0%," 1,251,300.00 ",90.00%," 139,100.00 ",Vendido,Cliente Atrasado,18,1,19," 8,000.00 "," 7,283.00 ",15,22," 168,226 "," 101,968 "," 37,132 ", -   , -   ," 29,126 ",4,,,,"-29,126 ","-29,126 ", -   ,,," 890,467 "," 381,629 "," 106,856 "," 11,449 "," 997,323 "," 393,077 "," 1,390,400 ", 0 
,810,A4,,Brenda Búcaro,Sebastián Aristondo Barillas,22/06/23,4.Plan de pagos," 697,500.00 "," 70,000.00 ", -   , -   , -   ," 6,000.00 "," 1,600.00 "," 1,600.00 "," 1,600.00 "," 1,600.00 "," 1,600.00 ", -   ," 6,000.00 ", -   , -   ," 3,200.00 "," 1,600.00 ", -   ," 6,000.00 "," 1,600.00 "," 1,600.00 ", -   ," 1,600.00 ", -   , -   ," 3,200.00 "," 1,600.00 "," 7,600.00 "," 1,600.00 "," 1,600.00 "," 6,000.00 ", -   ," 1,600.00 "," 1,600.00 ", -   ," 1,600.00 ",," 62,000.00 ",89%,"-8,000.00 ",-11%," 635,500.00 ",91.11%," 70,000.00 ",Vendido,Cliente al día,27,1,28," 6,000.00 "," 1,600.00 ",17,31," 55,600 "," 24,000 "," 38,000 ", -   ," 6,400 ", -   ,,,,," 6,400 "," 6,400 ", -   ,,," 446,706 "," 191,446 "," 53,605 "," 5,743 "," 500,311 "," 197,189 "," 697,500 ", -   
,811,B7,ENGANCHE CANCELADO,Antonio Rada,Rosa Gilda Tuchan Valle De Gonzalez,12/07/24,4.Plan de pagos," 864,446.02 "," 864,446.02 ", -   , -   , -   , -   , -   , -   , -   , -   , -   , -   , -   , -   , -   , -   , -   , -   ," 10,000.00 ", -   , -   ," 854,446.02 ", -   , -   , -   , -   , -   , -   ,,,, -   , -   , -   , -   ,,," 864,446.02 ",100%,0.00 ,0%, -   ,0.00%," 864,446.02 ",Vendido,Enganche Completado,1,,1," 10,000.00 "," 854,446.02 ",,18, -   ," 864,446 ", -   , -   ," 864,446 ", -   ,, CE ,PLAN ESPECIAL DE PAGOS,," 864,446 "," 864,446 ", -   ,,," 553,625 "," 237,268 "," 66,435 "," 7,118 "," 620,060 "," 244,386 "," 864,446 ", -   
,812,B2,ENGANCHE CANCELADO,Antonio Rada,Juan Pablo Gonzalez Tuchan,30/07/24,4.Plan de pagos," 941,467.10 "," 94,146.71 ", -   , -   , -   , -   , -   , -   , -   , -   , -   , -   , -   , -   , -   , -   , -   , -   ," 10,000.00 ", -   ," 84,146.71 ", -   , -   , -   , -   , -   , -   , -   ,,,, -   , -   , -   , -   ,,," 94,146.71 ",100%,0.00 ,0%," 847,320.39 ",90.00%," 94,146.71 ",Vendido,Enganche Completado,1,,1," 10,000.00 "," 84,146.71 ",,17, -   ," 94,147 ", -   , -   ," 94,147 ", -   ,, CE ,PLAN ESPECIAL DE PAGOS,," 94,147 "," 94,147 ", -   ,,," 602,952 "," 258,408 "," 72,354 "," 7,752 "," 675,307 "," 266,160 "," 941,467 ", 0 
,813,B6,,Antonio Rada,"Industrias Danico, S.A. /  Pedro Cordón}",14/05/24,4.Plan de pagos," 895,332.85 "," 89,632.85 ", -   , -   , -   , -   , -   , -   , -   , -   , -   , -   , -   , -   , -   , -   ," 8,000.00 ", -   , -   ," 12,246.00 ", -   ," 8,164.00 ", -   , -   ," 8,164.00 ", -   ," 8,164.00 ", -   ," 8,164.00 ",,," 12,246.00 ", -   ," 12,246.00 ", -   ,,," 77,394.00 ",86%,"-12,238.85 ",-14%," 817,938.85 ",91.36%," 89,632.85 ",Vendido,Cliente Atrasado,20,1,21," 8,000.00 "," 4,082.00 ",,20," 89,640 ", -   ," 77,394 ", -   , -   ," 12,246 ",3,,Revisado,,"-12,246 ","-12,246 ", -   ,,," 573,406 "," 245,746 "," 68,809 "," 7,372 "," 642,215 "," 253,118 "," 895,333 ", 0 
,814,B1,,Antonio Rada,Enma Suselly Lopez Muy,20/11/23,4.Plan de pagos," 883,300.00 "," 88,400.00 ", -   , -   , -   , -   , -   , -   , -   , -   ," 5,500.00 "," 3,765.00 "," 3,765.00 "," 3,765.00 "," 3,765.00 "," 3,765.00 "," 3,765.00 "," 3,765.00 "," 3,765.00 "," 3,765.00 "," 3,765.00 ", -   ," 3,765.00 "," 3,765.00 "," 3,765.00 "," 3,765.00 "," 3,765.00 "," 7,530.00 "," 3,765.00 "," 3,765.00 "," 3,765.00 "," 3,765.00 ", -   , -   , -   ,,," 84,565.00 ",96%,"-3,835.00 ",-4%," 798,735.00 ",90.43%," 88,400.00 ",Vendido,Cliente Atrasado,22,1,23," 5,500.00 "," 3,765.00 ",19,26," 103,390 "," 71,535 "," 13,030 ", -   , -   ," 18,825 ",5,,,,"-18,825 ","-18,825 ", -   ,,," 565,700 "," 242,443 "," 67,884 "," 7,273 "," 633,584 "," 249,716 "," 883,300 ", -   
,815,E2,,Antonio Rada,Leonora Elizabeth Cordon Arrivillaga,20/02/24,4.Plan de pagos," 1,463,600.00 "," 146,400.00 ", -   , -   , -   , -   , -   , -   , -   , -   , -   , -   , -   ," 8,000.00 "," 7,284.00 "," 7,284.00 "," 7,284.00 "," 7,284.00 "," 7,284.00 "," 7,284.00 "," 7,284.00 "," 7,284.00 "," 7,284.00 "," 7,284.00 "," 7,284.00 "," 7,284.00 "," 7,284.00 "," 7,284.00 "," 7,284.00 "," 7,284.00 "," 7,284.00 "," 7,284.00 "," 7,284.00 "," 7,284.00 "," 7,284.00 "," 7,284.00 ",," 168,248.00 ",115%,"21,848.00 ",15%," 1,295,352.00 ",88.50%," 146,400.00 ",Vendido,Cliente Atrasado,19,1,20," 8,000.00 "," 7,284.00 ",22,23," 175,532 "," 160,248 "," 8,000 ", -   , -   ," 7,284 ",1,,,,"-7,284 ","-7,284 ", -   ,,," 937,347 "," 401,720 "," 112,482 "," 12,052 "," 1,049,828 "," 413,772 "," 1,463,600 ", -   
,816,A2,,Brenda Búcaro,"Coasa, S.A.",31/03/23,4.Plan de pagos," 651,600.00 "," 65,200.00 "," 6,000.00 "," 1,700.00 "," 1,700.00 "," 1,700.00 "," 1,700.00 "," 1,700.00 "," 1,700.00 "," 1,700.00 "," 1,700.00 "," 1,700.00 "," 1,700.00 "," 1,700.00 "," 1,700.00 "," 1,700.00 "," 1,700.00 "," 1,700.00 "," 1,700.00 "," 1,700.00 "," 1,700.00 "," 1,700.00 "," 1,700.00 "," 1,700.00 "," 1,700.00 "," 1,700.00 "," 1,700.00 "," 1,700.00 "," 3,400.00 ",," 1,700.00 "," 1,700.00 "," 1,700.00 "," 1,700.00 "," 1,700.00 "," 1,700.00 "," 1,700.00 "," 63,800.00 ",98%,"-1,400.00 ",-2%," 587,800.00 ",90.21%," 65,200.00 ",Vendido,Cliente al día,35,1,36," 6,000.00 "," 1,700.00 ",33,33," 62,100 "," 54,400 "," 9,400 ", -   ," 1,700 ", -   ,,,,," 1,700 "," 1,700 ", -   ,,," 417,310 "," 178,847 "," 50,077 "," 5,365 "," 467,387 "," 184,213 "," 651,600 ", 0 
,817,A6,,Brenda Búcaro, Juan Antonio Escobedo Del Cid,11/04/23,4.Plan de pagos," 657,132.30 "," 65,732.30 ", -   ," 6,000.00 ", -   ," 1,500.00 "," 3,000.00 "," 1,500.00 "," 1,500.00 "," 1,500.00 ", -   ," 4,500.00 ", -   ," 1,500.00 "," 1,500.00 "," 3,000.00 "," 1,500.00 ", -   ," 1,500.00 "," 1,500.00 "," 1,500.00 ", -   ," 1,500.00 "," 1,500.00 "," 1,500.00 "," 1,500.00 "," 1,500.00 "," 3,000.00 ",," 1,500.00 "," 1,500.00 "," 1,500.00 "," 1,500.00 "," 1,500.00 "," 1,500.00 "," 1,500.00 "," 1,500.00 "," 54,000.00 ",82%,"-11,732.30 ",-18%," 603,132.30 ",91.78%," 65,732.30 ",Vendido,Cliente Atrasado,34,1,35," 6,000.00 "," 1,500.00 ",27,33," 55,500 "," 34,500 "," 19,500 ", -   , -   ," 1,500 ",1,,Revisado,,"-1,500 ","-1,500 ", -   ,,," 420,853 "," 180,366 "," 50,502 "," 5,411 "," 471,356 "," 185,777 "," 657,132 ", -   
,818,A3,,Brenda Búcaro,Astrid Pamela Chew Chávez De Letona,18/07/23,4.Plan de pagos," 703,500.00 "," 70,400.00 ", -   , -   , -   , -   ," 6,000.00 "," 2,477.00 "," 2,477.00 "," 2,477.00 "," 2,477.00 "," 2,477.00 "," 2,477.00 "," 2,477.00 "," 2,477.00 "," 2,477.00 "," 2,477.00 "," 2,477.00 "," 2,477.00 "," 2,477.00 "," 2,477.00 "," 2,477.00 "," 2,477.00 "," 2,477.00 "," 2,477.00 "," 2,477.00 "," 2,477.00 "," 2,477.00 "," 2,477.00 "," 2,477.00 "," 2,477.00 "," 2,477.00 "," 2,477.00 ", -   , -   ,,," 70,402.00 ",100%,2.00 ,0%," 633,098.00 ",89.99%," 70,400.00 ",Vendido,Cliente Atrasado,26,1,27," 6,000.00 "," 2,477.00 ",26,30," 80,310 "," 64,402 "," 6,000 ", -   , -   ," 9,908 ",4,,,,"-9,908 ","-9,908 ", -   ,,," 450,549 "," 193,092 "," 54,066 "," 5,793 "," 504,615 "," 198,885 "," 703,500 ", -   
,819,C3,,Brenda Búcaro,Edvin Eduardo Sajquim Sajquim,29/05/23,4.Plan de pagos," 967,700.00 "," 96,800.00 ", -   , -   ," 6,000.00 ", -   ," 6,400.00 "," 3,200.00 "," 3,200.00 "," 3,200.00 "," 3,200.00 "," 3,200.00 "," 3,200.00 "," 3,200.00 "," 3,200.00 "," 3,200.00 "," 3,200.00 "," 3,200.00 "," 3,200.00 "," 3,200.00 "," 3,200.00 "," 3,200.00 "," 3,200.00 "," 3,200.00 "," 3,200.00 "," 3,200.00 "," 3,200.00 "," 3,200.00 "," 3,200.00 "," 3,200.00 "," 3,200.00 "," 3,200.00 "," 3,200.00 "," 3,200.00 "," 3,200.00 "," 3,200.00 "," 3,200.00 "," 108,400.00 ",112%,"11,600.00 ",12%," 859,300.00 ",88.80%," 96,800.00 ",Vendido,Superávit de Enganche,29,1,30," 6,000.00 "," 3,200.00 ",30,31," 105,200 "," 96,000 "," 12,400 ", -   ," 3,200 ", -   ,,,,," 3,200 "," 3,200 ", -   ,,," 619,753 "," 265,608 "," 74,370 "," 7,968 "," 694,123 "," 273,577 "," 967,700 ", -   
,820,C2,,Antonio Rada,Maria Eugenia Ortiz Uck,13/01/24,4.Plan de pagos," 990,132.50 "," 99,132.50 ", -   , -   , -   , -   , -   , -   , -   , -   , -   , -   ," 8,000.00 "," 4,557.00 "," 4,557.00 "," 4,557.00 "," 4,557.00 "," 4,557.00 "," 4,557.00 "," 4,557.00 "," 4,557.00 "," 4,557.00 "," 4,557.00 "," 4,557.00 "," 4,557.00 "," 4,557.00 "," 4,557.00 "," 4,557.00 "," 4,557.00 "," 4,557.00 "," 4,557.00 "," 4,557.00 "," 4,549.50 ", -   , -   ,,," 99,132.50 ",100%,0.00 ,0%," 891,000.00 ",89.99%," 99,132.50 ",Vendido,Cliente Atrasado,20,1,21," 8,000.00 "," 4,557.00 ",20,24," 117,368 "," 91,133 "," 8,000 ", -   , -   ," 18,236 ",5,,,,"-18,236 ","-18,236 ", -   ,,," 634,120 "," 271,766 "," 76,094 "," 8,153 "," 710,214 "," 279,919 "," 990,133 ", 0 
 F&F ,901,C4,,Antonio Rada,Monica Arimany Monzon,27/03/23,4.Plan de pagos," 1,087,062.84 "," 108,762.84 "," 6,000.00 "," 2,936.00 "," 2,936.00 "," 2,936.00 "," 2,936.00 "," 2,936.00 "," 2,936.00 "," 2,936.00 "," 2,936.00 "," 2,936.00 "," 2,936.00 "," 2,936.00 "," 2,551.00 "," 3,321.00 "," 2,936.00 "," 2,936.00 "," 2,936.00 "," 2,936.00 "," 2,936.00 "," 2,936.00 "," 2,936.00 "," 2,936.00 "," 2,936.00 ", -   ," 2,936.00 ", -   ,,,, -   , -   , -   , -   ,,," 73,528.00 ",68%,"-35,234.84 ",-32%," 1,013,534.84 ",93.24%," 108,762.84 ",Vendido,Cliente Atrasado,35,1,36," 6,000.00 "," 2,936.00 ",23,33," 102,888 "," 64,207 "," 9,321 ", -   , -   ," 29,360 ",,F&F,,,"-29,360 ","-29,360 ", -   ,,," 696,198 "," 298,370 "," 83,544 "," 8,951 "," 779,741 "," 307,322 "," 1,087,063 ",-0 
,902,C1,ENGANCHE CANCELADO,Antonio Rada,Waldir Edenilson Contreras Pedroza,15/01/24,4.Plan de pagos," 1,195,970.00 "," 119,670.00 ", -   , -   , -   , -   , -   , -   , -   , -   , -   , -   ," 8,000.00 "," 10,000.00 "," 10,000.00 "," 7,000.00 "," 10,000.00 "," 10,000.00 "," 10,000.00 "," 10,000.00 "," 5,000.00 "," 10,000.00 "," 5,000.00 "," 5,000.00 "," 5,000.00 "," 5,000.00 "," 5,000.00 "," 5,000.00 ",,,, -   , -   , -   , -   ,,," 120,000.00 ",100%,330.00 ,0%," 1,075,970.00 ",89.97%," 119,670.00 ",Vendido,Cliente Atrasado,20,1,21," 8,000.00 "," 5,584.00 ",8,24," 142,016 "," 35,000 "," 85,000 ", -   , -   ," 22,016 ",4, CE ,,,"-22,016 ","-22,016 ", -   ,,," 765,946 "," 328,263 "," 91,914 "," 9,848 "," 857,860 "," 338,110 "," 1,195,970 ", -   
,903,A8,,Jose Franco,Vivian Arely Carranza León De Acevedo,19/05/23,4.Plan de pagos," 703,500.00 "," 70,400.00 ", -   , -   ," 6,000.00 "," 2,300.00 "," 2,300.00 "," 2,300.00 "," 2,300.00 "," 2,300.00 "," 2,300.00 "," 4,600.00 ", -   ," 4,600.00 ", -   ," 4,600.00 ", -   , -   ," 4,600.00 "," 4,600.00 ", -   , -   ," 4,600.00 ", -   ," 4,600.00 "," 2,300.00 "," 4,600.00 "," 4,600.00 "," 2,300.00 ",," 4,600.00 ", -   ," 4,600.00 ", -   , -   ,,," 75,000.00 ",107%,"4,600.00 ",7%," 628,500.00 ",89.34%," 70,400.00 ",Vendido,Cliente Atrasado,28,1,29," 6,000.00 "," 2,300.00 ",19,32," 79,600 "," 18,400 "," 56,600 ", -   , -   ," 4,600 ",2,,,,"-4,600 ","-4,600 ", -   ,,," 450,549 "," 193,092 "," 54,066 "," 5,793 "," 504,615 "," 198,885 "," 703,500 ", -   
,904,A1,,Jose Franco,Juan José Silva Pacheco,16/05/23,4.Plan de pagos," 696,469.08 "," 69,669.08 ", -   , -   ," 6,000.00 "," 2,296.00 "," 2,274.00 "," 2,274.00 "," 2,274.00 "," 2,274.00 "," 2,274.00 "," 2,294.00 "," 2,294.00 "," 2,274.00 "," 2,274.00 "," 2,274.00 "," 2,274.00 "," 2,274.00 "," 2,274.00 "," 2,274.00 "," 2,274.00 "," 2,274.00 "," 2,274.00 "," 2,274.00 "," 2,274.00 "," 2,274.00 "," 2,274.00 "," 2,274.00 "," 2,274.00 "," 2,274.00 "," 2,274.00 "," 4,528.00 "," 2,271.08 ", -   , -   ,,," 71,985.08 ",103%,"2,316.00 ",3%," 624,484.00 ",89.66%," 69,669.08 ",Vendido,Cliente Atrasado,28,1,29," 6,000.00 "," 2,274.00 ",28,32," 78,768 "," 54,573 "," 17,412 ", -   , -   ," 6,783 ",3,,,,"-6,783 ","-6,783 ", -   ,,," 446,046 "," 191,163 "," 53,526 "," 5,735 "," 499,572 "," 196,897 "," 696,469 ", -   
,905,B5,,Antonio Rada,Roberto Andres Hernandez Benavides,30/06/24,4.Plan de pagos," 941,800.00 "," 94,200.00 ", -   , -   , -   , -   , -   , -   , -   , -   , -   , -   , -   , -   , -   , -   , -   ," 5,000.00 "," 5,000.00 "," 3,776.00 "," 3,776.00 "," 3,776.00 "," 3,776.00 "," 3,775.00 "," 3,775.00 "," 3,775.00 "," 3,775.00 "," 3,775.00 "," 3,775.00 "," 3,775.00 "," 20,000.00 "," 3,775.00 "," 3,775.00 "," 3,775.00 "," 3,775.00 "," 3,775.00 "," 3,796.00 "," 94,200.00 ",100%,0.00 ,0%," 847,600.00 ",90.00%," 94,200.00 ",Vendido,Enganche Completado,18,1,19," 10,000.00 "," 3,776.00 ",19,18," 77,968 "," 60,404 "," 33,796 ", -   ," 16,232 ", -   ,,,,," 16,232 "," 16,232 ", -   ,,," 603,166 "," 258,500 "," 72,380 "," 7,755 "," 675,545 "," 266,255 "," 941,800 ", -   
,906,B8,,Erwin Cardona,Nery Adolfo Ortíz Alvarez,9/12/25,2.Reserva," 1,102,644.58 "," 110,344.58 ", -   , -   , -   , -   , -   , -   , -   , -   , -   , -   , -   , -   , -   , -   , -   , -   , -   , -   , -   , -   , -   , -   , -   , -   , -   , -   , -   , -   , -   , -   , -   , -   , -   ," 10,000.00 ",," 10,000.00 ",9%,"-100,344.58 ",-91%," 1,092,644.58 ",99.09%," 110,344.58 ",Vendido,Cliente Atrasado,17,1,18," 8,000.00 "," 6,020.00 ",,1," 14,020 ", -   ," 10,000 ", -   , -   ," 4,020 ",1,,,,"-4,020 ","-4,020 ", -   ,,," 706,177 "," 302,647 "," 84,741 "," 9,079 "," 790,918 "," 311,727 "," 1,102,645 ", 0 
,907,B4,"Plan de pagos especiales, paga en agosto",Brenda Búcaro,Stephanie Herrera,31/08/23,4.Plan de pagos," 901,400.00 "," 90,200.00 ", -   , -   , -   , -   , -   ," 10,000.00 ", -   , -   , -   , -   , -   ," 20,500.00 ", -   , -   , -   , -   , -   , -   ," 20,500.00 ", -   , -   , -   , -   ," 20,500.00 ", -   , -   , -   ,,, -   ," 20,500.00 ", -   , -   ,,," 92,000.00 ",102%,"1,800.00 ",2%," 809,400.00 ",89.79%," 90,200.00 ",Vendido,Cliente Atrasado,4,1,5," 10,000.00 "," 20,050.00 ",,28," 571,400 "," 10,000 "," 82,000 ", -   , -   ," 479,400 ",24, CE ,"*Plan de Pagos Especial*  próximo pago en agosto 2025 por GTQ 20,050,00 cancela enganche.",,"-479,400 ","-479,400 ", -   ,,," 577,292 "," 247,411 "," 69,275 "," 7,422 "," 646,567 "," 254,833 "," 901,400 ", -   
,908,B3,,Antonio Rada,Jorge Pablo Gonzalez Oordoñez,25/01/24,4.Plan de pagos," 887,400.00 "," 88,800.00 ", -   , -   , -   , -   , -   , -   , -   , -   , -   , -   ," 8,000.00 "," 4,040.00 ", -   ," 8,080.00 "," 4,040.00 "," 4,040.00 ", -   ," 8,080.00 ", -   ," 8,080.00 ", -   ," 4,040.00 ", -   ," 4,040.00 "," 8,080.00 "," 8,080.00 "," 4,040.00 "," 4,040.00 "," 4,040.00 "," 4,040.00 "," 4,040.00 ", -   , -   ,,," 88,800.00 ",100%,0.00 ,0%," 798,600.00 ",89.99%," 88,800.00 ",Vendido,Cliente Atrasado,20,1,21," 8,000.00 "," 4,040.00 ",10,24," 104,960 "," 40,400 "," 48,400 ", -   , -   ," 16,160 ",4,,,,"-16,160 ","-16,160 ", -   ,,," 568,326 "," 243,568 "," 68,199 "," 7,307 "," 636,525 "," 250,875 "," 887,400 ", -   
,909,E8,,Brenda Búcaro,Alba Lucila Martinez Tobar,11/07/23,4.Plan de pagos," 1,382,700.00 "," 138,300.00 ", -   , -   , -   , -   ," 6,000.00 ", -   ," 10,000.00 "," 5,000.00 ", -   ," 10,000.00 "," 5,000.00 "," 5,000.00 "," 5,000.00 "," 5,000.00 "," 5,000.00 "," 5,000.00 ", -   ," 10,000.00 ", -   ," 10,000.00 ", -   , -   ," 5,000.00 "," 10,000.00 ", -   ," 15,000.00 ",," 10,000.00 ",," 5,000.00 ", -   , -   , -   ," 7,300.00 ",," 133,300.00 ",96%,"-5,000.00 ",-4%," 1,249,400.00 ",90.36%," 138,300.00 ",Vendido,Cliente Atrasado,26,1,27," 6,000.00 "," 5,000.00 ",9,30," 156,000 "," 45,000 "," 88,300 ", -   , -   ," 22,700 ",5,,"Revisado y cobrado,",,"-22,700 ","-22,700 ", -   ,,," 885,535 "," 379,515 "," 106,264 "," 11,385 "," 991,799 "," 390,901 "," 1,382,700 ", -   
,910,A10,,,,,1.Disponible," 1,208,800.00 "," 84,600.00 ", -   , -   , -   , -   , -   , -   , -   , -   , -   , -   , -   , -   , -   , -   , -   , -   , -   , -   , -   , -   , -   , -   , -   , -   , -   , -   ,,,, -   , -   , -   , -   ,,, -   ,0%,0.00 ,0%," 1,208,800.00 ",100.00%, -   ,Disponible,Disponible,,,,,,,, -   , -   , -   , -   , -   , -   ,,,,, -   , -   , -   ,,," 774,163 "," 331,784 "," 92,900 "," 9,954 "," 867,062 "," 341,738 "," 1,208,800 ", -   
,911,C10,,Brenda Búcaro,Mario Alberto Maldonado Recinos,16/09/23,4.Plan de pagos," 1,052,367.50 "," 105,267.50 ", -   , -   , -   , -   , -   , -   ," 8,000.00 "," 4,053.00 "," 4,053.00 "," 4,053.00 "," 4,053.00 "," 4,053.00 "," 4,053.00 "," 4,053.00 "," 4,053.00 "," 4,053.00 "," 4,053.00 "," 4,053.00 "," 4,053.00 "," 4,053.00 "," 4,053.00 "," 4,053.00 "," 4,053.00 "," 4,053.00 "," 4,054.00 "," 4,053.00 "," 4,053.00 "," 4,053.00 "," 4,053.00 "," 4,053.00 "," 4,053.00 "," 5,000.00 "," 5,000.00 "," 5,000.00 "," 5,000.00 "," 125,273.00 ",119%,"20,005.50 ",19%," 927,094.50 ",88.10%," 105,267.50 ",Vendido,Superávit de Enganche,24,1,25," 8,000.00 "," 4,054.00 ",28,28," 121,512 "," 97,273 "," 28,000 ", -   ," 3,761 ", -   ,,,,," 3,761 "," 3,761 ", -   ,,," 673,977 "," 288,847 "," 80,877 "," 8,665 "," 754,855 "," 297,513 "," 1,052,368 ", -   
 F&F ,912,C7,,Ronaldo,"Iurix, S.A",9/01/24,4.Plan de pagos," 973,800.00 "," 97,380.00 ", -   , -   , -   , -   , -   , -   , -   , -   , -   , -   , -   , -   , -   , -   , -   , -   , -   , -   , -   , -   , -   , -   , -   , -   , -   , -   ,,,, -   , -   , -   , -   ,,, -   ,0%,"-97,380.00 ",-100%," 973,800.00 ",100.00%," 97,380.00 ",Vendido,Cliente Atrasado,21,1,22," 12,062.00 "," 4,062.73 ",,24," 109,568 ", -   , -   , -   , -   ," 109,568 ",,F&F,,,"-109,568 ","-109,568 ", -   ,,," 623,660 "," 267,283 "," 74,839 "," 8,018 "," 698,499 "," 275,301 "," 973,800 ", -   
,913,B6,,Antonio Rada,Wender Josue Bailon Campos,22/04/24,4.Plan de pagos," 903,600.00 "," 90,400.00 ", -   , -   , -   , -   , -   , -   , -   , -   , -   , -   , -   , -   , -   ," 8,000.00 "," 4,845.00 "," 4,845.00 "," 4,845.00 "," 4,845.00 "," 4,845.00 "," 4,845.00 "," 4,845.00 "," 4,845.00 "," 4,845.00 "," 4,845.00 "," 4,845.00 "," 4,845.00 "," 9,690.00 ",," 4,845.00 "," 4,845.00 "," 4,845.00 ", -   , -   ,,," 90,365.00 ",100%,-35.00 ,0%," 813,235.00 ",90.00%," 90,400.00 ",Vendido,Cliente Atrasado,17,1,18," 8,000.00 "," 4,847.00 ",15,21," 109,787 "," 72,675 "," 17,690 ", -   , -   ," 19,422 ",5,,,,"-19,422 ","-19,422 ", -   ,,," 578,701 "," 248,015 "," 69,444 "," 7,440 "," 648,145 "," 255,455 "," 903,600 ", -   
,914,B1,,Antonio Rada,Rebecca Gonzalez Ordoñez,29/01/24,4.Plan de pagos," 883,300.00 "," 88,400.00 ", -   , -   , -   , -   ," 6,000.00 ", -   , -   , -   , -   , -   ," 8,000.00 "," 4,020.00 ", -   ," 8,040.00 "," 4,020.00 "," 4,020.00 ", -   ," 8,040.00 ", -   ," 8,040.00 ", -   ," 4,020.00 ", -   ," 4,040.00 "," 8,040.00 "," 8,040.00 "," 4,020.00 "," 4,020.00 "," 4,020.00 "," 4,020.00 "," 4,020.00 ", -   , -   ,,," 94,420.00 ",107%,"6,020.00 ",7%," 788,880.00 ",89.31%," 88,400.00 ",Vendido,Cliente Atrasado,20,1,21," 6,000.00 "," 4,020.00 ",10,23," 98,460 "," 36,180 "," 58,240 ", -   , -   ," 4,040 ",2,,,,"-4,040 ","-4,040 ", -   ,,," 565,700 "," 242,443 "," 67,884 "," 7,273 "," 633,584 "," 249,716 "," 883,300 ", -   
,915,E2,,Brenda Búcaro,Marcela Alejandra Castro Marcía,28/09/23,4.Plan de pagos," 1,309,197.44 "," 130,997.44 ", -   , -   , -   , -   , -   ," 6,000.00 ", -   ," 5,208.00 "," 5,208.00 "," 5,208.00 "," 5,208.00 "," 5,208.00 "," 5,208.00 "," 5,208.00 ", -   ," 10,416.00 "," 5,208.00 "," 5,208.00 "," 5,208.00 ", -   ," 5,208.00 "," 10,416.00 ", -   ," 5,208.00 "," 10,416.00 ", -   ," 10,416.00 "," 5,208.00 "," 5,208.00 ", -   ," 5,208.00 "," 5,213.00 ", -   ,,," 130,997.00 ",100%,-0.44 ,0%," 1,178,200.44 ",89.99%," 130,997.44 ",Vendido,Cliente Atrasado,24,1,25," 6,000.00 "," 5,208.00 ",16,27," 146,616 "," 78,120 "," 52,877 ", -   , -   ," 15,619 ",3,,,,"-15,619 ","-15,619 ", -   ,,," 838,461 "," 359,341 "," 100,615 "," 10,780 "," 939,077 "," 370,121 "," 1,309,197 ", 0 
,916,A2,,Brenda Búcaro,José Fernando Cordón Almengor,3/05/23,4.Plan de pagos," 687,500.00 "," 68,800.00 ", -   , -   ," 8,250.00 ", -   ," 2,250.00 "," 2,250.00 "," 2,250.00 "," 2,250.00 "," 2,250.00 "," 2,250.00 "," 2,250.00 "," 2,250.00 "," 2,250.00 "," 2,250.00 "," 2,250.00 "," 2,250.00 ", -   ," 4,500.00 "," 2,250.00 "," 2,250.00 "," 2,250.00 "," 2,250.00 "," 2,250.00 ", -   ," 4,500.00 "," 2,250.00 "," 2,250.00 "," 2,250.00 "," 2,250.00 "," 2,250.00 "," 2,250.00 "," 2,250.00 ", -   ," 2,250.00 ",," 73,500.00 ",107%,"4,700.00 ",7%," 614,000.00 ",89.31%," 68,800.00 ",Vendido,Cliente Atrasado,28,1,29," 6,000.00 "," 2,250.00 ",27,32," 78,000 "," 56,250 "," 17,250 ", -   , -   ," 4,500 ",2,,,,"-4,500 ","-4,500 ", -   ,,," 440,302 "," 188,701 "," 52,836 "," 5,661 "," 493,138 "," 194,362 "," 687,500 ",-0 
,917,A6,,Brenda Búcaro,Jessica María Ramirez Girard,22/05/23,4.Plan de pagos," 699,700.00 "," 70,000.00 ", -   , -   ," 6,000.00 "," 2,250.00 "," 2,250.00 "," 2,250.00 "," 2,250.00 "," 2,250.00 "," 2,250.00 "," 2,250.00 "," 2,250.00 "," 2,250.00 "," 2,250.00 "," 2,250.00 "," 2,250.00 "," 2,250.00 "," 2,250.00 "," 2,250.00 "," 2,250.00 "," 2,250.00 "," 2,250.00 "," 2,250.00 "," 2,250.00 "," 2,250.00 "," 2,250.00 "," 2,250.00 "," 2,250.00 "," 2,250.00 "," 2,250.00 "," 2,250.00 "," 3,250.00 ", -   , -   ,,," 70,000.00 ",100%,0.00 ,0%," 629,700.00 ",90.00%," 70,000.00 ",Vendido,Cliente Atrasado,28,1,29," 6,000.00 "," 2,250.00 ",28,32," 78,000 "," 60,750 "," 9,250 ", -   , -   ," 8,000 ",4,,,,"-8,000 ","-8,000 ", -   ,,," 448,115 "," 192,049 "," 53,774 "," 5,761 "," 501,889 "," 197,811 "," 699,700 ", -   
,918,A3,,Antonio Rada,Astrid Maricel De León Ramírez,21/07/23,4.Plan de pagos," 703,500.00 "," 70,400.00 ", -   , -   , -   ," 6,000.00 ", -   ," 2,477.00 "," 2,477.00 "," 2,477.00 "," 2,477.00 "," 4,954.00 ", -   ," 2,477.00 "," 2,477.00 "," 2,477.00 "," 4,954.00 ", -   ," 2,477.00 "," 2,477.00 "," 2,477.00 "," 2,477.00 "," 2,477.00 "," 2,477.00 "," 2,477.00 "," 2,477.00 ", -   ," 2,477.00 "," 4,954.00 "," 2,477.00 ",," 2,477.00 "," 2,477.00 "," 1,000.00 "," 1,505.00 ",,," 70,430.00 ",100%,30.00 ,0%," 633,070.00 ",89.99%," 70,400.00 ",Vendido,Cliente Atrasado,26,1,27," 6,000.00 "," 2,477.00 ",24,30," 80,310 "," 49,568 "," 20,862 ", -   , -   ," 9,880 ",4,,,,"-9,880 ","-9,880 ", -   ,,," 450,549 "," 193,092 "," 54,066 "," 5,793 "," 504,615 "," 198,885 "," 703,500 ", -   
,919,C3,,Brenda Búcaro,Ana Lucrecia Rangel Aquino,31/03/23,4.Plan de pagos," 921,600.00 "," 92,200.00 "," 6,000.00 "," 2,465.00 ", -   ," 4,930.00 "," 2,465.00 "," 2,465.00 "," 2,465.00 "," 2,465.00 ", -   ," 2,465.00 ", -   ," 2,465.00 "," 4,930.00 "," 4,930.00 "," 2,465.00 ", -   ," 2,465.00 "," 4,930.00 ", -   ," 2,465.00 ", -   , -   , -   ," 14,790.00 ", -   ," 2,465.00 "," 2,465.00 "," 2,465.00 ",," 2,465.00 "," 2,465.00 ", -   , -   ,,," 77,485.00 ",84%,"-14,715.00 ",-16%," 844,115.00 ",91.59%," 92,200.00 ",Vendido,Cliente Atrasado,35,1,36," 6,000.00 "," 2,465.00 ",19,33," 87,345 "," 36,975 "," 40,510 ", -   , -   ," 9,860 ",4,,,,"-9,860 ","-9,860 ", -   ,,," 590,229 "," 252,955 "," 70,827 "," 7,589 "," 661,056 "," 260,544 "," 921,600 ", 0 
 F&F ,920,C2,,Ronaldo,"Iurix, S.A",9/01/24,4.Plan de pagos," 929,000.00 "," 92,900.00 ", -   , -   , -   , -   , -   , -   , -   , -   , -   , -   , -   , -   , -   , -   , -   , -   , -   , -   , -   , -   , -   , -   , -   , -   , -   , -   ,,,, -   , -   , -   , -   ,,, -   ,0%,"-92,900.00 ",-100%," 929,000.00 ",100.00%," 92,900.00 ",Vendido,Cliente Atrasado,21,1,22," 11,859.09 "," 3,859.09 ",,24," 104,477 ", -   , -   , -   , -   ," 104,477 ",,F&F,,,"-104,477 ","-104,477 ", -   ,,," 594,968 "," 254,986 "," 71,396 "," 7,650 "," 666,364 "," 262,636 "," 929,000 ", 0 
,1001,C4,,Antonio Rada, Zonia Beariz Hernandez Herrera,11/04/23,4.Plan de pagos," 1,097,100.00 "," 109,800.00 ", -   ," 6,000.00 "," 3,579.00 "," 3,579.00 "," 3,579.00 "," 3,579.00 "," 3,579.00 "," 3,579.00 "," 3,579.00 "," 3,579.00 "," 3,579.00 "," 3,579.00 "," 3,579.00 "," 3,579.00 "," 3,579.00 "," 3,579.00 "," 3,579.00 "," 3,579.00 "," 3,579.00 "," 3,579.00 "," 3,579.00 "," 3,579.00 "," 3,579.00 "," 3,579.00 "," 3,579.00 "," 3,579.00 ",," 3,579.00 ",, -   ," 3,579.00 ", -   , -   ,,," 99,054.00 ",90%,"-10,746.00 ",-10%," 998,046.00 ",90.97%," 109,800.00 ",Vendido,Cliente Atrasado,29,1,30," 6,000.00 "," 3,579.00 ",26,33," 124,107 "," 93,054 "," 6,000 ", -   , -   ," 25,053 ",7,,,,"-25,053 ","-25,053 ", -   ,,," 702,626 "," 301,125 "," 84,315 "," 9,034 "," 786,941 "," 310,159 "," 1,097,100 ", -   
,1002,C1,,Antonio Rada,Evelin Yadira Orellana Ordoñez,23/03/23,4.Plan de pagos," 1,111,200.00 "," 216,000.00 "," 6,000.00 ", -   ," 12,000.00 "," 6,000.00 "," 6,000.00 "," 6,000.00 "," 6,000.00 "," 6,000.00 "," 6,000.00 "," 6,000.00 "," 6,000.00 "," 6,000.00 ", -   , -   ," 18,000.00 "," 6,000.00 ", -   ," 6,000.00 "," 6,000.00 "," 6,000.00 "," 6,000.00 "," 6,000.00 "," 6,000.00 "," 6,000.00 "," 6,000.00 "," 12,000.00 "," 6,000.00 "," 6,000.00 "," 6,000.00 "," 6,000.00 "," 6,000.00 "," 6,000.00 "," 6,000.00 ",," 6,000.00 "," 204,000.00 ",94%,"-12,000.00 ",-6%," 907,200.00 ",81.64%," 216,000.00 ",Vendido,Cliente Atrasado,35,1,36," 6,000.00 "," 6,000.00 ",,34," 210,000 "," 162,000 "," 42,000 ", -   , -   ," 6,000 ",1,,,,"-6,000 ","-6,000 ", -   ,,," 711,656 "," 304,995 "," 85,399 "," 9,150 "," 797,055 "," 314,145 "," 1,111,200 ", -   
,1003,A8,,Antonio Rada,Eduar Reginaldo Colindres Estrada,26/05/23,4.Plan de pagos," 703,500.00 "," 70,400.00 ", -   ," 6,000.00 ", -   ," 2,300.00 "," 2,300.00 "," 2,300.00 "," 2,300.00 "," 2,300.00 ", -   ," 2,300.00 "," 4,600.00 ", -   ," 4,600.00 "," 2,300.00 ", -   ," 2,300.00 "," 2,300.00 "," 4,600.00 ", -   ," 4,600.00 ", -   , -   , -   ," 9,600.00 ", -   ," 4,800.00 "," 2,400.00 ",,," 4,800.00 "," 2,400.00 ", -   , -   ," 9,600.00 ",," 78,700.00 ",112%,"8,300.00 ",12%," 624,800.00 ",88.81%," 70,400.00 ",Vendido,Cliente Atrasado,28,1,29," 6,000.00 "," 2,300.00 ",17,32," 79,600 "," 20,700 "," 58,000 ", -   , -   , 900 ,1,,,,-900 ,-900 , -   ,,," 450,549 "," 193,092 "," 54,066 "," 5,793 "," 504,615 "," 198,885 "," 703,500 ", -   
,1004,A1,,Jose Franco, Jorge Silva Sagastume,16/05/23,4.Plan de pagos," 696,469.08 "," 69,669.08 ", -   , -   ," 6,000.00 "," 2,275.00 "," 2,274.00 "," 2,274.00 "," 2,274.00 "," 2,274.00 "," 2,274.00 "," 2,274.00 "," 2,274.00 "," 2,274.00 "," 2,274.00 "," 2,274.00 "," 2,274.00 "," 2,274.00 "," 2,274.00 "," 2,274.00 "," 2,274.00 "," 2,274.00 "," 2,274.00 "," 2,274.00 "," 2,274.00 "," 2,274.00 "," 2,274.00 "," 2,274.00 "," 2,274.00 "," 2,274.00 "," 2,274.00 "," 2,274.00 "," 2,271.08 ", -   , -   ,,," 69,670.08 ",100%,1.00 ,0%," 626,799.00 ",90.00%," 69,669.08 ",Vendido,Cliente Atrasado,28,1,29," 6,000.00 "," 2,275.00 ",28,32," 78,800 "," 63,670 "," 6,000 ", -   , -   ," 9,130 ",5,,,,"-9,130 ","-9,130 ", -   ,,," 446,046 "," 191,163 "," 53,526 "," 5,735 "," 499,572 "," 196,897 "," 696,469 ", -   
,1005,B5,,Brenda Búcaro,Barbara Elizabeth Ixmucane Zapeta Albanés,6/07/23,4.Plan de pagos," 941,800.00 "," 94,200.00 ", -   , -   , -   , -   ," 6,000.00 "," 3,267.00 "," 3,267.00 "," 3,267.00 "," 3,267.00 "," 3,267.00 "," 3,267.00 "," 3,267.00 "," 3,267.00 "," 3,267.00 "," 3,267.00 "," 3,267.00 "," 3,267.00 "," 3,267.00 "," 3,267.00 "," 3,267.00 "," 3,267.00 "," 3,267.00 "," 3,267.00 "," 3,267.00 "," 3,267.00 "," 3,267.00 "," 3,267.00 "," 3,267.00 "," 3,267.00 "," 3,267.00 ", -   , -   , -   ,,," 87,675.00 ",93%,"-6,525.00 ",-7%," 854,125.00 ",90.69%," 94,200.00 ",Vendido,Cliente Atrasado,27,1,28," 6,000.00 "," 3,267.00 ",25,30," 104,010 "," 81,675 "," 6,000 ", -   , -   ," 16,335 ",5,,,,"-16,335 ","-16,335 ", -   ,,," 603,166 "," 258,500 "," 72,380 "," 7,755 "," 675,545 "," 266,255 "," 941,800 ", -   
,1006,B8,,Antonio Rada,Diana Marisol Donis Cú,21/02/24,4.Plan de pagos," 943,100.00 "," 94,400.00 ", -   , -   , -   , -   , -   , -   , -   , -   , -   , -   , -   ," 8,000.00 ", -   ," 9,094.00 ", -   , -   ," 13,641.00 ", -   , -   , -   , -   ," 18,188.00 ", -   , -   , -   ," 22,735.00 ",,,, -   ," 22,742.00 ", -   , -   ,,," 94,400.00 ",100%,0.00 ,0%," 848,700.00 ",89.99%," 94,400.00 ",Vendido,Cliente Atrasado,19,1,20," 8,000.00 "," 4,547.00 ",,23," 112,581 ", -   ," 94,400 ", -   , -   ," 18,181 ",4,,"Revisado y cobrado,",,"-18,181 ","-18,181 ", -   ,,," 603,998 "," 258,856 "," 72,480 "," 7,766 "," 676,478 "," 266,622 "," 943,100 ", -   
,1007,B4,,Brenda Búcaro,Marcela Alejandra Castro Marcía,4/09/23,4.Plan de pagos," 901,400.00 "," 90,200.00 ", -   , -   , -   , -   , -   , -   ," 6,000.00 "," 3,368.00 "," 3,368.00 "," 3,368.00 "," 3,368.00 "," 3,368.00 "," 3,368.00 "," 3,368.00 ", -   ," 6,736.00 ", -   ," 6,736.00 "," 3,368.00 ", -   ," 3,368.00 "," 6,736.00 ", -   ," 3,368.00 "," 3,368.00 ", -   ," 10,104.00 "," 3,368.00 "," 3,368.00 ", -   ," 3,368.00 "," 4,000.00 "," 2,736.00 ",,," 90,200.00 ",100%,0.00 ,0%," 811,200.00 ",89.99%," 90,200.00 ",Vendido,Cliente Atrasado,24,1,25," 6,000.00 "," 3,368.00 ",16,28," 100,304 "," 49,888 "," 40,312 ", -   , -   ," 10,104 ",3,,,,"-10,104 ","-10,104 ", -   ,,," 577,292 "," 247,411 "," 69,275 "," 7,422 "," 646,567 "," 254,833 "," 901,400 ", -   
 F&F ,1008,B3,,Antonio Rada,Jorge Roberto Arimany Comas,19/04/24,4.Plan de pagos," 845,100.00 "," 84,510.00 ", -   , -   , -   , -   , -   , -   , -   , -   , -   , -   , -   , -   , -   ," 8,000.00 ", -   , -   , -   , -   , -   , -   , -   , -   , -   , -   , -   , -   ,,,, -   , -   , -   , -   ,,," 8,000.00 ",9%,"-76,510.00 ",-91%," 837,100.00 ",99.05%," 84,510.00 ",Vendido,Cliente Atrasado,17,1,18," 8,000.00 "," 4,501.00 ",,21," 102,521 ", -   ," 8,000 ", -   , -   ," 94,521 ",,F&F,,,"-94,521 ","-94,521 ", -   ,,," 541,235 "," 231,958 "," 64,948 "," 6,959 "," 606,183 "," 238,917 "," 845,100 ", -   
,1009,E8,,Diana Alvarez,Augusto Alejandro Salazar Alecio Y Yosseline Yanira Moscoso Hidalgo ,6/11/24,4.Plan de pagos," 1,515,084.48 "," 152,084.48 ", -   , -   , -   , -   , -   , -   , -   , -   , -   , -   , -   , -   , -   , -   , -   , -   , -   , -   , -   , -   ," 10,000.00 "," 8,000.00 "," 8,000.00 "," 8,000.00 "," 8,000.00 "," 8,000.00 "," 8,000.00 "," 8,000.00 "," 8,000.00 "," 8,000.00 "," 8,000.00 "," 8,000.00 "," 8,000.00 "," 8,000.00 "," 8,000.00 "," 122,000.00 ",80%,"-30,084.48 ",-20%," 1,393,084.48 ",91.95%," 152,084.48 ",Vendido,Cliente al día,18,1,19," 10,000.00 "," 7,894.00 ",14,14," 120,516 ", -   ," 122,000 ", -   ," 1,484 ", -   ,,,,," 1,484 "," 1,484 ", -   ,,," 970,319 "," 415,851 "," 116,438 "," 12,476 "," 1,086,758 "," 428,327 "," 1,515,084 ", -   
,1010,A10,,Antonio Rada,Allan Donaldo Lapop Cárdenas,27/08/23,4.Plan de pagos," 848,900.00 "," 84,900.00 ", -   , -   , -   , -   , -   ," 6,000.00 "," 3,156.00 "," 3,156.00 "," 3,156.00 "," 3,156.00 "," 3,156.00 "," 3,156.00 "," 3,156.00 "," 3,156.00 "," 3,156.00 "," 3,500.00 "," 5,000.00 "," 3,156.00 "," 4,000.00 "," 5,000.00 "," 3,200.00 "," 5,240.00 "," 4,500.00 "," 5,000.00 "," 5,000.00 "," 3,200.00 "," 3,200.00 "," 5,000.00 "," 4,500.00 "," 3,500.00 ", -   ," 3,500.00 ", -   ,,," 100,900.00 ",119%,"16,000.00 ",19%," 748,000.00 ",88.11%," 84,900.00 ",Vendido,Superávit de Enganche,25,1,26," 6,000.00 "," 3,156.00 ",25,28," 94,368 "," 31,560 "," 69,340 ", -   ," 6,532 ", -   ,,,,," 6,532 "," 6,532 ", -   ,,," 543,669 "," 233,001 "," 65,240 "," 6,990 "," 608,909 "," 239,991 "," 848,900 ", 0 
,1011,C10,,Brenda Búcaro,Sebastian Gutierrez Ruiz,31/03/23,4.Plan de pagos," 1,131,525.00 "," 113,225.00 "," 6,000.00 "," 3,055.00 "," 3,055.00 "," 3,055.00 "," 3,055.00 "," 3,055.00 "," 3,055.00 "," 3,055.00 "," 3,055.00 "," 3,055.00 "," 3,055.00 "," 3,055.00 "," 3,055.00 "," 3,055.00 "," 3,055.00 "," 3,055.00 "," 3,055.00 "," 3,055.00 "," 3,055.00 "," 3,055.00 ", -   ," 3,055.00 "," 3,055.00 "," 3,055.00 "," 3,055.00 "," 3,055.00 "," 3,055.00 "," 3,055.00 "," 3,055.00 ", -   , -   , -   , -   ,,," 88,485.00 ",78%,"-24,740.00 ",-22%," 1,043,040.00 ",92.18%," 113,225.00 ",Vendido,Cliente Atrasado,35,1,36," 6,000.00 "," 3,050.00 ",27,33," 106,650 ", -   ," 88,485 ", -   , -   ," 18,165 ",6,,,,"-18,165 ","-18,165 ", -   ,,," 724,673 "," 310,574 "," 86,961 "," 9,317 "," 811,634 "," 319,891 "," 1,131,525 ", -   
 F&F ,1012,C7,,Ronaldo,"Iurix, S.A",9/01/24,4.Plan de pagos," 973,800.00 "," 97,380.00 ", -   , -   , -   , -   , -   , -   , -   , -   , -   , -   , -   , -   , -   , -   , -   , -   , -   , -   , -   , -   , -   , -   , -   , -   , -   , -   ,,,, -   , -   , -   , -   ,,, -   ,0%,"-97,380.00 ",-100%," 973,800.00 ",100.00%," 97,380.00 ",Vendido,Cliente Atrasado,21,1,22," 12,062.73 "," 4,062.73 ",,24," 109,568 ", -   , -   , -   , -   ," 109,568 ",,F&F,,,"-109,568 ","-109,568 ", -   ,,," 623,660 "," 267,283 "," 74,839 "," 8,018 "," 698,499 "," 275,301 "," 973,800 ", -   
,1013,B6,,Brenda Búcaro,Byron Nehemías Ortega Ruiz,12/09/23,4.Plan de pagos," 903,600.00 "," 90,400.00 ", -   , -   , -   , -   , -   , -   ," 6,000.00 "," 3,517.00 ", -   ," 3,517.00 ", -   ," 3,517.00 ", -   ," 3,517.00 "," 7,034.00 "," 3,517.00 "," 7,034.00 ", -   ," 3,517.00 "," 3,517.00 "," 3,517.00 "," 3,517.00 ", -   , -   ," 7,034.00 "," 10,551.00 "," 3,517.00 "," 3,517.00 "," 7,034.00 ", -   , -   ," 7,034.00 ", -   ,,," 90,408.00 ",100%,8.00 ,0%," 813,192.00 ",89.99%," 90,400.00 ",Vendido,Cliente Atrasado,24,1,25," 6,000.00 "," 3,517.00 ",11,28," 104,476 "," 38,687 "," 51,721 ", -   , -   ," 14,068 ",4,,"Revisado y cobrado,",,"-14,068 ","-14,068 ", -   ,,," 578,701 "," 248,015 "," 69,444 "," 7,440 "," 648,145 "," 255,455 "," 903,600 ", -   
,1014,B1,,Antonio Rada,Jorge Antonio Reyes Ochoa,11/06/23,4.Plan de pagos," 883,300.00 "," 88,400.00 ", -   , -   , -   ," 6,000.00 "," 3,052.00 "," 3,052.00 "," 3,052.00 "," 3,052.00 ", -   ," 3,052.00 "," 3,052.00 "," 3,052.00 ", -   ," 6,104.00 ", -   ," 3,052.00 "," 6,104.00 ", -   ," 3,052.00 "," 6,104.00 "," 3,052.00 ", -   ," 3,052.00 ", -   ," 3,052.00 "," 6,104.00 "," 6,104.00 ",," 6,104.00 ", -   ," 6,104.00 "," 3,048.00 ", -   ,,," 88,400.00 ",100%,0.00 ,0%," 794,900.00 ",89.99%," 88,400.00 ",Vendido,Cliente Atrasado,27,1,28," 6,000.00 "," 3,052.00 ",13,31," 100,612 "," 39,672 "," 48,728 ", -   , -   ," 12,212 ",5,,"Revisado y cobrado,",,"-12,212 ","-12,212 ", -   ,,," 565,700 "," 242,443 "," 67,884 "," 7,273 "," 633,584 "," 249,716 "," 883,300 ", -   
,1015,E2,,Antonio Rada,Pedro Luis Artero Bran,19/04/23,4.Plan de pagos," 1,333,600.00 "," 133,360.00 ", -   ," 6,000.00 "," 4,393.00 "," 4,393.00 "," 4,393.00 "," 4,393.00 "," 4,393.00 "," 4,393.00 "," 4,393.00 "," 4,393.00 "," 4,393.00 "," 4,393.00 "," 4,393.00 "," 4,393.00 "," 4,393.00 "," 4,393.00 "," 4,393.00 "," 4,393.00 "," 4,393.00 "," 4,393.00 "," 4,393.00 "," 4,393.00 "," 4,393.00 "," 4,393.00 "," 4,393.00 "," 4,393.00 "," 4,393.00 "," 4,393.00 "," 4,393.00 "," 4,393.00 "," 4,393.00 "," 5,000.00 "," 5,000.00 "," 5,000.00 "," 5,000.00 "," 153,397.00 ",115%,"20,037.00 ",15%," 1,180,203.00 ",88.50%," 133,360.00 ",Vendido,Superávit de Enganche,29,1,30," 6,000.00 "," 4,393.00 ",33,33," 150,969 "," 127,397 "," 26,000 ", -   ," 2,428 ", -   ,,,,," 2,428 "," 2,428 ", -   ,,," 854,090 "," 366,038 "," 102,491 "," 10,981 "," 956,580 "," 377,020 "," 1,333,600 ", -   
,1016,A2,Plan de pagos especiales,Brenda Búcaro,Sergio Enrique Bolaños López,16/04/23,4.Plan de pagos," 651,600.00 "," 65,200.00 ", -   ," 6,000.00 ", -   , -   ," 2,000.00 "," 2,000.00 ", -   , -   , -   , -   ," 6,000.00 "," 2,000.00 ", -   ," 4,000.00 "," 4,000.00 ", -   ," 2,000.00 "," 2,000.00 ", -   ," 2,000.00 ", -   , -   ," 2,000.00 "," 2,000.00 "," 5,000.00 ", -   ," 3,026.00 ",," 3,026.00 ", -   , -   , -   , -   ," 4,539.00 ",," 51,591.00 ",79%,"-13,609.00 ",-21%," 600,009.00 ",92.08%," 65,200.00 ",Vendido,Cliente Atrasado,29,1,30," 6,000.00 "," 1,513.00 ",14,33," 55,929 ", -   ," 51,591 ", -   , -   ," 4,338 ",3, CE ,"Nuevo plan de pago, su cuota mensual es de GTQ 1,513,00 * 2 =  GTQ 3,026,00 Revisado y cobrado",,"-4,338 ","-4,338 ", -   ,,," 417,310 "," 178,847 "," 50,077 "," 5,365 "," 467,387 "," 184,213 "," 651,600 ", 0 
,1017,A6,Plan de pagos especiales,Brenda Búcaro,Irene Alejandra Reyes Guzmán,16/04/23,4.Plan de pagos," 663,200.00 "," 66,400.00 ", -   ," 6,000.00 ", -   , -   ," 4,000.00 ", -   , -   , -   ," 2,000.00 "," 2,000.00 "," 2,000.00 ", -   , -   ," 2,000.00 "," 2,000.00 "," 2,000.00 "," 6,000.00 "," 2,000.00 ", -   ," 2,000.00 ", -   , -   ," 2,000.00 "," 2,000.00 ", -   ," 4,000.00 "," 2,000.00 "," 1,650.00 ",," 1,650.00 ", -   , -   ," 1,650.00 ",,," 46,950.00 ",71%,"-19,450.00 ",-29%," 616,250.00 ",92.92%," 66,400.00 ",Vendido,Cliente Atrasado,29,1,30," 6,000.00 "," 1,650.00 ",16,33," 60,450 "," 4,950 "," 42,000 ", -   , -   ," 13,500 ",9, CE ,"Nuevo plan de pago, Debe el mes de julio",,"-13,500 ","-13,500 ", -   ,,," 424,739 "," 182,031 "," 50,969 "," 5,461 "," 475,708 "," 187,492 "," 663,200 ", -   
,1018,A3,ENGANCHE CANCELADO,Antonio Rada,Corporacion Fb Sociedad Anonima,3/08/23,4.Plan de pagos," 690,627.17 "," 69,127.17 ", -   , -   , -   , -   , -   ," 6,000.00 "," 63,127.17 ", -   , -   , -   , -   , -   , -   , -   , -   , -   , -   , -   , -   , -   , -   , -   , -   , -   , -   , -   ,,,, -   , -   , -   , -   ,,," 69,127.17 ",100%,0.00 ,0%," 621,500.00 ",89.99%," 69,127.17 ",Vendido,Enganche Completado,1,,1," 69,127.17 ", -   ,2,29," 69,127 ", -   ," 69,127 ", -   , -   , -   ,, CE ,,, -   , -   , -   ,,," 442,305 "," 189,559 "," 53,077 "," 5,687 "," 495,381 "," 195,246 "," 690,627 ",-0 
,1019,C3,,Mario Rodriguez,Gloria Fernanda Moran Guevara,25/08/25,4.Plan de pagos," 1,391,500.00 "," 97,500.00 ", -   , -   , -   , -   , -   , -   , -   , -   , -   , -   , -   , -   , -   , -   , -   , -   , -   , -   , -   , -   , -   , -   , -   , -   , -   , -   , -   ,,," 10,000.00 ", -   , -   , -   ,," 25,000.00 "," 35,000.00 ",36%,"-62,500.00 ",-64%," 1,356,500.00 ",97.48%," 97,500.00 ",Vendido,Cliente Atrasado,10,1,11," 10,000.00 "," 8,750.00 ",,5," 53,750 ", -   ," 35,000 ", -   , -   ," 18,750 ",3,,,,"-18,750 ","-18,750 ", -   ,,," 891,171 "," 381,930 "," 106,941 "," 11,458 "," 998,112 "," 393,388 "," 1,391,500 ", -   
,1020,C2,,Erwin Cardona,Bernerd Alexandro Godínez López,24/11/25,2. Reserva," 1,420,800.00 "," 99,456.00 ", -   , -   , -   , -   , -   , -   , -   , -   , -   , -   , -   , -   , -   , -   , -   , -   , -   , -   , -   , -   , -   , -   , -   , -   , -   , -   ,,,, -   , -   , -   ," 10,000.00 "," 38,500.00 "," 8,500.00 "," 57,000.00 ",57%,"-42,456.00 ",-43%," 1,363,800.00 ",95.99%," 99,456.00 ",Vendido,Cliente al día,,,,,,,2, -   , -   , -   ," 57,000 "," 57,000 ", -   ,,,,," 57,000 "," 57,000 ", -   ,,," 909,936 "," 389,973 "," 109,192 "," 11,699 "," 1,019,128 "," 401,672 "," 1,420,800 ", -   
,1101,D10,,Antonio Rada,Maria Fernanda Contreras Lopez,23/03/24,4.Plan de pagos," 1,176,700.00 "," 117,700.00 ", -   , -   , -   , -   , -   , -   , -   , -   , -   , -   , -   , -   ," 8,000.00 "," 6,094.00 "," 6,094.00 "," 6,094.00 "," 6,094.00 "," 6,094.00 "," 6,094.00 "," 6,094.00 "," 6,094.00 "," 6,094.00 "," 6,094.00 "," 6,094.00 "," 6,094.00 "," 6,094.00 "," 6,094.00 "," 6,094.00 "," 6,094.00 "," 6,094.00 "," 6,102.00 ", -   , -   ,,," 117,700.00 ",100%,0.00 ,0%," 1,059,000.00 ",90.00%," 117,700.00 ",Vendido,Cliente Atrasado,18,1,19," 8,000.00 "," 6,094.00 ",18,22," 142,068 "," 103,598 "," 14,102 ", -   , -   ," 24,368 ",4,,,,"-24,368 ","-24,368 ", -   ,,," 753,605 "," 322,973 "," 90,433 "," 9,689 "," 844,037 "," 332,663 "," 1,176,700 ", -   
,1102,D11,,Antonio Rada,Luis Alberto Lopez Velasquez,31/03/23,4.Plan de pagos," 1,152,100.00 "," 115,300.00 "," 6,000.00 ", -   ," 3,215.00 "," 3,215.00 "," 3,215.00 "," 3,215.00 "," 3,215.00 "," 3,215.00 "," 3,215.00 "," 3,215.00 "," 3,215.00 "," 3,215.00 "," 3,215.00 "," 3,215.00 "," 3,215.00 "," 3,215.00 "," 3,215.00 "," 3,215.00 "," 3,215.00 "," 3,215.00 "," 3,215.00 "," 3,215.00 "," 3,215.00 "," 3,215.00 "," 3,215.00 "," 3,215.00 "," 3,215.00 "," 3,215.00 "," 3,215.00 "," 3,215.00 "," 3,215.00 "," 3,215.00 "," 3,215.00 "," 3,215.00 "," 3,215.00 "," 112,095.00 ",97%,"-3,205.00 ",-3%," 1,040,005.00 ",90.27%," 115,300.00 ",Vendido,Cliente al día,34,1,35," 6,000.00 "," 3,215.00 ",33,33," 112,095 "," 106,095 "," 6,000 ", -   , -   , -   ,,,,, -   , -   , -   ,,," 737,850 "," 316,221 "," 88,542 "," 9,487 "," 826,392 "," 325,708 "," 1,152,100 ",-0 
,1103,B4,,Antonio Rada, Samuel Hiram Salazar Say,25/05/23,4.Plan de pagos," 901,400.00 "," 180,300.00 ", -   ," 6,000.00 ", -   ," 6,225.00 "," 6,225.00 "," 6,225.00 "," 6,225.00 "," 6,225.00 "," 6,225.00 "," 6,225.00 "," 6,225.00 "," 6,225.00 "," 6,225.00 "," 6,225.00 "," 6,225.00 "," 6,225.00 "," 6,225.00 "," 6,225.00 "," 6,225.00 "," 6,225.00 "," 6,225.00 "," 6,225.00 "," 6,225.00 "," 6,225.00 "," 6,225.00 "," 6,225.00 "," 6,225.00 "," 6,225.00 "," 6,225.00 "," 6,225.00 "," 6,225.00 "," 6,225.00 "," 6,225.00 "," 6,225.00 "," 6,225.00 "," 205,200.00 ",114%,"24,900.00 ",14%," 696,200.00 ",77.24%," 180,300.00 ",Vendido,Cliente Atrasado,28,1,29," 6,000.00 "," 6,225.00 ",,32," 205,200 "," 205,200 ", -   , -   , -   , -   ,,,Revisado,, -   , -   , -   ,,," 577,292 "," 247,411 "," 69,275 "," 7,422 "," 646,567 "," 254,833 "," 901,400 ", -   
,1104,B3,,Antonio Rada,Denisse Hortencia Alarcon Diaz,21/02/24,4.Plan de pagos," 887,400.00 "," 88,800.00 ", -   , -   , -   , -   , -   , -   , -   , -   , -   , -   , -   ," 8,000.00 "," 4,253.00 "," 4,253.00 "," 4,253.00 "," 4,253.00 "," 4,253.00 "," 4,253.00 "," 4,253.00 "," 4,253.00 "," 4,253.00 "," 4,253.00 "," 4,253.00 "," 4,253.00 "," 4,253.00 "," 4,253.00 "," 4,253.00 "," 4,253.00 "," 4,253.00 "," 4,253.00 "," 4,253.00 "," 4,253.00 "," 4,253.00 ",,," 97,313.00 ",110%,"8,513.00 ",10%," 790,087.00 ",89.03%," 88,800.00 ",Vendido,Cliente Atrasado,19,1,20," 8,000.00 "," 4,253.00 ",21,23," 105,819 "," 89,313 "," 8,000 ", -   , -   ," 8,506 ",2,,,,"-8,506 ","-8,506 ", -   ,,," 568,326 "," 243,568 "," 68,199 "," 7,307 "," 636,525 "," 250,875 "," 887,400 ", -   
,1105,A6,,Brenda Búcaro,Luis Pedro Escobedo De Cid,27/03/23,4.Plan de pagos," 657,892.70 "," 65,892.70 "," 43,000.00 "," 1,000.00 "," 1,000.00 ", -   ," 2,000.00 "," 2,000.00 "," 1,000.00 "," 1,000.00 "," 1,000.00 "," 1,000.00 ", -   ," 1,000.00 ", -   ," 2,000.00 ", -   ," 1,000.00 "," 1,000.00 "," 1,000.00 "," 1,000.00 "," 1,000.00 "," 1,000.00 "," 1,000.00 "," 1,000.00 "," 1,000.00 "," 1,000.00 ",,,,, -   , -   , -   , -   ,,," 66,000.00 ",100%,107.30 ,0%," 591,892.70 ",89.97%," 65,892.70 ",Vendido,Superávit de Enganche,35,1,36," 15,000.00 "," 1,000.00 ",20,33," 48,000 "," 17,000 "," 49,000 ", -   ," 18,000 ", -   ,,,,," 18,000 "," 18,000 ", -   ,,," 421,340 "," 180,574 "," 50,561 "," 5,417 "," 471,901 "," 185,992 "," 657,893 ", -   
,1106,A4,,Antonio Rada,Emerson Emanuel Menendez Rodas,27/04/23,4.Plan de pagos," 661,100.00 "," 66,200.00 ", -   ," 12,000.00 "," 1,869.00 "," 1,869.00 "," 1,869.00 "," 1,869.00 "," 1,869.00 "," 1,869.00 "," 1,869.00 "," 1,869.00 "," 1,869.00 "," 1,869.00 "," 1,869.00 "," 1,869.00 "," 1,869.00 "," 1,869.00 "," 1,869.00 "," 1,869.00 "," 1,869.00 "," 1,869.00 "," 1,869.00 "," 1,869.00 ", -   ," 3,738.00 "," 1,869.00 "," 1,869.00 "," 1,869.00 ",," 3,738.00 "," 1,869.00 "," 1,868.00 ", -   , -   ,,," 66,200.00 ",100%,0.00 ,0%," 594,900.00 ",89.99%," 66,200.00 ",Vendido,Cliente Atrasado,29,1,30," 12,000.00 "," 1,869.00 ",27,32," 71,808 "," 46,724 "," 19,476 ", -   , -   ," 5,608 ",4,,,,"-5,608 ","-5,608 ", -   ,,," 423,394 "," 181,455 "," 50,807 "," 5,444 "," 474,202 "," 186,898 "," 661,100 ", -   
 F&F ,1107,A12,,Ronaldo,"International Coffee Industry, S.A",9/01/24,4.Plan de pagos," 685,200.00 "," 68,520.00 ", -   , -   , -   , -   , -   , -   , -   , -   , -   , -   , -   , -   , -   , -   , -   , -   , -   , -   , -   , -   , -   , -   , -   , -   , -   , -   ,,,, -   , -   , -   , -   ,,, -   ,0%,"-68,520.00 ",-100%," 685,200.00 ",100.00%," 68,520.00 ",Vendido,Cliente Atrasado,25,1,26," 6,000.00 "," 2,501.00 ",,24," 66,024 ", -   , -   , -   , -   ," 66,024 ",,F&F,,,"-66,024 ","-66,024 ", -   ,,," 438,829 "," 188,070 "," 52,659 "," 5,642 "," 491,488 "," 193,712 "," 685,200 ", -   
,1108,C6,Plan de pagos especiales,Brenda Búcaro,Denis Orlando Coto Zelaya,28/03/23,4.Plan de pagos," 1,100,438.98 "," 110,138.98 ", -   , -   , -   , -   , -   , -   , -   , -   , -   , -   , -   , -   , -   , -   , -   , -   , -   , -   , -   , -   , -   , -   , -   , -   , -   , -   ,,,, -   , -   ," 30,000.00 ", -   ," 20,000.00 ",," 50,000.00 ",45%,"-60,138.98 ",-55%," 1,050,438.98 ",95.46%," 110,138.98 ",Vendido,Cliente al día,,,,,,,33, -   , -   , -   ," 50,000 "," 50,000 ", -   ,,,,," 50,000 "," 50,000 ", -   ,,," 704,764 "," 302,042 "," 84,572 "," 9,061 "," 789,336 "," 311,103 "," 1,100,439 ", -   
,1109,C5,,Antonio Rada,Fausto Norberth Mendez Melgar,3/12/23,4.Plan de pagos," 1,182,285.73 "," 118,285.73 ", -   , -   , -   , -   , -   , -   , -   , -   , -   ," 5,500.00 "," 5,371.00 "," 5,371.00 "," 5,371.00 "," 5,371.00 "," 5,371.00 "," 5,371.00 "," 5,371.00 "," 5,371.00 "," 5,371.00 "," 5,371.00 "," 5,371.00 "," 5,371.00 "," 5,371.00 "," 5,371.00 "," 5,371.00 "," 5,371.00 "," 5,371.00 "," 5,371.00 "," 50,000.00 ", -   , -   , -   , -   ,,," 152,178.00 ",129%,"33,892.27 ",29%," 1,030,107.73 ",87.13%," 118,285.73 ",Vendido,Superávit de Enganche,21,1,22," 5,500.00 "," 5,371.00 ",18,25," 139,775 "," 96,678 "," 55,500 ", -   ," 12,403 ", -   ,,,,," 12,403 "," 12,403 ", -   ,,," 757,182 "," 324,507 "," 90,862 "," 9,735 "," 848,044 "," 334,242 "," 1,182,286 ", 0 
,1110,C6,,Antonio Rada,Juan Carlos Lantzendorffer Haas,5/08/23,4.Plan de pagos," 1,166,200.00 "," 116,700.00 ", -   , -   , -   ," 6,000.00 ", -   , -   ," 3,954.00 "," 3,954.00 "," 3,954.00 "," 3,954.00 "," 3,954.00 "," 3,954.00 "," 3,954.00 ", -   ," 3,954.00 "," 3,954.00 "," 3,954.00 "," 7,908.00 ", -   ," 3,954.00 ", -   ," 3,954.00 ", -   ," 15,816.00 ", -   ," 7,908.00 ",," 7,908.00 "," 3,954.00 ", -   ," 7,908.00 "," 3,954.00 ", -   ," 3,954.00 "," 3,942.00 "," 116,700.00 ",100%,0.00 ,0%," 1,049,500.00 ",89.99%," 116,700.00 ",Vendido,Cliente Atrasado,28,1,29," 6,000.00 "," 3,954.00 ",16,29," 120,666 "," 63,252 "," 53,448 ", -   , -   ," 3,966 ",2,,,,"-3,966 ","-3,966 ", -   ,,," 746,880 "," 320,091 "," 89,626 "," 9,603 "," 836,506 "," 329,694 "," 1,166,200 ", -   
,1111,C5,,Antonio Rada,Erika Ruth Castro Juarez,7/02/24,4.Plan de pagos," 1,193,202.50 "," 119,402.50 ", -   , -   , -   , -   , -   , -   , -   , -   , -   , -   , -   ," 8,000.00 "," 5,859.00 "," 5,859.00 "," 5,859.00 "," 5,859.00 "," 5,859.00 "," 5,859.00 "," 5,859.00 "," 5,859.00 "," 5,859.00 "," 5,859.00 "," 5,859.00 "," 5,859.00 "," 5,859.00 "," 5,859.00 "," 5,859.00 "," 5,859.00 "," 5,859.00 "," 5,859.00 "," 5,859.00 ", -   , -   ,,," 119,321.00 ",100%,-81.50 ,0%," 1,073,881.50 ",90.00%," 119,402.50 ",Vendido,Cliente Atrasado,19,1,20," 8,000.00 "," 5,863.00 ",19,23," 142,849 "," 111,321 "," 8,000 ", -   , -   ," 23,528 ",5,,,,"-23,528 ","-23,528 ", -   ,,," 764,174 "," 327,503 "," 91,701 "," 9,825 "," 855,874 "," 337,328 "," 1,193,203 ", -   
,1112,A8,,Antonio Rada,"Grupo Sak Y Sak, S.A.",6/06/23,4.Plan de pagos," 690,627.17 "," 690,627.17 ", -   , -   , -   ," 75,062.72 "," 22,799.00 "," 22,799.00 "," 22,799.00 "," 22,799.00 "," 22,799.00 "," 22,799.00 "," 22,799.00 "," 22,799.00 "," 22,799.00 ", -   , -   ," 45,598.00 "," 22,799.00 "," 22,799.00 "," 22,799.00 "," 22,799.00 "," 22,799.00 "," 22,799.00 "," 22,799.00 "," 22,799.00 ", -   ," 22,799.00 "," 45,598.00 "," 22,799.00 "," 22,799.00 "," 22,799.00 "," 22,799.00 ", -   , -   ,,," 667,836.72 ",97%,"-22,790.45 ",-3%," 22,790.45 ",3.30%," 690,627.17 ",Vendido,Cliente Atrasado,27,1,28," 75,062.72 "," 22,799.00 ",24,31," 781,832 "," 501,578 "," 166,259 ", -   , -   ," 113,995 ",5,,Revisado,,"-113,995 ","-113,995 ", -   ,,," 442,305 "," 189,559 "," 53,077 "," 5,687 "," 495,381 "," 195,246 "," 690,627 ",-0 
,1113,A2,,Jose Franco,"Marcas & Secretos, S.A.",5/04/23,4.Plan de pagos," 645,639.00 "," 64,639.00 ", -   ," 6,000.00 "," 2,000.00 "," 2,000.00 "," 2,000.00 "," 2,000.00 "," 2,000.00 "," 2,000.00 "," 2,000.00 "," 2,000.00 "," 2,000.00 "," 2,000.00 "," 2,000.00 "," 2,000.00 "," 2,000.00 "," 2,000.00 "," 2,000.00 ", -   ," 4,000.00 "," 2,000.00 "," 2,000.00 "," 2,000.00 ", -   ," 4,000.00 "," 2,000.00 "," 2,000.00 "," 2,000.00 "," 2,000.00 "," 2,000.00 "," 2,000.00 "," 2,639.00 ", -   , -   ,,," 64,639.00 ",100%,0.00 ,0%," 581,000.00 ",89.99%," 64,639.00 ",Vendido,Cliente Atrasado,29,1,30," 6,000.00 "," 2,000.00 ",27,33," 72,000 "," 48,000 "," 16,639 ", -   , -   ," 7,361 ",4,,,,"-7,361 ","-7,361 ", -   ,,," 413,492 "," 177,211 "," 49,619 "," 5,316 "," 463,112 "," 182,527 "," 645,639 ", -   
,1114,A11,,Antonio Rada,Clara Hilda Maria Falla Bianchi De Cruz-Gomar,28/05/24,4.Plan de pagos," 801,793.67 "," 77,986.52 ", -   , -   , -   , -   , -   , -   , -   , -   , -   , -   , -   , -   , -   , -   ," 8,000.00 ", -   ," 7,368.00 "," 7,368.00 ", -   ," 3,684.00 "," 7,368.00 ", -   ," 7,368.00 ", -   ," 3,684.00 "," 4,000.00 "," 4,000.00 ",,, -   ," 4,000.00 ", -   , -   ," 4,500.00 ",," 61,340.00 ",79%,"-16,646.52 ",-21%," 740,453.67 ",92.35%," 77,986.52 ",Vendido,Cliente Atrasado,21,1,22," 8,000.00 "," 3,684.00 ",10,19," 77,996 "," 7,368 "," 53,972 ", -   , -   ," 16,656 ",5,,,,"-16,656 ","-16,656 ", -   ,,," 513,500 "," 220,071 "," 61,620 "," 6,602 "," 575,120 "," 226,674 "," 801,794 ", -   
,1115,B4,,Antonio Rada,Eddy Francisco Mac-Intosh López,8/04/25,4.Plan de pagos," 1,142,630.20 "," 114,330.20 ", -   , -   , -   , -   , -   , -   , -   , -   , -   , -   , -   , -   , -   , -   , -   , -   , -   , -   , -   , -   , -   , -   , -   , -   , -   ," 10,000.00 "," 8,025.00 "," 8,025.00 "," 8,025.00 "," 8,025.00 "," 8,025.00 "," 8,025.00 "," 8,025.00 "," 8,025.00 "," 8,025.00 "," 82,225.00 ",72%,"-32,105.20 ",-28%," 1,060,405.20 ",92.80%," 114,330.20 ",Vendido,Cliente al día,13,1,14," 10,000.00 "," 8,025.00 ",9,9," 82,225 "," 72,225 "," 10,000 ", -   , -   , -   ,,,,, -   , -   , -   ,,," 731,785 "," 313,622 "," 87,814 "," 9,409 "," 819,599 "," 323,031 "," 1,142,630 ", 0 
,1116,B3,Plan de pagos especiales,Antonio Rada,Francisco Javier Arriaza Reyes,15/02/24,4.Plan de pagos," 887,400.00 "," 88,800.00 ", -   , -   , -   , -   , -   , -   , -   , -   , -   , -   , -   ," 8,000.00 "," 4,253.00 "," 4,253.00 "," 4,253.00 "," 4,253.00 "," 4,253.00 "," 4,253.00 ", -   , -   , -   , -   , -   , -   ," 10,000.00 ", -   ,," 7,500.00 "," 5,000.00 ", -   , -   , -   , -   ,," 10,000.00 "," 66,018.00 ",74%,"-22,782.00 ",-26%," 821,382.00 ",92.56%," 88,800.00 ",Vendido,Cliente al día,19,1,20," 8,000.00 "," 2,500.00 ",8,23," 65,500 ", -   ," 66,018 ", -   , 518 , -   ,, CE ,"Nuevo plan de pago, cliente al día.",, 518 , 518 , -   ,,," 568,326 "," 243,568 "," 68,199 "," 7,307 "," 636,525 "," 250,875 "," 887,400 ", -   
,1117,D10,,Antonio Rada,Jerson Leonel Chavez Martinez,14/12/23,4.Plan de pagos," 1,165,934.22 "," 116,634.22 ", -   , -   , -   , -   , -   , -   , -   , -   , -   ," 5,500.00 "," 5,292.00 "," 5,292.00 "," 5,292.00 "," 5,292.00 "," 5,292.00 ", -   ," 10,584.00 "," 5,292.00 "," 5,292.00 "," 5,292.00 ", -   ," 10,584.00 "," 5,292.00 ", -   ," 10,584.00 "," 5,292.00 "," 5,292.00 "," 5,292.00 "," 5,292.00 "," 5,292.00 "," 5,292.00 ", 302.22 , -   ,,," 116,934.22 ",100%,300.00 ,0%," 1,049,000.00 ",89.97%," 116,634.22 ",Vendido,Cliente Atrasado,21,1,22," 5,500.00 "," 5,292.00 ",16,25," 137,800 "," 79,682 "," 37,252 ", -   , -   ," 20,866 ",4,,,,"-20,866 ","-20,866 ", -   ,,," 746,710 "," 320,019 "," 89,605 "," 9,601 "," 836,315 "," 329,619 "," 1,165,934 ", -   
,1118,D11,,Antonio Rada,José Raúl Velasco Ferrigno,20/06/24,4.Plan de pagos," 1,181,000.00 "," 118,100.00 ", -   , -   , -   , -   , -   , -   , -   , -   , -   , -   , -   , -   , -   , -   , -   ," 10,000.00 "," 6,006.00 "," 6,006.00 "," 6,006.00 "," 6,006.00 "," 6,006.00 "," 6,006.00 "," 6,006.00 "," 6,006.00 "," 6,006.00 "," 6,006.00 "," 6,006.00 "," 6,006.00 "," 6,006.00 "," 6,006.00 "," 6,006.00 "," 6,006.00 "," 6,006.00 ",," 4,532.22 "," 116,634.22 ",99%,"-1,465.78 ",-1%," 1,064,365.78 ",90.12%," 118,100.00 ",Vendido,Cliente Atrasado,18,1,19," 10,000.00 "," 6,006.00 ",18,19," 124,114 "," 106,634 "," 10,000 ", -   , -   ," 7,480 ",2,,,,"-7,480 ","-7,480 ", -   ,,," 756,359 "," 324,154 "," 90,763 "," 9,725 "," 847,122 "," 333,878 "," 1,181,000 ", 0 
,1201,D4,,Antonio Rada,Rogelio Alejandro Ochoa Hernandez,18/06/24,4.Plan de pagos," 1,253,700.00 "," 125,400.00 ", -   , -   , -   , -   , -   , -   , -   , -   , -   , -   , -   , -   , -   , -   , -   ," 10,000.00 "," 6,500.00 "," 6,500.00 "," 6,500.00 "," 6,500.00 ", -   ," 6,500.00 "," 6,500.00 "," 6,500.00 ", -   ," 13,000.00 "," 6,500.00 "," 6,500.00 "," 6,500.00 "," 6,500.00 "," 6,500.00 ", -   , -   ,,," 101,000.00 ",81%,"-24,400.00 ",-19%," 1,152,700.00 ",91.94%," 125,400.00 ",Vendido,Cliente Atrasado,18,1,19," 10,000.00 "," 6,500.00 ",12,19," 133,500 "," 78,000 "," 23,000 ", -   , -   ," 32,500 ",5,,Revisado,,"-32,500 ","-32,500 ", -   ,,," 802,919 "," 344,108 "," 96,350 "," 10,323 "," 899,269 "," 354,431 "," 1,253,700 ", -   
,1202,D1,,Antonio Rada,Edwin Steven Quiroa Sitamul,28/02/24,4.Plan de pagos," 1,265,500.00 "," 126,600.00 ", -   , -   , -   , -   , -   , -   , -   , -   , -   , -   , -   ," 8,000.00 "," 6,242.00 "," 6,242.00 "," 6,242.00 "," 6,242.00 "," 6,242.00 "," 6,242.00 "," 6,242.00 "," 6,242.00 "," 6,242.00 "," 6,242.00 "," 6,242.00 "," 6,242.00 "," 6,242.00 "," 6,242.00 "," 6,242.00 "," 6,242.00 "," 6,242.00 "," 6,242.00 "," 6,244.00 ", -   , -   ,,," 126,600.00 ",100%,0.00 ,0%," 1,138,900.00 ",90.00%," 126,600.00 ",Vendido,Cliente Atrasado,19,1,20," 8,000.00 "," 6,242.00 ",19,22," 145,324 "," 112,356 "," 14,244 ", -   , -   ," 18,724 ",3,,,,"-18,724 ","-18,724 ", -   ,,," 810,476 "," 347,347 "," 97,257 "," 10,420 "," 907,733 "," 357,767 "," 1,265,500 ", -   
,1203,B4,,Antonio Rada,Allan Vinicio Velásquez León,27/08/23,4.Plan de pagos," 901,400.00 "," 90,200.00 ", -   , -   , -   , -   , -   ," 6,000.00 "," 3,630.00 "," 3,630.00 ", -   ," 7,260.00 "," 3,630.00 ", -   ," 3,630.00 "," 7,260.00 ", -   ," 7,260.00 ", -   , -   ," 3,630.00 "," 3,630.00 "," 7,260.00 ", -   , -   ," 10,890.00 ", -   ," 10,890.00 ",," 7,260.00 ",, -   ," 4,430.00 ", -   , 90.00 ,,," 90,380.00 ",100%,180.00 ,0%," 811,020.00 ",89.97%," 90,200.00 ",Vendido,Cliente Atrasado,25,1,26," 6,000.00 "," 3,368.00 ",8,28," 100,304 ", 90 ," 90,290 ", -   , -   ," 9,924 ",3,,,,"-9,924 ","-9,924 ", -   ,,," 577,292 "," 247,411 "," 69,275 "," 7,422 "," 646,567 "," 254,833 "," 901,400 ", -   
,1204,B3,,Antonio Rada,Josselin Alejandra Turcios Orantes,14/02/24,4.Plan de pagos," 887,400.00 "," 88,800.00 ", -   , -   , -   , -   , -   , -   , -   , -   , -   , -   , -   ," 8,000.00 "," 4,253.00 "," 4,253.00 "," 4,253.00 "," 4,253.00 "," 4,253.00 "," 4,253.00 "," 4,253.00 "," 4,253.00 "," 4,253.00 "," 4,253.00 "," 4,253.00 "," 4,253.00 "," 4,253.00 "," 4,253.00 "," 4,253.00 "," 4,253.00 "," 4,253.00 "," 4,253.00 "," 4,246.00 ", -   , -   ,,," 88,800.00 ",100%,0.00 ,0%," 798,600.00 ",89.99%," 88,800.00 ",Vendido,Cliente Atrasado,19,1,20," 8,000.00 "," 4,253.00 ",19,23," 105,819 "," 80,800 "," 8,000 ", -   , -   ," 17,019 ",5,,,,"-17,019 ","-17,019 ", -   ,,," 568,326 "," 243,568 "," 68,199 "," 7,307 "," 636,525 "," 250,875 "," 887,400 ", -   
,1205,A6,,Antonio Rada,Andrea Nicole Mansilla Fuentes,25/03/23,4.Plan de pagos," 663,200.00 "," 66,400.00 "," 6,000.00 "," 1,726.00 "," 1,726.00 "," 1,726.00 "," 1,726.00 "," 1,726.00 "," 1,726.00 "," 1,730.00 "," 1,730.00 ", -   ," 3,450.00 ", -   ," 3,500.00 "," 2,500.00 "," 1,800.00 "," 1,800.00 "," 1,800.00 "," 1,900.00 "," 1,800.00 ", -   ," 1,800.00 "," 3,600.00 ", -   ," 1,800.00 "," 1,800.00 ", -   ," 2,000.00 ",," 1,800.00 "," 1,800.00 "," 3,600.00 ", -   , -   ,," 1,800.00 "," 58,366.00 ",88%,"-8,034.00 ",-12%," 604,834.00 ",91.20%," 66,400.00 ",Vendido,Cliente Atrasado,35,1,36," 6,000.00 "," 1,726.00 ",25,34," 64,684 "," 10,356 "," 48,010 ", -   , -   ," 6,318 ",4,,Revisado,,"-6,318 ","-6,318 ", -   ,,," 424,739 "," 182,031 "," 50,969 "," 5,461 "," 475,708 "," 187,492 "," 663,200 ", -   
,1206,A4,,Jose Franco,Juan José Silva Pacheco,16/05/23,4.Plan de pagos," 691,118.49 "," 69,118.49 ", -   , -   ," 6,000.00 "," 2,254.00 "," 2,254.00 "," 2,254.00 "," 2,254.00 "," 2,254.00 "," 2,254.00 "," 2,254.00 "," 2,254.00 "," 2,254.00 "," 2,254.00 "," 2,254.00 "," 2,254.00 "," 2,254.00 "," 2,254.00 "," 2,254.00 "," 2,254.00 "," 2,254.00 "," 2,254.00 "," 2,254.00 "," 2,254.00 "," 2,254.00 "," 2,254.00 "," 2,254.00 "," 2,254.00 "," 2,254.00 "," 2,254.00 ", -   ," 2,260.49 ", -   , -   ,,," 66,864.49 ",97%,"-2,254.00 ",-3%," 624,254.00 ",90.33%," 69,118.49 ",Vendido,Cliente Atrasado,28,1,29," 6,000.00 "," 2,254.00 ",27,32," 78,128 "," 58,604 "," 8,260 ", -   , -   ," 11,264 ",5,,,,"-11,264 ","-11,264 ", -   ,,," 442,619 "," 189,694 "," 53,114 "," 5,691 "," 495,734 "," 195,385 "," 691,118 ", -   
 F&F ,1207,A12,,Jose Franco,David Arimany Monzón,27/03/23,4.Plan de pagos," 678,932.00 "," 67,932.00 "," 6,000.00 "," 1,500.00 "," 1,500.00 ", -   , -   , -   ," 3,000.00 "," 1,500.00 "," 1,500.00 ", -   ," 6,000.00 ", -   ," 1,500.00 "," 3,000.00 ", -   ," 3,000.00 ", -   ," 1,500.00 ", -   , -   ," 1,500.00 ", -   , -   , -   , -   , -   ,,,, -   , -   , -   , -   ,,," 31,500.00 ",46%,"-36,432.00 ",-54%," 647,432.00 ",95.36%," 67,932.00 ",Vendido,Cliente Atrasado,35,1,36," 6,000.00 "," 1,500.00 ",10,33," 55,500 "," 10,500 "," 21,000 ", -   , -   ," 24,000 ",,F&F,,,"-24,000 ","-24,000 ", -   ,,," 434,815 "," 186,349 "," 52,178 "," 5,590 "," 486,992 "," 191,940 "," 678,932 ", -   
,1208,C6,,Antonio Rada,Jmx Inversiones Sociedad Anonima,15/04/23,4.Plan de pagos," 1,110,600.00 "," 111,100.00 ", -   ," 6,000.00 "," 3,624.00 "," 3,624.00 "," 3,624.00 "," 3,624.00 "," 3,624.00 "," 3,624.00 "," 3,624.00 "," 3,624.00 "," 3,624.00 "," 3,624.00 "," 3,624.00 "," 3,624.00 "," 3,624.00 ", -   ," 7,248.00 ", -   , -   ," 7,248.00 "," 7,248.00 "," 3,624.00 "," 3,624.00 "," 3,624.00 "," 3,624.00 "," 3,624.00 "," 3,624.00 "," 3,624.00 "," 7,510.00 ", -   ," 3,366.00 ", -   , -   ,,," 111,100.00 ",100%,0.00 ,0%," 999,500.00 ",90.00%," 111,100.00 ",Vendido,Cliente Atrasado,29,1,30," 6,000.00 "," 3,624.00 ",21,33," 125,592 "," 75,846 "," 35,254 ", -   , -   ," 14,492 ",4,,,,"-14,492 ","-14,492 ", -   ,,," 711,272 "," 304,831 "," 85,353 "," 9,145 "," 796,624 "," 313,976 "," 1,110,600 ", -   
,1209,C5,,Antonio Rada,Gilda Elena Siekavizza Castillo / Jose Pablo Pineda Bran,28/03/23,4.Plan de pagos," 1,108,600.00 "," 110,900.00 "," 6,000.00 "," 2,997.00 "," 2,997.00 "," 2,997.00 "," 2,997.00 "," 2,997.00 "," 2,997.00 "," 2,997.00 "," 2,997.00 "," 2,997.00 "," 2,997.00 "," 2,997.00 "," 2,997.00 "," 2,997.00 "," 2,997.00 "," 2,997.00 "," 2,997.00 "," 2,997.00 "," 2,997.00 "," 2,997.00 "," 2,997.00 "," 2,997.00 "," 2,997.00 "," 2,997.00 "," 2,997.00 "," 2,997.00 "," 2,997.00 "," 2,997.00 "," 2,997.00 "," 2,997.00 "," 2,997.00 "," 2,997.00 "," 2,997.00 "," 2,997.00 "," 2,997.00 "," 107,898.00 ",97%,"-3,002.00 ",-3%," 1,000,702.00 ",90.27%," 110,900.00 ",Vendido,Cliente al día,35,1,36," 6,000.00 "," 2,997.00 ",34,33," 104,901 "," 101,898 "," 6,000 ", -   ," 2,997 ", -   ,,,,," 2,997 "," 2,997 ", -   ,,," 709,991 "," 304,282 "," 85,199 "," 9,128 "," 795,190 "," 313,410 "," 1,108,600 ",-0 
,1210,C6,,Antonio Rada,Jmx Inversiones Sociedad Anonima,15/04/23,4.Plan de pagos," 1,110,600.00 "," 111,100.00 ", -   ," 6,000.00 "," 3,624.00 "," 3,624.00 "," 3,624.00 "," 3,624.00 "," 3,624.00 "," 3,624.00 "," 3,624.00 "," 3,624.00 "," 3,624.00 "," 3,624.00 "," 3,624.00 "," 3,624.00 "," 3,624.00 ", -   ," 7,248.00 ", -   , -   ," 7,248.00 "," 7,248.00 "," 3,624.00 "," 3,624.00 "," 3,624.00 "," 3,624.00 "," 3,624.00 "," 3,624.00 "," 3,624.00 "," 7,510.00 ", -   ," 3,366.00 ", -   , -   ,,," 111,100.00 ",100%,0.00 ,0%," 999,500.00 ",90.00%," 111,100.00 ",Vendido,Cliente Atrasado,29,1,30," 6,000.00 "," 3,624.00 ",21,33," 125,592 "," 75,846 "," 35,254 ", -   , -   ," 14,492 ",4,,,,"-14,492 ","-14,492 ", -   ,,," 711,272 "," 304,831 "," 85,353 "," 9,145 "," 796,624 "," 313,976 "," 1,110,600 ", -   
,1211,C5,,Antonio Rada,Jorge Daniel Baca Chiroy,28/11/23,4.Plan de pagos," 1,193,202.50 "," 119,402.50 ", -   , -   , -   , -   , -   , -   , -   , -   ," 5,500.00 "," 5,174.00 "," 5,174.00 ", -   , -   , -   , -   ," 10,348.00 ", -   , -   ," 10,354.00 ", -   ," 10,354.00 ", -   , -   ," 36,239.00 ", -   ," 10,366.00 "," 5,174.00 "," 20,719.50 ",, -   , -   , -   , -   ,,," 119,402.50 ",100%,0.00 ,0%," 1,073,800.00 ",89.99%," 119,402.50 ",Vendido,Cliente Atrasado,22,1,23," 5,500.00 "," 5,177.00 ",3,25," 134,925 "," 15,522 "," 103,881 ", -   , -   ," 15,523 ",3,,,,"-15,523 ","-15,523 ", -   ,,," 764,174 "," 327,503 "," 91,701 "," 9,825 "," 855,874 "," 337,328 "," 1,193,203 ", -   
,1212,A8,Plan de pagos especiales,Brenda Búcaro,Sergio Enrique Bolaños López,16/07/23,4.Plan de pagos," 666,800.00 "," 66,700.00 ", -   ," 6,000.00 ", -   , -   ," 2,000.00 "," 2,000.00 ", -   ," 4,000.00 ", -   , -   ," 2,000.00 "," 2,000.00 ", -   ," 4,000.00 "," 4,000.00 ", -   ," 2,000.00 "," 2,000.00 ", -   ," 2,000.00 ", -   , -   ," 2,000.00 "," 2,000.00 "," 5,000.00 ", -   ," 3,212.00 ",," 3,212.00 ", -   , -   , -   , -   ,,," 47,424.00 ",71%,"-19,276.00 ",-29%," 619,376.00 ",92.89%," 66,700.00 ",Vendido,Cliente Atrasado,29,1,30," 6,000.00 "," 1,606.00 ",15,30," 54,180 ", -   ," 47,424 ", -   , -   ," 6,756 ",5, CE ,"Nuevo plan de pago, cliente al día.",,"-6,756 ","-6,756 ", -   ,,," 427,045 "," 183,019 "," 51,245 "," 5,491 "," 478,290 "," 188,510 "," 666,800 ", -   
,1213,A2,,Jose Franco,"Marcas & Secretos, S.A.",5/04/23,4.Plan de pagos," 645,639.00 "," 64,639.00 ", -   ," 6,000.00 "," 2,000.00 "," 2,000.00 "," 2,000.00 "," 2,000.00 "," 2,000.00 "," 2,000.00 "," 2,000.00 "," 2,000.00 "," 2,000.00 "," 2,000.00 "," 2,000.00 "," 2,000.00 "," 2,000.00 "," 2,000.00 "," 2,000.00 ", -   ," 4,000.00 "," 2,000.00 "," 2,000.00 "," 2,000.00 ", -   ," 4,000.00 "," 2,000.00 "," 2,000.00 "," 2,000.00 "," 2,000.00 "," 2,000.00 "," 2,000.00 "," 2,639.00 ", -   , -   ,,," 64,639.00 ",100%,0.00 ,0%," 581,000.00 ",89.99%," 64,639.00 ",Vendido,Cliente Atrasado,29,1,30," 6,000.00 "," 2,000.00 ",27,33," 72,000 "," 48,000 "," 16,639 ", -   , -   ," 7,361 ",4,,,,"-7,361 ","-7,361 ", -   ,,," 413,492 "," 177,211 "," 49,619 "," 5,316 "," 463,112 "," 182,527 "," 645,639 ", -   
,1214,A11,,Jose Franco,Manuel Armando Fletes Ordoñez,5/06/23,4.Plan de pagos," 786,200.00 "," 78,700.00 ", -   , -   , -   ," 6,000.00 "," 2,700.00 "," 2,700.00 "," 2,700.00 "," 2,700.00 "," 2,700.00 "," 2,700.00 "," 2,700.00 "," 2,700.00 "," 2,700.00 "," 2,700.00 "," 2,700.00 "," 2,700.00 "," 2,700.00 "," 2,700.00 "," 2,700.00 "," 2,700.00 "," 2,700.00 "," 2,700.00 "," 2,700.00 "," 2,700.00 "," 2,700.00 "," 2,700.00 "," 50,000.00 "," 50,000.00 "," 35,000.00 "," 50,000.00 "," 25,000.00 "," 9,000.00 "," 9,500.00 "," 10,000.00 "," 10,000.00 "," 313,900.00 ",399%,"235,200.00 ",299%," 472,300.00 ",60.07%," 78,700.00 ",Vendido,Superávit de Enganche,27,1,28," 6,000.00 "," 2,693.00 ",22,31," 89,483 ", -   ," 313,900 ", -   ," 224,417 ", -   ,,,,," 224,417 "," 224,417 ", -   ,,," 503,513 "," 215,791 "," 60,422 "," 6,474 "," 563,935 "," 222,265 "," 786,200 ", -   
,1215,B4,,Antonio Rada, Jose Javier Hernandez Juarez,11/04/23,4.Plan de pagos," 858,400.00 "," 85,900.00 ", -   ," 6,000.00 "," 2,755.00 "," 2,755.00 "," 2,755.00 "," 2,755.00 "," 2,755.00 "," 2,755.00 "," 2,755.00 "," 2,755.00 "," 2,755.00 "," 2,755.00 "," 2,755.00 "," 2,755.00 "," 2,755.00 "," 2,755.00 "," 26,755.00 "," 3,500.00 "," 3,500.00 "," 3,500.00 "," 3,500.00 "," 3,500.00 "," 3,500.00 "," 3,500.00 "," 3,500.00 "," 3,500.00 "," 3,500.00 "," 3,500.00 "," 3,500.00 "," 3,500.00 ", -   ," 3,500.00 "," 7,000.00 "," 3,500.00 "," 4,000.00 "," 134,825.00 ",157%,"48,925.00 ",57%," 723,575.00 ",84.29%," 85,900.00 ",Vendido,Superávit de Enganche,29,1,30," 6,000.00 "," 2,755.00 ",30,33," 96,915 "," 38,570 "," 96,255 ", -   ," 37,910 ", -   ,,,,," 37,910 "," 37,910 ", -   ,,," 549,753 "," 235,608 "," 65,970 "," 7,068 "," 615,723 "," 242,677 "," 858,400 ", -   
,1216,B3,,Anahí Cisneros,Alan Gonzalez Choc,18/07/25,4.Plan de pagos," 1,126,261.82 "," 112,626.18 ", -   , -   , -   , -   , -   , -   , -   , -   , -   , -   , -   , -   , -   , -   , -   , -   , -   , -   , -   , -   , -   , -   , -   , -   , -   , -   ,,," 519,578.08 ", -   ," 60,547.00 "," 31,100.00 "," 31,100.00 ",," 62,200.00 "," 704,525.08 ",626%,"591,898.90 ",526%," 421,736.74 ",37.45%," 112,626.18 ",Vendido,Cliente Atrasado,11,1,12," 519,578.07 "," 32,100.00 ",4,6," 712,178 "," 62,200 "," 642,325 ", -   , -   ," 7,653 ",1,,,,"-7,653 ","-7,653 ", -   ,,," 721,302 "," 309,130 "," 86,556 "," 9,274 "," 807,858 "," 318,403 "," 1,126,262 ", 0 
,1217,D4,,Antonio Rada,Irene Noemy Santisteban Chiguil,9/04/24,4.Plan de pagos," 1,253,700.00 "," 125,400.00 ", -   , -   , -   , -   , -   , -   , -   , -   , -   , -   , -   , -   , -   ," 8,000.00 "," 6,904.00 "," 6,904.00 "," 6,904.00 "," 6,904.00 "," 6,904.00 "," 6,904.00 "," 6,904.00 "," 6,904.00 "," 6,904.00 "," 6,904.00 "," 6,904.00 "," 6,904.00 "," 6,904.00 "," 6,904.00 "," 6,904.00 "," 6,904.00 "," 6,936.00 ", -   , -   ,,," 125,400.00 ",100%,0.00 ,0%," 1,128,300.00 ",90.00%," 125,400.00 ",Vendido,Cliente Atrasado,17,1,18," 8,000.00 "," 6,904.00 ",17,21," 152,984 "," 110,464 "," 14,936 ", -   , -   ," 27,584 ",4,,,,"-27,584 ","-27,584 ", -   ,,," 802,919 "," 344,108 "," 96,350 "," 10,323 "," 899,269 "," 354,431 "," 1,253,700 ", -   
,1218,D1,,Diana Alvarez,Hector Ricardo Echeverria  Mendez,18/11/24,4.Plan de pagos," 1,350,925.53 "," 135,092.55 ", -   , -   , -   , -   , -   , -   , -   , -   , -   , -   , -   , -   , -   , -   , -   , -   , -   , -   , -   , -   ," 10,000.00 ", -   , -   , -   ," 34,750.00 ", -   ," 6,950.00 "," 6,950.00 "," 6,950.00 "," 6,950.00 "," 6,950.00 ", -   ," 6,950.00 "," 6,950.00 ",," 93,400.00 ",69%,"-41,692.55 ",-31%," 1,257,525.53 ",93.09%," 135,092.55 ",Vendido,Cliente Atrasado,18,1,19," 10,000.00 "," 6,950.00 ",7,14," 107,300 "," 48,650 "," 44,750 ", -   , -   ," 13,900 ",2,,,,"-13,900 ","-13,900 ", -   ,,," 865,186 "," 370,794 "," 103,822 "," 11,124 "," 969,008 "," 381,918 "," 1,350,926 ",-0 
,1301,D4,,Antonio Rada,Raul Eliazar Lemus Garza,13/06/24,4.Plan de pagos," 1,253,700.00 "," 125,400.00 ", -   , -   , -   , -   , -   , -   , -   , -   , -   , -   , -   , -   , -   , -   , -   ," 10,000.00 "," 6,411.00 "," 6,411.00 "," 6,411.00 "," 6,411.00 "," 6,411.00 "," 6,411.00 "," 6,411.00 "," 6,411.00 "," 6,411.00 "," 6,411.00 "," 6,411.00 "," 6,411.00 "," 6,411.00 "," 6,411.00 "," 6,411.00 "," 6,411.00 "," 6,411.00 "," 6,413.00 ",," 125,400.00 ",100%,0.00 ,0%," 1,128,300.00 ",90.00%," 125,400.00 ",Vendido,Cliente Atrasado,18,1,19," 10,000.00 "," 6,411.00 ",18,19," 131,809 "," 108,987 "," 16,413 ", -   , -   ," 6,409 ",1,,,,"-6,409 ","-6,409 ", -   ,,," 802,919 "," 344,108 "," 96,350 "," 10,323 "," 899,269 "," 354,431 "," 1,253,700 ", -   
,1302,D1,,Antonio Rada,Rodolfo Godoy Lemus,13/11/24,4.Plan de pagos," 1,350,925.53 "," 135,125.53 ", -   , -   , -   , -   , -   , -   , -   , -   , -   , -   , -   , -   , -   , -   , -   , -   , -   , -   , -   , -   ," 10,000.00 ", -   , -   ," 6,951.00 "," 6,950.00 ", -   ," 41,706.00 ",," 6,951.00 ", -   ," 6,951.00 "," 13,902.00 "," 6,951.00 ",," 6,951.00 "," 107,313.00 ",79%,"-27,812.53 ",-21%," 1,243,612.53 ",92.06%," 135,125.53 ",Vendido,Cliente Atrasado,18,1,19," 10,000.00 "," 6,951.00 ",6,14," 107,314 "," 41,705 "," 65,608 ", -   , -   , 1 ,1,,,,-1 ,-1 , -   ,,," 865,186 "," 370,794 "," 103,822 "," 11,124 "," 969,008 "," 381,918 "," 1,350,926 ",-0 
,1303,B4,,Antonio Rada,Ricardo Fernando Linares Perez,6/08/23,4.Plan de pagos," 901,400.00 "," 90,200.00 ", -   , -   , -   , -   , -   ," 6,000.00 "," 3,368.00 "," 3,368.00 "," 3,368.00 "," 3,368.00 "," 3,368.00 "," 3,368.00 "," 3,368.00 "," 3,368.00 "," 3,368.00 "," 3,368.00 "," 3,368.00 "," 3,368.00 "," 3,368.00 "," 3,368.00 "," 3,368.00 "," 3,368.00 "," 3,368.00 "," 3,368.00 "," 3,368.00 "," 3,368.00 "," 3,368.00 ",," 6,736.00 "," 3,368.00 "," 3,368.00 ", -   , -   ,,," 90,200.00 ",100%,0.00 ,0%," 811,200.00 ",89.99%," 90,200.00 ",Vendido,Cliente Atrasado,25,1,26," 6,000.00 "," 3,368.00 ",23,29," 103,672 "," 77,464 "," 12,736 ", -   , -   ," 13,472 ",4,,,,"-13,472 ","-13,472 ", -   ,,," 577,292 "," 247,411 "," 69,275 "," 7,422 "," 646,567 "," 254,833 "," 901,400 ", -   
,1304,B3,,Antonio Rada,Shirley Hilene Recinos,24/10/23,4.Plan de pagos," 879,281.06 "," 87,981.06 ", -   , -   , -   , -   , -   , -   , -   ," 4,000.00 "," 3,651.00 "," 3,651.00 "," 3,651.00 "," 3,651.00 ", -   ," 7,302.00 ", -   ," 3,651.00 "," 7,302.00 "," 3,651.00 "," 3,651.00 "," 3,651.00 "," 3,651.00 "," 3,651.00 ", -   ," 7,302.00 "," 3,651.00 "," 3,651.00 "," 3,651.00 "," 3,651.00 "," 3,651.00 "," 3,651.00 "," 3,659.06 ", -   , -   ,,," 87,981.06 ",100%,0.00 ,0%," 791,300.00 ",89.99%," 87,981.06 ",Vendido,Cliente Atrasado,23,1,24," 4,000.00 "," 3,651.00 ",17,27," 102,577 "," 58,416 "," 29,565 ", -   , -   ," 14,596 ",4,,,,"-14,596 ","-14,596 ", -   ,,," 563,126 "," 241,340 "," 67,575 "," 7,240 "," 630,701 "," 248,580 "," 879,281 ",-0 
,1305,A6,,Antonio Rada,Jose Salvador Franco Rosales,2/05/25,4.Plan de pagos," 663,200.00 "," 66,400.00 ", -   , -   , -   , -   , -   , -   , -   , -   , -   , -   , -   , -   , -   , -   , -   , -   , -   , -   , -   , -   , -   , -   , -   , -   , -   , -   ," 10,000.00 "," 5,617.00 "," 5,617.00 "," 5,617.00 "," 5,617.00 "," 5,617.00 "," 5,617.00 "," 5,617.00 "," 5,617.00 "," 54,936.00 ",83%,"-11,464.00 ",-17%," 608,264.00 ",91.72%," 66,400.00 ",Vendido,Cliente al día,12,1,13," 10,000.00 "," 4,700.00 ",8,8," 47,600 ", -   ," 54,936 ", -   ," 7,336 ", -   ,,,,," 7,336 "," 7,336 ", -   ,,," 424,739 "," 182,031 "," 50,969 "," 5,461 "," 475,708 "," 187,492 "," 663,200 ", -   
,1306,A4,,Brenda Búcaro, Barbara Elizabeth Barrientos Valenzuela,8/05/23,4.Plan de pagos," 697,500.00 "," 69,800.00 ", -   , -   ," 6,000.00 "," 2,250.00 "," 2,250.00 "," 2,250.00 "," 2,250.00 ", -   ," 2,250.00 "," 2,250.00 "," 2,250.00 "," 2,250.00 "," 2,250.00 "," 2,250.00 "," 4,500.00 ", -   ," 2,250.00 "," 2,250.00 "," 2,250.00 "," 2,250.00 "," 2,250.00 "," 2,250.00 "," 2,250.00 "," 4,500.00 "," 2,250.00 "," 2,250.00 "," 2,250.00 ", -   ," 4,500.00 ", -   ," 2,500.00 ", -   , -   ," 15,534.00 ",," 82,534.00 ",118%,"12,734.00 ",18%," 614,966.00 ",88.17%," 69,800.00 ",Vendido,Superávit de Enganche,28,1,29," 6,000.00 "," 2,250.00 ",24,32," 78,000 "," 45,000 "," 37,534 ", -   ," 4,534 ", -   ,,,,," 4,534 "," 4,534 ", -   ,,," 446,706 "," 191,446 "," 53,605 "," 5,743 "," 500,311 "," 197,189 "," 697,500 ", -   
 F&F ,1307,A12,,Jose Franco,Fernando José Franco Jiménez,31/03/23,4.Plan de pagos," 678,932.00 "," 67,932.00 "," 6,000.00 ", -   , -   , -   , -   , -   , -   , -   ," 2,800.00 ", -   , -   , -   , -   , -   , -   , -   , -   , -   , -   , -   , -   , -   , -   , -   , -   , -   ,,,, -   , -   , -   , -   ,,," 8,800.00 ",13%,"-59,132.00 ",-87%," 670,132.00 ",98.70%," 67,932.00 ",Vendido,Cliente Atrasado,3,1,4," 6,000.00 "," 20,644.00 ",1,33," 687,252 "," 8,800 ", -   , -   , -   ," 678,452 ",,F&F,,,"-678,452 ","-678,452 ", -   ,,," 434,815 "," 186,349 "," 52,178 "," 5,590 "," 486,992 "," 191,940 "," 678,932 ", -   
,1308,C6,,Antonio Rada,Gerson Alexander Urias Marquez,31/10/23,4.Plan de pagos," 1,183,693.00 "," 118,393.00 ", -   , -   , -   , -   , -   , -   , -   ," 8,000.00 "," 4,800.00 "," 4,800.00 "," 4,800.00 "," 4,800.00 "," 4,800.00 "," 4,800.00 "," 4,800.00 "," 4,800.00 "," 4,800.00 "," 4,800.00 "," 4,800.00 "," 4,800.00 "," 4,800.00 ", -   ," 9,600.00 "," 4,800.00 "," 4,800.00 "," 4,800.00 "," 4,800.00 "," 4,800.00 "," 4,800.00 "," 4,800.00 "," 4,800.00 ", -   , -   ,,," 118,400.00 ",100%,7.00 ,0%," 1,065,293.00 ",90.00%," 118,393.00 ",Vendido,Cliente Atrasado,23,1,24," 8,000.00 "," 4,800.00 ",21,26," 132,800 "," 100,800 "," 17,600 ", -   , -   ," 14,400 ",3,,,,"-14,400 ","-14,400 ", -   ,,," 758,083 "," 324,893 "," 90,970 "," 9,747 "," 849,053 "," 334,640 "," 1,183,693 ", -   
,1309,C5,,,,,1.Disponible," 1,603,000.00 "," 112,300.00 ", -   , -   , -   , -   , -   , -   , -   , -   , -   , -   , -   , -   , -   , -   , -   , -   , -   , -   , -   , -   , -   , -   , -   , -   , -   , -   ,,,, -   , -   , -   , -   ,,, -   ,0%,0.00 ,0%," 1,603,000.00 ",100.00%, -   ,Disponible,Disponible,,,,,,,, -   , -   , -   , -   , -   , -   ,,,,, -   , -   , -   ,,," 1,026,624 "," 439,982 "," 123,195 "," 13,199 "," 1,149,819 "," 453,181 "," 1,603,000 ", -   
,1310,C6,,Jose Franco, Raúl Cabrera Galindo,27/03/23,4.Plan de pagos," 1,166,200.00 "," 111,100.00 "," 6,000.00 "," 3,000.00 "," 3,000.00 "," 3,000.00 "," 3,000.00 "," 3,000.00 "," 3,000.00 "," 3,000.00 "," 3,000.00 "," 3,000.00 "," 3,000.00 "," 3,000.00 "," 3,000.00 "," 3,000.00 "," 3,000.00 "," 3,000.00 "," 3,000.00 "," 3,000.00 "," 3,000.00 "," 3,000.00 "," 3,000.00 "," 3,000.00 "," 3,000.00 "," 3,000.00 "," 3,000.00 "," 3,000.00 "," 3,000.00 ",," 6,000.00 "," 3,000.00 "," 3,000.00 "," 3,000.00 "," 3,000.00 "," 3,000.00 "," 3,000.00 "," 108,000.00 ",97%,"-3,100.00 ",-3%," 1,058,200.00 ",90.74%," 111,100.00 ",Vendido,Cliente al día,35,1,36," 6,000.00 "," 3,000.00 ",32,33," 105,000 "," 96,000 "," 12,000 ", -   ," 3,000 ", -   ,,,,," 3,000 "," 3,000 ", -   ,,," 746,880 "," 320,091 "," 89,626 "," 9,603 "," 836,506 "," 329,694 "," 1,166,200 ", -   
,1311,C5,,Antonio Rada,Luis Gabriel Garrido Blanco,3/10/23,4.Plan de pagos," 1,022,010.00 "," 102,201.00 ", -   , -   , -   , -   , -   , -   , -   ," 8,000.00 "," 4,096.00 "," 4,096.00 "," 4,096.00 "," 4,096.00 ", -   ," 8,192.00 "," 4,096.00 "," 4,096.00 ", -   ," 8,192.00 ", -   ," 8,192.00 "," 4,096.00 "," 4,096.00 ", -   ," 8,192.00 ", -   ," 8,192.00 "," 4,096.00 ",," 4,096.00 "," 4,096.00 "," 4,096.00 "," 8,192.00 ", -   ,," 8,192.00 "," 114,496.00 ",112%,"12,295.00 ",12%," 907,514.00 ",88.80%," 102,201.00 ",Vendido,Cliente Atrasado,23,1,24," 8,000.00 "," 4,096.00 ",12,27," 118,592 "," 49,152 "," 65,344 ", -   , -   ," 4,096 ",1,,,,"-4,096 ","-4,096 ", -   ,,," 654,535 "," 280,515 "," 78,544 "," 8,415 "," 733,079 "," 288,931 "," 1,022,010 ", -   
,1312,A8,,Brenda Búcaro,Arturo Alfredo Monzón López,18/04/23,4.Plan de pagos," 703,500.00 "," 66,700.00 ", -   ," 6,000.00 "," 2,000.00 "," 2,000.00 "," 2,000.00 "," 2,000.00 "," 2,000.00 "," 2,000.00 ", -   , -   , -   ," 2,000.00 ", -   ," 2,000.00 "," 2,000.00 "," 4,000.00 "," 6,000.00 "," 2,000.00 "," 2,000.00 "," 2,000.00 "," 2,000.00 "," 2,000.00 "," 4,000.00 "," 2,000.00 "," 2,000.00 ", -   ," 2,000.00 "," 2,000.00 ",," 2,000.00 "," 2,000.00 ", -   ," 2,000.00 "," 4,000.00 ",," 66,000.00 ",99%,-700.00 ,-1%," 637,500.00 ",90.62%," 66,700.00 ",Vendido,Cliente Atrasado,29,1,30," 6,000.00 "," 2,000.00 ",24,33," 72,000 "," 42,000 "," 24,000 ", -   , -   ," 6,000 ",3,,,,"-6,000 ","-6,000 ", -   ,,," 450,549 "," 193,092 "," 54,066 "," 5,793 "," 504,615 "," 198,885 "," 703,500 ", -   
,1313,A2,,Jose Franco,"Marcas & Secretos, S.A.",5/04/23,4.Plan de pagos," 645,649.00 "," 64,639.00 ", -   ," 6,000.00 "," 2,000.00 "," 2,000.00 "," 2,000.00 "," 2,000.00 "," 2,000.00 "," 2,000.00 "," 2,000.00 "," 2,000.00 "," 2,000.00 "," 2,000.00 "," 2,000.00 "," 2,000.00 "," 2,000.00 "," 2,000.00 "," 2,000.00 ", -   ," 4,000.00 "," 2,000.00 "," 2,000.00 "," 2,000.00 ", -   ," 4,000.00 "," 2,000.00 "," 2,000.00 "," 2,000.00 "," 2,000.00 "," 2,000.00 "," 2,000.00 "," 2,639.00 ", -   , -   ,,," 64,639.00 ",100%,0.00 ,0%," 581,010.00 ",89.99%," 64,639.00 ",Vendido,Cliente Atrasado,29,1,30," 6,000.00 "," 2,000.00 ",27,33," 72,000 "," 48,000 "," 16,639 ", -   , -   ," 7,361 ",4,,,,"-7,361 ","-7,361 ", -   ,,," 413,499 "," 177,214 "," 49,620 "," 5,316 "," 463,119 "," 182,530 "," 645,649 ", -   
,1314,A11,,Brenda Búcaro,Sidney Alexander Osorio Montufar,20/03/23,4.Plan de pagos," 715,600.00 "," 71,600.00 "," 6,000.00 "," 1,300.00 "," 1,300.00 "," 1,300.00 "," 1,300.00 "," 1,300.00 "," 1,300.00 "," 1,300.00 "," 1,300.00 "," 1,300.00 "," 1,300.00 "," 1,300.00 "," 1,300.00 "," 1,300.00 "," 1,300.00 "," 1,300.00 "," 1,300.00 "," 1,300.00 "," 1,300.00 "," 1,300.00 "," 1,300.00 "," 1,300.00 "," 1,300.00 "," 1,300.00 "," 1,300.00 "," 1,300.00 "," 1,300.00 "," 1,300.00 "," 1,300.00 "," 1,300.00 "," 1,300.00 "," 1,300.00 "," 1,300.00 "," 1,300.00 "," 1,300.00 "," 50,200.00 ",70%,"-21,400.00 ",-30%," 665,400.00 ",92.98%," 71,600.00 ",Vendido,Cliente al día,35,1,36," 6,000.00 "," 1,300.00 ",34,34," 50,200 "," 44,200 "," 6,000 ", -   , -   , -   ,,,,, -   , -   , -   ,,," 458,298 "," 196,414 "," 54,996 "," 5,892 "," 513,294 "," 202,306 "," 715,600 ", -   
,1315,B4,,Anahí Cisneros,Alan Gonzalez Choc,18/07/25,4.Plan de pagos," 1,072,218.70 "," 107,221.87 ", -   , -   , -   , -   , -   , -   , -   , -   , -   , -   , -   , -   , -   , -   , -   , -   , -   , -   , -   , -   , -   , -   , -   , -   , -   , -   ,,," 536,136.99 ", -   ," 32,100.00 "," 32,100.00 "," 32,100.00 ",," 64,200.00 "," 696,636.99 ",650%,"589,415.12 ",550%," 375,581.71 ",35.03%," 107,221.87 ",Vendido,Cliente Atrasado,11,1,12," 536,136.98 "," 32,100.00 ",4,6," 728,737 "," 96,300 "," 600,337 ", -   , -   ," 32,100 ",1,,,,"-32,100 ","-32,100 ", -   ,,," 686,691 "," 294,296 "," 82,403 "," 8,829 "," 769,094 "," 303,125 "," 1,072,219 ", 0 
,1316,B3,,Antonio Rada,Juan Ernesto Vossberg Ordoñez / Sumilab,2/11/23,4.Plan de pagos," 879,281.06 "," 87,981.06 ", -   , -   , -   , -   , -   , -   , -   , -   ," 8,000.00 "," 3,636.00 "," 3,636.00 "," 3,636.00 ", -   ," 7,272.00 ", -   , -   , -   ," 7,272.00 "," 14,544.00 "," 7,272.00 "," 7,272.00 ", -   , -   , -   ," 3,636.00 "," 3,636.00 "," 3,636.00 "," 3,636.00 "," 3,636.00 "," 3,636.00 ", -   , -   , -   ,,," 84,356.00 ",96%,"-3,625.06 ",-4%," 794,925.06 ",90.41%," 87,981.06 ",Vendido,Cliente Atrasado,22,1,23," 8,000.00 "," 3,636.00 ",13,26," 102,536 "," 32,724 "," 51,632 ", -   , -   ," 18,180 ",5,,,,"-18,180 ","-18,180 ", -   ,,," 563,126 "," 241,340 "," 67,575 "," 7,240 "," 630,701 "," 248,580 "," 879,281 ",-0 
,1317,D4,,Antonio Rada,Marcos David Boror Alpirez,21/08/24,4.Plan de pagos," 1,316,385.00 "," 131,685.00 ", -   , -   , -   , -   , -   , -   , -   , -   , -   , -   , -   , -   , -   , -   , -   , -   , -   ," 10,000.00 "," 7,602.00 "," 7,602.00 "," 7,602.00 "," 7,614.00 "," 7,605.00 "," 7,605.00 "," 7,605.00 "," 7,605.00 "," 7,605.00 "," 7,605.00 "," 7,605.00 "," 7,605.00 "," 7,605.00 "," 7,605.00 "," 7,605.00 "," 7,605.00 "," 7,605.00 "," 139,285.00 ",106%,"7,600.00 ",6%," 1,177,100.00 ",89.42%," 131,685.00 ",Vendido,Cliente Atrasado,16,1,17," 10,000.00 "," 7,605.00 ",17,17," 139,285 "," 121,671 "," 17,614 ", -   , -   , -   ,,,,, -   , -   , -   ,,," 843,065 "," 361,313 "," 101,168 "," 10,839 "," 944,232 "," 372,153 "," 1,316,385 ", -   
,1318,D1,,,Jose Alejandro Abalony Rojas,2/12/25,"2,Reserva"," 1,509,600.00 "," 105,700.00 ", -   , -   , -   , -   , -   , -   , -   , -   , -   , -   , -   , -   , -   , -   , -   , -   , -   , -   , -   , -   , -   , -   , -   , -   , -   , -   ,,,, -   , -   , -   , -   ," 105,672.00 "," 130,000.00 "," 235,672.00 ",223%,"129,972.00 ",123%," 1,273,928.00 ",84.39%," 105,700.00 ",Vendido,Superávit de Enganche,,,,,,,1, -   , -   , -   ," 235,672 "," 235,672 ", -   ,,,,," 235,672 "," 235,672 ", -   ,,," 966,807 "," 414,346 "," 116,017 "," 12,430 "," 1,082,824 "," 426,776 "," 1,509,600 ", -   
,1401,D12,,Brenda Búcaro,Fernando García Coronado,20/08/23,4.Plan de pagos," 1,172,500.00 "," 117,300.00 ", -   , -   , -   , -   , -   ," 6,000.00 "," 5,000.00 "," 5,000.00 "," 5,000.00 "," 5,000.00 "," 6,000.00 "," 5,000.00 "," 5,000.00 "," 5,000.00 "," 5,000.00 "," 5,000.00 "," 5,000.00 ", -   ," 7,000.00 "," 5,000.00 "," 10,000.00 "," 5,000.00 "," 5,000.00 "," 5,000.00 ", -   ," 10,000.00 "," 5,000.00 "," 5,000.00 ",," 10,000.00 ", -   , -   , -   ,,," 129,000.00 ",110%,"11,700.00 ",10%," 1,043,500.00 ",89.00%," 117,300.00 ",Vendido,Cliente Atrasado,22,1,23," 6,000.00 "," 5,000.00 ",16,29," 151,000 "," 80,000 "," 49,000 ", -   , -   ," 22,000 ",5,,,,"-22,000 ","-22,000 ", -   ,,," 750,915 "," 321,821 "," 90,110 "," 9,655 "," 841,025 "," 331,475 "," 1,172,500 ", -   
,1402,D13,,Antonio Rada,Marlen Fabiola Izaguirre Navas,7/10/24,4.Plan de pagos," 1,252,020.00 "," 125,220.00 ", -   , -   , -   , -   , -   , -   , -   , -   , -   , -   , -   , -   , -   , -   , -   , -   , -   , -   , -   ," 10,000.00 "," 8,230.00 "," 8,230.00 "," 8,230.00 "," 8,230.00 "," 8,230.00 "," 8,230.00 "," 8,230.00 "," 8,230.00 "," 8,230.00 "," 8,230.00 "," 8,230.00 "," 8,230.00 "," 8,230.00 "," 8,230.00 ",," 125,220.00 ",100%,0.00 ,0%," 1,126,800.00 ",90.00%," 125,220.00 ",Vendido,Cliente Atrasado,14,1,15," 10,000.00 "," 8,230.00 ",14,15," 133,450 "," 115,220 "," 10,000 ", -   , -   ," 8,230 ",1,,,,"-8,230 ","-8,230 ", -   ,,," 801,843 "," 343,647 "," 96,221 "," 10,309 "," 898,064 "," 353,956 "," 1,252,020 ", 0 
 F&F ,1403,B6,,Antonio Rada,Maria Mercedes Lizarralde Mc Allister,27/03/23,4.Plan de pagos," 852,627.54 "," 85,327.54 "," 6,000.00 "," 2,266.00 "," 2,266.00 "," 2,266.00 "," 2,266.00 "," 2,266.00 "," 2,266.00 "," 2,266.00 "," 2,266.00 "," 2,266.00 "," 2,266.00 "," 2,266.00 ", -   , -   , -   , -   , -   , -   , -   , -   , -   , -   , -   , -   , -   , -   ,,,, -   , -   , -   , -   ,,," 30,926.00 ",36%,"-54,401.54 ",-64%," 821,701.54 ",96.37%," 85,327.54 ",Vendido,Cliente Atrasado,35,1,36," 6,000.00 "," 2,266.00 ",11,33," 80,778 "," 24,926 "," 6,000 ", -   , -   ," 49,852 ",,F&F,,,"-49,852 ","-49,852 ", -   ,,," 546,056 "," 234,024 "," 65,527 "," 7,021 "," 611,583 "," 241,045 "," 852,628 ", 0 
,1404,B1,,Jose Franco,Diego Eduardo Roman Hazard,27/03/23,4.Plan de pagos," 849,571.00 "," 169,971.00 "," 6,000.00 "," 4,600.00 "," 4,600.00 "," 4,600.00 "," 4,600.00 "," 4,600.00 "," 4,600.00 "," 4,600.00 "," 4,600.00 "," 4,600.00 "," 4,600.00 "," 4,600.00 "," 4,600.00 "," 4,600.00 "," 4,600.00 "," 4,600.00 "," 4,600.00 ", -   ," 9,200.00 "," 4,600.00 "," 4,600.00 "," 4,600.00 "," 4,600.00 "," 4,600.00 "," 4,600.00 "," 4,000.00 ",," 9,600.00 ",," 9,600.00 ", -   , -   , -   ,,," 139,600.00 ",82%,"-30,371.00 ",-18%," 709,971.00 ",83.57%," 169,971.00 ",Vendido,Cliente Atrasado,35,1,36," 6,000.00 "," 4,600.00 ",23,33," 157,800 "," 105,200 "," 34,400 ", -   , -   ," 18,200 ",4,,Revisado,,"-18,200 ","-18,200 ", -   ,,," 544,099 "," 233,185 "," 65,292 "," 6,996 "," 609,390 "," 240,181 "," 849,571 ", -   
,1405,E2,ENGANCHE CANCELADO,Antonio Rada,Victor Leonel Orozco Lopez,18/04/23,4.Plan de pagos," 1,301,000.00 "," 130,100.00 ", -   ," 6,000.00 "," 4,279.00 "," 4,279.00 "," 4,279.00 "," 4,279.00 "," 4,279.00 "," 4,279.00 "," 4,279.00 "," 4,279.00 "," 4,279.00 "," 4,279.00 "," 4,279.00 "," 4,279.00 "," 4,279.00 "," 4,279.00 "," 4,279.00 "," 4,279.00 "," 4,279.00 "," 4,279.00 "," 4,279.00 "," 4,279.00 "," 4,279.00 "," 4,279.00 "," 29,962.00 ", -   ,,,, -   , -   , -   , -   ,,," 130,100.00 ",100%,0.00 ,0%," 1,170,900.00 ",90.00%," 130,100.00 ",Vendido,Cliente Atrasado,29,1,30," 6,000.00 "," 4,279.00 ",22,33," 147,207 "," 94,138 "," 35,962 ", -   , -   ," 17,107 ",4, CE ,,,"-17,107 ","-17,107 ", -   ,,," 833,211 "," 357,091 "," 99,985 "," 10,713 "," 933,197 "," 367,803 "," 1,301,000 ", 0 
,1406,A2,,Jose Franco, Jonatan Hans Donis Montenegro,27/03/23,4.Plan de pagos," 651,600.00 "," 65,200.00 "," 6,000.00 "," 1,690.00 "," 1,690.00 "," 1,690.00 "," 1,690.00 "," 1,690.00 "," 1,690.00 "," 1,690.00 "," 1,690.00 "," 1,690.00 "," 1,690.00 "," 1,690.00 "," 1,690.00 "," 1,690.00 "," 1,690.00 "," 1,690.00 "," 1,690.00 "," 1,690.00 "," 1,690.00 "," 1,690.00 "," 1,690.00 "," 1,690.00 "," 1,690.00 "," 1,690.00 "," 1,690.00 "," 1,690.00 "," 1,690.00 "," 1,690.00 "," 1,690.00 "," 1,690.00 "," 1,690.00 "," 1,690.00 ", -   ," 1,690.00 ",," 60,080.00 ",92%,"-5,120.00 ",-8%," 591,520.00 ",90.78%," 65,200.00 ",Vendido,Cliente Atrasado,35,1,36," 6,000.00 "," 1,690.00 ",32,33," 61,770 "," 54,080 "," 6,000 ", -   , -   ," 1,690 ",1,,,,"-1,690 ","-1,690 ", -   ,,," 417,310 "," 178,847 "," 50,077 "," 5,365 "," 467,387 "," 184,213 "," 651,600 ", 0 
 F&F ,1407,B5,,Ronaldo,José Herrera Pérez,14/02/24,4.Plan de pagos," 1,074,100.00 "," 107,410.00 ", -   , -   , -   , -   , -   , -   , -   , -   , -   , -   , -   ," 6,000.00 "," 5,337.00 "," 32,022.00 ", -   , -   , -   , -   ," 5,337.00 ", -   ," 10,674.00 ", -   ," 5,337.00 "," 5,337.00 "," 10,674.00 ", -   ," 5,337.00 ",," 16,011.00 ", -   ," 5,344.00 ", -   , -   ,,," 107,410.00 ",100%,0.00 ,0%," 966,690.00 ",90.00%," 107,410.00 ",Vendido,Enganche Completado,25,1,26," 6,000.00 "," 4,056.00 ",6,23," 99,288 ", -   ," 107,410 ", -   ," 8,122 ", -   ,,F&F,,," 8,122 "," 8,122 ", -   ,,," 687,896 "," 294,812 "," 82,547 "," 8,844 "," 770,443 "," 303,657 "," 1,074,100 ",-0 
,1408,B8,,Erwin Cardona,GUILLERMO ALFREDO SAENZ DE TEJADA VILLEDA,5/01/26,2.Reserva," 1,434,900.00 "," 100,400.00 ", -   , -   , -   , -   , -   , -   , -   , -   , -   , -   , -   , -   , -   , -   , -   , -   , -   , -   , -   , -   , -   , -   , -   , -   , -   , -   ,,,, -   , -   , -   , -   ,," 9,489.29 "," 9,489.29 ",9%,"-90,910.71 ",-91%," 1,425,410.71 ",99.34%," 100,400.00 ",Vendido,Cliente al día,,,,,,,, -   , -   , -   ," 9,489 "," 9,489 ", -   ,,,,," 9,489 "," 9,489 ", -   ,,," 918,966 "," 393,843 "," 110,276 "," 11,815 "," 1,029,242 "," 405,658 "," 1,434,900 ", 0 
 F&F ,1409,B4,,Ronaldo,"International Coffee Industry, S.A",9/01/24,4.Plan de pagos," 858,400.00 "," 85,840.00 ", -   , -   , -   , -   , -   , -   , -   , -   , -   , -   , -   , -   , -   , -   , -   , -   , -   , -   , -   , -   , -   , -   , -   , -   , -   , -   ,,,, -   , -   , -   , -   ,,, -   ,0%,"-85,840.00 ",-100%," 858,400.00 ",100.00%," 85,840.00 ",Vendido,Cliente Atrasado,25,1,26," 6,000.00 "," 3,194.00 ",,24," 82,656 ", -   , -   , -   , -   ," 82,656 ",,F&F,,,"-82,656 ","-82,656 ", -   ,,," 549,753 "," 235,608 "," 65,970 "," 7,068 "," 615,723 "," 242,677 "," 858,400 ", -   
,1410,B3,Plan de pagos especiales,Antonio Rada,Selvin Ramiro Gamez Perez,5/02/24,4.Plan de pagos," 887,400.00 "," 88,800.00 ", -   , -   , -   , -   , -   , -   , -   , -   , -   , -   , -   ," 8,000.00 ", -   , -   ," 5,000.00 ", -   ," 5,000.00 "," 5,000.00 "," 5,000.00 ", -   ," 5,000.00 "," 5,000.00 "," 5,000.00 ", -   ," 5,000.00 "," 5,000.00 "," 10,000.00 "," 5,000.00 "," 5,000.00 ", -   , -   ," 10,000.00 "," 5,800.00 ",,," 88,800.00 ",100%,0.00 ,0%," 798,600.00 ",89.99%," 88,800.00 ",Vendido,Cliente Atrasado,19,1,20," 8,000.00 "," 4,253.00 ",12,23," 105,819 ", -   ," 88,800 ", -   , -   ," 17,019 ",5, CE ,"Nuevo plan de pago, cliente al día. Cuota mensual GTQ 5,000,00",,"-17,019 ","-17,019 ", -   ,,," 568,326 "," 243,568 "," 68,199 "," 7,307 "," 636,525 "," 250,875 "," 887,400 ", -   
,1411,E8,,Antonio Rada,Julio Cesar Morales Díaz,19/06/23,4.Plan de pagos," 1,382,700.00 "," 138,300.00 ", -   , -   , -   ," 6,000.00 "," 4,900.00 "," 4,900.00 "," 4,900.00 ", -   ," 9,800.00 ", -   ," 9,800.00 ", -   ," 4,900.00 "," 4,900.00 "," 9,800.00 ", -   ," 4,900.00 "," 9,800.00 ", -   ," 4,900.00 "," 4,900.00 "," 4,900.00 "," 4,900.00 "," 4,900.00 "," 4,900.00 "," 4,900.00 "," 9,800.00 "," 4,900.00 "," 4,900.00 "," 4,900.00 "," 4,900.00 ", -   , -   ,,," 138,300.00 ",100%,0.00 ,0%," 1,244,400.00 ",90.00%," 138,300.00 ",Vendido,Cliente Atrasado,27,1,28," 6,000.00 "," 4,900.00 ",17,31," 157,900 "," 83,300 "," 55,000 ", -   , -   ," 19,600 ",4,,,,"-19,600 ","-19,600 ", -   ,,," 885,535 "," 379,515 "," 106,264 "," 11,385 "," 991,799 "," 390,901 "," 1,382,700 ", -   
,1412,A4,,Brenda Búcaro,Javier Andrés Soto Coronado,28/04/23,4.Plan de pagos," 661,100.00 "," 66,200.00 ", -   ," 6,000.00 "," 1,750.00 "," 1,750.00 "," 1,750.00 "," 1,750.00 "," 1,750.00 "," 1,750.00 "," 1,750.00 "," 1,750.00 "," 1,750.00 "," 1,750.00 "," 1,750.00 "," 1,750.00 "," 1,750.00 "," 1,750.00 "," 1,750.00 "," 1,750.00 "," 1,750.00 "," 1,750.00 "," 1,750.00 "," 1,750.00 ", -   ," 3,500.00 "," 1,750.00 "," 1,750.00 "," 1,750.00 "," 1,750.00 "," 1,750.00 "," 1,750.00 "," 1,750.00 ", -   ," 1,750.00 ",,," 58,500.00 ",88%,"-7,700.00 ",-12%," 602,600.00 ",91.15%," 66,200.00 ",Vendido,Cliente Atrasado,34,1,35," 6,000.00 "," 1,750.00 ",29,32," 62,000 "," 49,000 "," 9,500 ", -   , -   ," 3,500 ",2,,,,"-3,500 ","-3,500 ", -   ,,," 423,394 "," 181,455 "," 50,807 "," 5,444 "," 474,202 "," 186,898 "," 661,100 ", -   
,1501,D3,,Erwin Cardona,Corporacion G&G Sociedad Anonima,26/11/25,2. Reserva," 1,580,900.00 "," 158,090.00 ", -   , -   , -   , -   , -   , -   , -   , -   , -   , -   , -   , -   , -   , -   , -   , -   , -   , -   , -   , -   , -   , -   , -   , -   , -   ,,,,, -   , -   , -   ," 10,000.00 "," 21,200.00 ",," 31,200.00 ",20%,"-126,890.00 ",-80%," 1,549,700.00 ",98.03%," 158,090.00 ",Vendido,Cliente al día,,,,,,,2, -   , -   , -   ," 31,200 "," 31,200 ", -   ,,,,," 31,200 "," 31,200 ", -   ,,," 1,012,470 "," 433,916 "," 121,496 "," 13,017 "," 1,133,967 "," 446,933 "," 1,580,900 ", -   
,1502,D2,,Sofia Paredes,Edgar Benjamín Ramírez Masaya Y Leslie María Ivonne Pivaral Gudiel,13/10/24,4.Plan de pagos," 1,333,525.23 "," 131,660.00 ", -   , -   , -   , -   , -   , -   , -   , -   , -   , -   , -   , -   , -   , -   , -   , -   , -   , -   , -   ," 10,000.00 "," 8,690.00 "," 8,690.00 "," 8,690.00 "," 8,690.00 "," 8,690.00 "," 8,690.00 "," 8,690.00 "," 8,690.00 "," 8,690.00 "," 8,690.00 "," 8,690.00 "," 8,690.00 "," 8,690.00 "," 8,690.00 ",," 131,660.00 ",100%,0.00 ,0%," 1,201,865.23 ",90.13%," 131,660.00 ",Vendido,Cliente Atrasado,14,1,15," 10,000.00 "," 8,690.00 ",14,15," 140,350 "," 121,660 "," 10,000 ", -   , -   ," 8,690 ",1,,,,"-8,690 ","-8,690 ", -   ,,," 854,042 "," 366,018 "," 102,485 "," 10,981 "," 956,527 "," 376,998 "," 1,333,525 ",-0 
 F&F ,1503,B6,,Brenda Búcaro,Emilia Aracely Larrazabal Melgar,31/03/23,4.Plan de pagos," 852,627.54 "," 85,227.54 "," 6,000.00 "," 1,000.00 "," 1,000.00 "," 1,000.00 "," 1,000.00 "," 1,000.00 "," 1,000.00 "," 1,000.00 "," 1,000.00 ", -   ," 2,000.00 "," 1,000.00 ", -   , -   , -   , -   ," 6,000.00 ", -   , -   , -   , -   , -   , -   , -   , -   , -   ,,,, -   , -   , -   , -   ,,," 23,000.00 ",27%,"-62,227.54 ",-73%," 829,627.54 ",97.30%," 85,227.54 ",Vendido,Cliente Atrasado,35,1,36," 6,000.00 "," 1,000.00 ",10,33," 39,000 "," 9,000 "," 14,000 ", -   , -   ," 16,000 ",,F&F,,,"-16,000 ","-16,000 ", -   ,,," 546,056 "," 234,024 "," 65,527 "," 7,021 "," 611,583 "," 241,045 "," 852,628 ", 0 
,1504,B1,,Jose Franco,Berta Eugenia Morales López,22/05/23,4.Plan de pagos," 883,300.00 "," 88,800.00 ", -   , -   ," 6,000.00 ", -   ," 1,000.00 "," 1,000.00 "," 1,000.00 "," 1,000.00 "," 1,000.00 "," 1,000.00 "," 1,000.00 "," 1,000.00 "," 1,000.00 "," 1,000.00 "," 1,000.00 "," 1,000.00 "," 1,000.00 "," 1,000.00 "," 1,000.00 "," 1,000.00 "," 1,000.00 "," 1,000.00 "," 1,000.00 "," 1,000.00 "," 1,000.00 "," 1,000.00 "," 1,000.00 "," 1,000.00 "," 1,000.00 "," 1,000.00 "," 1,000.00 "," 1,000.00 "," 1,000.00 "," 1,000.00 "," 1,000.00 "," 37,000.00 ",42%,"-51,800.00 ",-58%," 846,300.00 ",95.81%," 88,800.00 ",Vendido,Cliente Atrasado,28,1,29," 6,000.00 "," 1,000.00 ",31,32," 38,000 "," 31,000 "," 6,000 ", -   , -   ," 1,000 ",1,,,,"-1,000 ","-1,000 ", -   ,,," 565,700 "," 242,443 "," 67,884 "," 7,273 "," 633,584 "," 249,716 "," 883,300 ", -   
,1505,D7,,Antonio Rada,Daniel Alvarez Alvarez,18/07/24,4.Plan de pagos," 1,277,800.00 "," 127,800.00 ", -   , -   , -   , -   , -   , -   , -   , -   , -   , -   , -   , -   , -   , -   , -   , -   ," 10,000.00 "," 6,929.00 "," 6,929.00 "," 6,929.00 "," 6,929.00 "," 6,929.00 "," 6,929.00 "," 6,929.00 "," 6,929.00 "," 6,929.00 "," 6,929.00 "," 6,929.00 "," 6,929.00 "," 6,929.00 "," 6,929.00 "," 6,929.00 "," 6,929.00 "," 6,929.00 "," 6,929.00 "," 134,722.00 ",105%,"6,922.00 ",5%," 1,143,078.00 ",89.46%," 127,800.00 ",Vendido,Cliente Atrasado,17,1,18," 10,000.00 "," 6,929.00 ",18,18," 134,722 "," 124,722 "," 10,000 ", -   , -   , -   ,,,,, -   , -   , -   ,,," 818,353 "," 350,723 "," 98,202 "," 10,522 "," 916,556 "," 361,244 "," 1,277,800 ", -   
,1506,A9,,,,,1.Disponible," 1,225,600.00 "," 85,800.00 ", -   , -   , -   , -   , -   , -   , -   , -   , -   , -   , -   , -   , -   , -   , -   , -   , -   , -   , -   , -   , -   , -   , -   , -   , -   , -   ,,,, -   , -   , -   , -   ,,, -   ,0%,0.00 ,0%," 1,225,600.00 ",100.00%, -   ,Disponible,Disponible,,,,,,,, -   , -   , -   , -   , -   , -   ,,,,, -   , -   , -   ,,," 784,922 "," 336,395 "," 94,191 "," 10,092 "," 879,113 "," 346,487 "," 1,225,600 ", -   
 F&F ,1507,C9,,Jose Franco,Gabriel Arimany Monzón,28/03/23,4.Plan de pagos," 1,141,461.03 "," 114,161.00 "," 6,000.00 "," 3,075.00 "," 3,075.00 "," 3,075.00 "," 3,075.00 "," 3,075.00 "," 3,075.00 "," 3,075.00 "," 3,075.00 "," 3,075.00 "," 3,075.00 "," 3,075.00 "," 3,075.00 "," 3,075.00 "," 3,075.00 "," 3,075.00 "," 3,075.00 "," 3,075.00 "," 3,075.00 "," 3,075.00 "," 3,075.00 "," 3,075.00 "," 3,075.00 "," 3,075.00 "," 3,075.00 "," 3,075.00 "," 3,075.00 "," 3,075.00 "," 3,075.00 "," 3,075.00 "," 3,075.00 "," 3,075.00 "," 3,075.00 "," 3,075.00 "," 3,075.00 "," 110,550.00 ",97%,"-3,611.00 ",-3%," 1,030,911.03 ",90.32%," 114,161.00 ",Vendido,Cliente al día,35,1,36," 6,000.00 "," 3,075.00 ",34,33," 107,475 "," 104,550 "," 6,000 ", -   ," 3,075 ", -   ,,F&F,,," 3,075 "," 3,075 ", -   ,,," 731,036 "," 313,301 "," 87,724 "," 9,399 "," 818,761 "," 322,700 "," 1,141,461 ",-0 
 F&F ,1508,C8,,Jose Franco,María Carolina Arimany Comas,28/03/23,4.Plan de pagos," 1,141,560.00 "," 114,160.00 "," 6,000.00 ", -   , -   , -   , -   , -   , -   , -   , -   , -   , -   , -   , -   , -   , -   , -   , -   , -   , -   , -   , -   , -   , -   , -   , -   , -   ,,,, -   , -   , -   , -   ,,," 6,000.00 ",5%,"-108,160.00 ",-95%," 1,135,560.00 ",99.47%," 114,160.00 ",Vendido,Cliente Atrasado,35,1,36," 6,000.00 "," 3,100.00 ",,33," 108,300 ", -   ," 6,000 ", -   , -   ," 102,300 ",,F&F,,,"-102,300 ","-102,300 ", -   ,,," 731,100 "," 313,328 "," 87,732 "," 9,400 "," 818,832 "," 322,728 "," 1,141,560 ", -   
,1509,B4,,Anahí Cisneros,Alan Gonzalez Choc,18/07/25,4.Plan de pagos," 1,082,159.70 "," 108,215.97 ", -   , -   , -   , -   , -   , -   , -   , -   , -   , -   , -   , -   , -   , -   , -   , -   , -   , -   , -   , -   , -   , -   , -   , -   , -   , -   ,,," 541,277.04 ", -   ," 32,400.00 "," 32,400.00 "," 32,400.00 ",," 64,800.00 "," 703,277.04 ",650%,"595,061.07 ",550%," 378,882.66 ",35.01%," 108,215.97 ",Vendido,Cliente Atrasado,11,1,12," 541,277.03 "," 32,400.00 ",4,6," 735,677 "," 97,200 "," 606,077 ", -   , -   ," 32,400 ",1,,,,"-32,400 ","-32,400 ", -   ,,," 693,057 "," 297,025 "," 83,167 "," 8,911 "," 776,224 "," 305,935 "," 1,082,160 ", 0 
,1510,B3,,Brenda Búcaro,José Paúl Centeno Valdés,8/06/23,4.Plan de pagos," 887,400.00 "," 88,800.00 ", -   , -   , -   ," 6,000.00 "," 3,064.00 "," 3,064.00 "," 3,064.00 "," 3,064.00 "," 3,064.00 ", -   ," 6,128.00 "," 3,064.00 ", -   ," 6,128.00 "," 3,064.00 "," 3,064.00 "," 3,064.00 "," 3,064.00 "," 3,064.00 "," 3,064.00 "," 3,064.00 "," 3,064.00 "," 3,064.00 "," 3,064.00 "," 3,064.00 "," 3,064.00 "," 3,065.00 "," 3,064.00 "," 3,064.00 "," 3,064.00 ", 71.00 , -   , -   ,,," 85,736.00 ",97%,"-3,064.00 ",-3%," 801,664.00 ",90.34%," 88,800.00 ",Vendido,Cliente Atrasado,27,1,28," 6,000.00 "," 3,065.00 ",23,31," 101,015 "," 67,480 "," 18,256 ", -   , -   ," 15,279 ",5,,,,"-15,279 ","-15,279 ", -   ,,," 568,326 "," 243,568 "," 68,199 "," 7,307 "," 636,525 "," 250,875 "," 887,400 ", -   
,1511,E8,,Antonio Rada,Luis Fernando Velasquez León,17/08/23,4.Plan de pagos," 1,382,700.00 "," 138,300.00 ", -   , -   , -   , -   , -   , -   ," 11,292.00 ", -   ," 5,292.00 "," 5,292.00 "," 5,292.00 "," 5,292.00 ", -   ," 5,292.00 "," 10,584.00 ", -   ," 5,292.00 "," 10,584.00 ", -   ," 5,292.00 "," 10,584.00 ", -   ," 10,600.00 ", -   ," 5,300.00 ", -   ,," 15,900.00 "," 10,600.00 "," 5,300.00 "," 5,300.00 "," 5,300.00 ", -   ," 5,300.00 ",," 143,688.00 ",104%,"5,388.00 ",4%," 1,239,012.00 ",89.61%," 138,300.00 ",Vendido,Cliente Atrasado,25,1,26," 6,000.00 "," 5,292.00 ",12,29," 159,468 "," 37,044 "," 106,644 ", -   , -   ," 15,780 ",3,,Revisado,,"-15,780 ","-15,780 ", -   ,,," 885,535 "," 379,515 "," 106,264 "," 11,385 "," 991,799 "," 390,901 "," 1,382,700 ", -   
,1512,A10,,,,,1.Disponible," 1,215,700.00 "," 85,100.00 ", -   , -   , -   , -   , -   , -   , -   , -   , -   , -   , -   , -   , -   , -   , -   , -   , -   , -   , -   , -   , -   , -   , -   , -   , -   , -   ,,,, -   , -   , -   , -   ,,, -   ,0%,0.00 ,0%," 1,215,700.00 ",100.00%, -   ,Disponible,Disponible,,,,,,,, -   , -   , -   , -   , -   , -   ,,,Esta congelado,, -   , -   , -   ,,," 778,582 "," 333,678 "," 93,430 "," 10,010 "," 872,012 "," 343,688 "," 1,215,700 ", 0 
,1601,D3,,Brenda Búcaro,Fernando García Coronado,24/08/23,4.Plan de pagos," 1,255,283.90 "," 125,583.90 ", -   , -   , -   , -   , -   ," 6,000.00 "," 5,000.00 "," 5,000.00 "," 5,000.00 "," 5,000.00 "," 6,000.00 "," 5,000.00 "," 5,000.00 "," 5,000.00 "," 5,000.00 "," 5,000.00 "," 5,000.00 ", -   ," 7,000.00 "," 5,000.00 "," 10,000.00 "," 5,000.00 "," 5,000.00 "," 5,000.00 ", -   ," 10,000.00 "," 5,000.00 "," 5,000.00 ",," 10,000.00 ", -   , -   , -   ,,," 129,000.00 ",103%,"3,416.10 ",3%," 1,126,283.90 ",89.72%," 125,583.90 ",Vendido,Cliente Atrasado,25,1,26," 6,000.00 "," 4,780.00 ",16,29," 144,620 ", -   ," 129,000 ", -   , -   ," 15,620 ",4,,,,"-15,620 ","-15,620 ", -   ,,," 803,933 "," 344,543 "," 96,472 "," 10,336 "," 900,405 "," 354,879 "," 1,255,284 ", -   
 F&F ,1602,D2,,Ronaldo,"International Coffee Industry, S.A",9/01/24,4.Plan de pagos," 1,297,200.00 "," 129,720.00 ", -   , -   , -   , -   , -   , -   , -   , -   , -   , -   , -   , -   , -   , -   , -   , -   , -   , -   , -   , -   , -   , -   , -   , -   , -   , -   ,,,, -   , -   , -   , -   ,,, -   ,0%,"-129,720.00 ",-100%," 1,297,200.00 ",100.00%," 129,720.00 ",Vendido,Cliente Atrasado,28,1,29," 6,000.00 "," 4,419.00 ",,24," 112,056 ", -   , -   , -   , -   ," 112,056 ",,F&F,,,"-112,056 ","-112,056 ", -   ,,," 830,778 "," 356,048 "," 99,693 "," 10,681 "," 930,471 "," 366,729 "," 1,297,200 ", 0 
,1603,B6,,Antonio Rada,Inmobiliaria Quince Sociedad Anonima,28/03/23,4.Plan de pagos," 863,130.61 "," 156,030.61 "," 6,000.00 ", -   , -   , -   , -   ," 244,000.00 "," 576,342.00 ", -   , -   , -   , -   , -   , -   , -   , -   , -   , -   , -   , -   , -   , -   , -   , -   , -   , -   , -   ,,,, -   , -   , -   , -   ,,," 826,342.00 ",530%,"670,311.39 ",430%," 36,788.61 ",4.26%," 156,030.61 ",Vendido,Superávit de Enganche,26,1,27," 6,000.00 "," 5,001.00 ",,33," 171,033 ", -   ," 826,342 ", -   ," 655,309 ", -   ,,,* Enganche pagado,," 655,309 "," 655,309 ", -   ,,," 552,783 "," 236,907 "," 66,334 "," 7,107 "," 619,117 "," 244,014 "," 863,131 ", 0 
,1604,B1,,Antonio Rada,Oliver Lenin Garcia Godoy,16/05/23,4.Plan de pagos," 894,100.00 "," 89,500.00 ", -   , -   ," 6,000.00 "," 2,982.00 "," 2,982.00 "," 2,982.00 "," 2,982.00 "," 2,982.00 "," 2,982.00 "," 2,982.00 "," 2,982.00 "," 2,982.00 "," 2,982.00 ", -   ," 5,964.00 ", -   ," 2,982.00 "," 5,964.00 "," 2,982.00 ", -   ," 5,964.00 "," 2,982.00 "," 2,982.00 "," 2,982.00 "," 2,982.00 "," 2,982.00 "," 2,982.00 "," 2,982.00 "," 2,982.00 "," 2,982.00 "," 2,986.00 ", -   , -   ,,," 89,500.00 ",100%,0.00 ,0%," 804,600.00 ",89.99%," 89,500.00 ",Vendido,Cliente Atrasado,28,1,29," 6,000.00 "," 2,982.00 ",25,32," 101,424 "," 62,622 "," 26,878 ", -   , -   ," 11,924 ",4,,,,"-11,924 ","-11,924 ", -   ,,," 572,617 "," 245,407 "," 68,714 "," 7,362 "," 641,331 "," 252,769 "," 894,100 ", -   
,1605,D7,,Antonio Rada,Edgar Ronaldo Muy Pineda,22/10/24,4.Plan de pagos," 1,393,455.00 "," 139,355.00 ", -   , -   , -   , -   , -   , -   , -   , -   , -   , -   , -   , -   , -   , -   , -   , -   , -   , -   , -   ," 10,000.00 ", -   ," 9,254.23 "," 9,256.48 ", -   , -   ," 18,464.66 ",," 20,000.00 "," 18,410.71 "," 9,195.90 ", -   , -   , -   ,,," 94,581.98 ",68%,"-44,773.02 ",-32%," 1,298,873.02 ",93.21%," 139,355.00 ",Vendido,Cliente Atrasado,14,1,15," 10,000.00 "," 9,240.00 ",3,15," 148,600 "," 9,196 "," 85,386 ", -   , -   ," 54,018 ",6,,,,"-54,018 ","-54,018 ", -   ,,," 892,423 "," 382,467 "," 107,091 "," 11,474 "," 999,514 "," 393,941 "," 1,393,455 ", -   
,1606,A9,,,,,1.Disponible," 1,235,500.00 "," 86,500.00 ", -   , -   , -   , -   , -   , -   , -   , -   , -   , -   , -   , -   , -   , -   , -   , -   , -   , -   , -   , -   , -   , -   , -   , -   , -   , -   ,,,, -   , -   , -   , -   ,,, -   ,0%,0.00 ,0%," 1,235,500.00 ",100.00%, -   ,Disponible,Disponible,,,,,,,, -   , -   , -   , -   , -   , -   ,,,,, -   , -   , -   ,,," 791,263 "," 339,113 "," 94,952 "," 10,173 "," 886,214 "," 349,286 "," 1,235,500 ", -   
,1607,C9,,Brenda Búcaro,Edvin Carlos Cifuentes Salguero - Inmobiliaria Quince,31/05/23,4.Plan de pagos," 1,164,200.00 "," 102,510.00 ", -   , -   ," 6,000.00 ", -   ," 3,000.00 ", -   ," 3,000.00 "," 1,500.00 "," 1,500.00 ", -   , -   , -   , -   , -   , -   , -   , -   , -   , -   , -   , -   , -   , -   , -   , -   , -   ,,,, -   , -   , -   , -   ,,," 15,000.00 ",15%,"-87,510.00 ",-85%," 1,149,200.00 ",98.71%," 102,510.00 ",Vendido,Cliente Atrasado,1,,1," 10,000.00 "," 92,510.00 ",5,31," 2,877,810 "," 15,000 ", -   , -   , -   ," 2,862,810 ",31, CE ,* Enganche pagado en Apartamento No. 1603 caso especial su plan de pagos indica 2 cuotas para pago de enganche,,"-2,862,810 ","-2,862,810 ", -   ,,," 745,599 "," 319,543 "," 89,472 "," 9,586 "," 835,071 "," 329,129 "," 1,164,200 ", -   
 F&F ,1608,C8,,Jose Franco,María Carolina Arimany Comas,28/03/23,4.Plan de pagos," 1,153,648.00 "," 115,448.00 "," 6,000.00 ", -   , -   , -   , -   , -   , -   , -   , -   , -   , -   , -   , -   , -   , -   , -   , -   , -   , -   , -   , -   , -   , -   , -   , -   , -   ,,,, -   , -   , -   , -   ,,," 6,000.00 ",5%,"-109,448.00 ",-95%," 1,147,648.00 ",99.48%," 115,448.00 ",Vendido,Cliente Atrasado,35,1,36," 6,000.00 "," 3,100.00 ",,33," 108,300 ", -   ," 6,000 ", -   , -   ," 102,300 ",,F&F,,,"-102,300 ","-102,300 ", -   ,,," 738,841 "," 316,646 "," 88,661 "," 9,499 "," 827,502 "," 326,146 "," 1,153,648 ", -   
,1609,B4,,Antonio Rada,Christian Josue Colindres Sandoval,25/03/23,4.Plan de pagos," 860,950.58 "," 86,150.58 "," 6,000.00 "," 2,290.00 "," 2,290.00 "," 2,290.00 "," 2,290.00 "," 2,290.00 "," 2,290.00 ", -   ," 4,580.00 "," 2,290.00 "," 2,290.00 "," 2,290.00 "," 2,290.00 ", -   ," 2,290.00 ", -   ," 2,290.00 "," 2,290.00 "," 4,580.00 "," 4,580.00 ", -   , -   , -   , -   ," 6,870.00 ", -   ," 4,580.00 "," 4,580.00 ",," 4,580.00 ", -   ," 4,580.00 ", -   ," 2,290.00 ",," 76,990.00 ",89%,"-9,160.58 ",-11%," 783,960.58 ",91.06%," 86,150.58 ",Vendido,Cliente Atrasado,35,1,36," 6,000.00 "," 2,290.00 ",21,34," 83,860 "," 32,060 "," 44,930 ", -   , -   ," 6,870 ",3,,,,"-6,870 ","-6,870 ", -   ,,," 551,386 "," 236,308 "," 66,166 "," 7,089 "," 617,553 "," 243,398 "," 860,951 ", 0 
,1610,B3,,Antonio Rada,"Grupo Sak Y Sak, S.A.",31/05/23,4.Plan de pagos," 890,081.34 "," 890,081.34 ", -   , -   ," 6,000.00 "," 89,008.13 "," 29,447.00 "," 29,447.00 "," 29,447.00 "," 29,447.00 "," 29,447.00 "," 29,447.00 "," 29,447.00 "," 29,447.00 "," 29,447.00 ", -   , -   ," 58,894.00 "," 29,447.00 "," 29,447.00 "," 29,447.00 "," 29,447.00 "," 29,447.00 "," 29,447.00 "," 29,447.00 "," 29,447.00 ", -   ," 29,447.00 "," 58,894.00 "," 29,447.00 "," 29,447.00 "," 29,447.00 ", -   , -   , -   ,,," 831,183.13 ",93%,"-58,898.21 ",-7%," 58,898.21 ",6.62%," 890,081.34 ",Vendido,Cliente Atrasado,27,1,28," 95,008.13 "," 29,447.00 ",25,31," 1,007,865 "," 624,387 "," 206,796 ", -   , -   ," 176,682 ",6,,Revisado,,"-176,682 ","-176,682 ", -   ,,," 570,043 "," 244,304 "," 68,405 "," 7,329 "," 638,448 "," 251,633 "," 890,081 ",-0 
,1611,E8,,Brenda Búcaro,Luis Alexander Valencia Mendez,9/11/25,2. Reserva," 1,487,500.00 "," 104,200.00 ", -   , -   , -   , -   , -   , -   , -   , -   , -   , -   , -   , -   , -   , -   , -   , -   , -   , -   , -   , -   , -   , -   , -   , -   , -   , -   , -   , -   , -   , -   , -   , -   ," 10,000.00 "," 20,000.00 "," 20,000.00 "," 50,000.00 ",48%,"-54,200.00 ",-52%," 1,437,500.00 ",96.64%," 104,200.00 ",Vendido,Cliente al día,26,1,27," 6,000.00 "," 5,300.00 ",,2," 16,600 ", -   ," 50,000 ", -   ," 33,400 ", -   ,,,ANALIZARLO*,," 33,400 "," 33,400 ", -   ,,," 952,653 "," 408,280 "," 114,318 "," 12,248 "," 1,066,972 "," 420,528 "," 1,487,500 ", -   
,1612,A10,,,,,1.Disponible," 1,218,600.00 "," 85,300.00 ", -   , -   , -   , -   , -   , -   , -   , -   , -   , -   , -   , -   , -   , -   , -   , -   , -   , -   , -   , -   , -   , -   , -   , -   , -   , -   ,,,, -   , -   , -   , -   ,,, -   ,0%,0.00 ,0%," 1,218,600.00 ",100.00%, -   ,Disponible,Disponible,,,,,,,, -   , -   , -   , -   , -   , -   ,,,,, -   , -   , -   ,,," 780,439 "," 334,474 "," 93,653 "," 10,034 "," 874,092 "," 344,508 "," 1,218,600 ", 0 
 F&F ,1701,E6,,Brenda Búcaro,Ramiro José Muñoz Jordán - Emilia Larrazabal,29/03/23,4.Plan de pagos," 1,389,570.00 "," 139,070.00 "," 6,000.00 "," 5,000.00 "," 5,000.00 "," 5,000.00 "," 10,000.00 "," 3,000.00 ", -   , -   , -   ," 5,000.00 "," 7,600.00 "," 4,500.00 "," 4,000.00 ", -   ," 3,800.00 "," 3,800.00 "," 4,500.00 "," 7,800.00 ", -   ," 4,000.00 ", -   , -   , -   , -   , -   , -   ,,,, -   , -   , -   , -   ,,," 79,000.00 ",57%,"-60,070.00 ",-43%," 1,310,570.00 ",94.31%," 139,070.00 ",Vendido,Cliente Atrasado,35,1,36," 6,000.00 "," 3,800.00 ",11,33," 131,400 "," 10,600 "," 68,400 ", -   , -   ," 52,400 ",,F&F,,,"-52,400 ","-52,400 ", -   ,,," 889,935 "," 381,401 "," 106,792 "," 11,442 "," 996,727 "," 392,843 "," 1,389,570 ",-0 
,1702,A3,,Brenda Búcaro,David Alejandro Donis Lopez,15/04/23,4.Plan de pagos," 666,800.00 "," 66,700.00 ", -   ," 6,000.00 "," 2,100.00 ", -   ," 4,200.00 "," 2,100.00 "," 2,100.00 "," 2,100.00 ", -   ," 4,200.00 "," 2,100.00 "," 2,100.00 "," 2,100.00 "," 2,100.00 ", -   ," 4,200.00 ", -   ," 2,100.00 "," 2,100.00 "," 2,100.00 "," 2,100.00 "," 4,200.00 ", -   ," 2,100.00 "," 4,200.00 "," 2,100.00 ",," 4,200.00 "," 2,100.00 "," 2,100.00 "," 2,100.00 ", -   , -   ,,," 66,900.00 ",100%,200.00 ,0%," 599,900.00 ",89.97%," 66,700.00 ",Vendido,Cliente Atrasado,29,1,30," 6,000.00 "," 2,100.00 ",23,33," 75,300 "," 35,700 "," 31,200 ", -   , -   ," 8,400 ",4,,,,"-8,400 ","-8,400 ", -   ,,," 427,045 "," 183,019 "," 51,245 "," 5,491 "," 478,290 "," 188,510 "," 666,800 ", -   
,1703,D5,,Antonio Rada,Rolando Antonio Pineda Juarez,12/04/25,4.Plan de pagos," 1,450,000.00 "," 145,000.00 ", -   , -   , -   , -   , -   , -   , -   , -   , -   , -   , -   , -   , -   , -   , -   , -   , -   , -   , -   , -   , -   , -   , -   , -   , -   ," 10,000.00 "," 10,385.00 "," 10,385.00 "," 20,770.00 ", -   ," 10,385.00 "," 10,385.00 "," 31,155.00 ",," 31,155.00 "," 134,620.00 ",93%,"-10,380.00 ",-7%," 1,315,380.00 ",90.72%," 145,000.00 ",Vendido,Cliente al día,13,1,14," 10,000.00 "," 10,385.00 ",,9," 103,465 "," 51,540 "," 83,080 ", -   ," 31,155 ", -   ,,,,," 31,155 "," 31,155 ", -   ,,," 928,637 "," 397,987 "," 111,436 "," 11,940 "," 1,040,073 "," 409,927 "," 1,450,000 ", -   
,1704,A5,,Brenda Búcaro,Javier Andres Soto Coronado,10/03/23,4.Plan de pagos," 617,600.00 "," 62,000.00 "," 6,000.00 "," 1,600.00 "," 1,600.00 "," 1,600.00 "," 1,600.00 "," 1,600.00 "," 1,600.00 "," 1,600.00 "," 1,600.00 "," 1,600.00 "," 1,600.00 "," 1,600.00 "," 1,600.00 "," 1,600.00 "," 1,600.00 "," 1,600.00 "," 1,600.00 "," 1,600.00 "," 1,600.00 "," 1,600.00 "," 1,600.00 "," 1,600.00 ", -   ," 3,200.00 "," 1,600.00 "," 1,600.00 "," 1,600.00 "," 1,600.00 "," 1,600.00 "," 1,600.00 "," 1,600.00 ", -   ," 1,600.00 ",,," 55,600.00 ",90%,"-6,400.00 ",-10%," 562,000.00 ",91.00%," 62,000.00 ",Vendido,Cliente Atrasado,35,1,36," 6,000.00 "," 1,600.00 ",30,34," 60,400 "," 46,400 "," 9,200 ", -   , -   ," 4,800 ",3,,,,"-4,800 ","-4,800 ", -   ,,," 395,535 "," 169,515 "," 47,464 "," 5,085 "," 442,999 "," 174,601 "," 617,600 ", -   
,1705,D6,,Antonio Rada,Maxi Alexander Mendez Moran,2/04/25,4.Plan de pagos," 1,446,043.24 "," 144,643.24 ", -   , -   , -   , -   , -   , -   , -   , -   , -   , -   , -   , -   , -   , -   , -   , -   , -   , -   , -   , -   , -   , -   , -   , -   , -   ," 10,000.00 "," 65,592.83 "," 69,050.44 ",, -   , -   , -   , -   ,,," 144,643.27 ",100%,0.03 ,0%," 1,301,399.97 ",90.00%," 144,643.24 ",Vendido,Cliente Atrasado,2,1,3," 10,000.00 "," 67,321.63 ",,9," 615,895 "," 75,593 "," 69,050 ", -   , -   ," 471,251 ",7, CE ,,,"-471,251 ","-471,251 ", -   ,,," 926,103 "," 396,901 "," 111,132 "," 11,907 "," 1,037,235 "," 408,808 "," 1,446,043 ", -   
 F&F ,1706,B4,,Jose Franco,David Arimany Monzón,24/03/23,4.Plan de pagos," 860,951.00 "," 87,051.00 "," 6,000.00 "," 2,400.00 "," 2,400.00 "," 2,400.00 ", -   ," 2,400.00 "," 4,800.00 "," 2,400.00 "," 2,400.00 ", -   ," 4,800.00 ", -   ," 2,400.00 "," 4,800.00 ", -   ," 4,800.00 ", -   ," 2,400.00 ", -   , -   ," 2,400.00 ", -   , -   , -   , -   , -   ,,,, -   , -   , -   , -   ,,," 46,800.00 ",54%,"-40,251.00 ",-46%," 814,151.00 ",94.56%," 87,051.00 ",Vendido,Cliente Atrasado,35,1,36," 6,000.00 "," 2,400.00 ",13,34," 87,600 "," 21,600 "," 25,200 ", -   , -   ," 40,800 ",,F&F,,,"-40,800 ","-40,800 ", -   ,,," 551,387 "," 236,309 "," 66,166 "," 7,089 "," 617,553 "," 243,398 "," 860,951 ", -   
,1707,B5,,Ronaldo Ogaldez,Miguel Eduardo Yon Moll,5/03/25,4.Plan de pagos," 908,000.00 "," 90,800.00 ", -   , -   , -   , -   , -   , -   , -   , -   , -   , -   , -   , -   , -   , -   , -   , -   , -   , -   , -   , -   , -   , -   , -   , -   ," 10,000.00 "," 10,100.00 ",," 5,050.00 ",," 10,100.00 ", -   , -   , -   ,," 15,150.00 "," 50,400.00 ",56%,"-40,400.00 ",-44%," 857,600.00 ",94.45%," 90,800.00 ",Vendido,Cliente Atrasado,16,1,17," 10,000.00 "," 5,050.00 ",1,10," 60,500 "," 5,050 "," 45,350 ", -   , -   ," 10,100 ",2,,,,"-10,100 ","-10,100 ", -   ,,," 581,519 "," 249,222 "," 69,782 "," 7,477 "," 651,301 "," 256,699 "," 908,000 ", -   
,1708,E4,,Anahí Cisneros,Carlos Antonio Aguilar Velasquez,27/10/25,4.Plan de pagos," 1,762,700.00 "," 123,389.00 ", -   , -   , -   , -   , -   , -   , -   , -   , -   , -   , -   , -   , -   , -   , -   , -   , -   , -   , -   , -   , -   , -   , -   , -   , -   , -   ,,,, -   , -   ," 10,000.00 "," 14,200.00 "," 14,200.00 "," 20,000.00 "," 58,400.00 ",47%,"-64,989.00 ",-53%," 1,704,300.00 ",96.69%," 123,389.00 ",Vendido,Cliente al día,8,1,9," 10,000.00 "," 14,200.00 ",,2," 38,400 "," 38,400 "," 20,000 ", -   ," 20,000 ", -   ,,,,," 20,000 "," 20,000 ", -   ,,," 1,128,902 "," 483,815 "," 135,468 "," 14,514 "," 1,264,370 "," 498,330 "," 1,762,700 ", -   
 F&F ,1801,E7,,Jose Franco,Luis Arimany Monzón,27/03/23,4.Plan de pagos," 1,391,452.00 "," 139,152.00 "," 6,000.00 ", -   ," 7,600.00 ", -   , -   , -   , -   , -   , -   , -   , -   , -   , -   , -   , -   , -   , -   , -   , -   , -   , -   , -   , -   , -   , -   , -   ,,,, -   , -   , -   , -   ,,," 13,600.00 ",10%,"-125,552.00 ",-90%," 1,377,852.00 ",99.02%," 139,152.00 ",Vendido,Cliente Atrasado,35,1,36," 6,000.00 "," 3,800.00 ",,33," 131,400 ", -   ," 13,600 ", -   , -   ," 117,800 ",,F&F,,,"-117,800 ","-117,800 ", -   ,,," 891,140 "," 381,917 "," 106,937 "," 11,458 "," 998,077 "," 393,375 "," 1,391,452 ", -   
,1802,A10,,Antonio Rada,Fredy Rene Velasquez Quevedo,18/05/23,4.Plan de pagos," 848,900.00 "," 84,900.00 ", -   , -   ," 6,000.00 "," 2,818.00 "," 2,818.00 "," 2,818.00 "," 2,818.00 "," 2,818.00 "," 2,818.00 "," 2,818.00 "," 2,818.00 "," 2,818.00 "," 2,818.00 "," 2,818.00 "," 2,818.00 "," 2,818.00 "," 2,818.00 "," 2,818.00 "," 2,818.00 "," 2,818.00 "," 2,818.00 "," 2,818.00 "," 2,818.00 "," 2,818.00 "," 2,818.00 "," 2,818.00 "," 2,818.00 "," 2,818.00 "," 2,818.00 "," 2,818.00 "," 2,818.00 ", -   , -   ," 300,000.00 ",," 384,904.00 ",453%,"300,004.00 ",353%," 463,996.00 ",54.66%," 84,900.00 ",Vendido,Superávit de Enganche,28,1,29," 6,000.00 "," 2,818.00 ",28,32," 96,176 "," 78,904 "," 306,000 ", -   ," 288,728 ", -   ,,,,," 288,728 "," 288,728 ", -   ,,," 543,669 "," 233,001 "," 65,240 "," 6,990 "," 608,909 "," 239,991 "," 848,900 ", 0 
,1803,D5,,Anahi Cisneros,Rivabella S.A.,15/11/25,2. Reserva," 1,651,500.00 "," 495,500.00 ", -   , -   , -   , -   , -   , -   , -   , -   , -   , -   , -   , -   , -   , -   , -   , -   , -   , -   , -   , -   , -   , -   , -   , -   , -   , -   ,,,, -   , -   , -   ," 10,000.00 "," 185,500.00 "," 100,000.00 "," 295,500.00 ",60%,"-200,000.00 ",-40%," 1,356,000.00 ",82.11%," 495,500.00 ",Vendido,Cliente al día,,,,,,,2, -   , -   , -   ," 295,500 "," 295,500 ", -   ,,,,," 295,500 "," 295,500 ", -   ,,," 1,057,685 "," 453,294 "," 126,922 "," 13,599 "," 1,184,608 "," 466,893 "," 1,651,500 ", -   
,1804,A5,,Brenda Búcaro,Juan Pablo Monterroso Arroyo,10/03/23,4.Plan de pagos," 617,600.00 "," 62,000.00 "," 6,000.00 "," 1,600.00 "," 1,600.00 "," 1,600.00 "," 1,600.00 "," 1,600.00 "," 1,600.00 "," 1,600.00 ", -   ," 1,600.00 "," 1,600.00 "," 2,860.00 "," 1,600.00 "," 1,600.00 "," 1,600.00 "," 1,600.00 "," 1,600.00 "," 1,600.00 ", -   ," 1,600.00 "," 1,600.00 "," 1,600.00 ", -   ," 3,200.00 "," 1,600.00 "," 1,600.00 "," 1,600.00 "," 1,600.00 "," 1,600.00 "," 1,600.00 "," 1,600.00 ", -   ," 1,600.00 ",,," 53,660.00 ",87%,"-8,340.00 ",-13%," 563,940.00 ",91.31%," 62,000.00 ",Vendido,Cliente Atrasado,35,1,36," 6,000.00 "," 1,600.00 ",28,34," 60,400 "," 41,600 "," 12,060 ", -   , -   ," 6,740 ",5,,,,"-6,740 ","-6,740 ", -   ,,," 395,535 "," 169,515 "," 47,464 "," 5,085 "," 442,999 "," 174,601 "," 617,600 ", -   
,1805,D6,,,Sergio Rafael Marroquín Sáenz,4/12/25,2.Reserva," 1,581,900.00 "," 110,700.00 ", -   , -   , -   , -   , -   , -   , -   , -   , -   , -   , -   , -   , -   , -   , -   , -   , -   , -   , -   , -   , -   , -   , -   , -   , -   , -   ,,,, -   , -   , -   , -   ," 10,000.00 ",," 10,000.00 ",9%,"-100,700.00 ",-91%," 1,571,900.00 ",99.37%," 110,700.00 ",Vendido,Cliente al día,,,,,,,1, -   , -   , -   ," 10,000 "," 10,000 ", -   ,,,,," 10,000 "," 10,000 ", -   ,,," 1,013,111 "," 434,190 "," 121,573 "," 13,026 "," 1,134,684 "," 447,216 "," 1,581,900 ",-0 
,1806,B4,,Antonio Rada,Business View Sociedad Anonima,29/03/23,4.Plan de pagos," 860,950.58 "," 86,150.58 "," 6,000.00 "," 2,290.00 "," 2,290.00 "," 2,290.00 "," 2,290.00 "," 2,290.00 "," 2,290.00 "," 2,290.00 "," 2,290.00 "," 2,290.00 "," 2,290.00 "," 2,290.00 "," 2,290.00 "," 4,580.00 ", -   ," 2,290.00 "," 2,290.00 "," 2,290.00 "," 2,290.00 "," 2,290.00 "," 2,290.00 "," 2,290.00 "," 2,290.00 "," 4,580.00 "," 2,290.00 "," 2,290.00 ",,," 4,580.00 "," 2,290.00 "," 2,290.00 "," 2,290.00 "," 2,290.00 "," 2,290.00 ",," 81,570.00 ",95%,"-4,580.58 ",-5%," 779,380.58 ",90.53%," 86,150.58 ",Vendido,Cliente al día,35,1,36," 6,000.00 "," 2,290.00 ",30,33," 81,570 "," 61,830 "," 19,740 ", -   , -   , -   ,,,,, -   , -   , -   ,,," 551,386 "," 236,308 "," 66,166 "," 7,089 "," 617,553 "," 243,398 "," 860,951 ", 0 
 F&F ,1807,C11,,Jose Franco,Yuly Marisol Rodríguez Ordoñez De Arimany,27/03/23,4.Plan de pagos," 1,131,156.00 "," 113,156.00 "," 6,000.00 ", -   ," 6,100.00 ", -   , -   , -   , -   , -   , -   , -   , -   , -   , -   , -   , -   , -   , -   , -   , -   , -   , -   , -   , -   , -   , -   , -   ,,,, -   , -   , -   , -   ,,," 12,100.00 ",11%,"-101,056.00 ",-89%," 1,119,056.00 ",98.93%," 113,156.00 ",Vendido,Cliente Atrasado,35,1,36," 6,000.00 "," 3,050.00 ",,33," 106,650 ", -   ," 12,100 ", -   , -   ," 94,550 ",,F&F,,,"-94,550 ","-94,550 ", -   ,,," 724,437 "," 310,473 "," 86,932 "," 9,314 "," 811,369 "," 319,787 "," 1,131,156 ", -   
,1808,E3,,Antonio Rada,Monica Cecilia Rodriguez Villalta,30/09/23,4.Plan de pagos," 1,417,808.51 "," 141,808.51 ", -   , -   , -   , -   , -   , -   ," 8,000.00 "," 2,800.00 "," 2,800.00 "," 11,150.00 "," 2,800.00 "," 2,800.00 "," 2,800.00 "," 2,800.00 "," 2,800.00 "," 2,800.00 "," 22,300.00 "," 2,800.00 "," 2,800.00 "," 2,800.00 "," 2,800.00 "," 22,300.00 "," 2,800.00 "," 2,800.00 "," 2,800.00 "," 2,800.00 "," 2,800.00 "," 2,800.00 "," 22,300.00 "," 2,800.00 "," 2,558.51 ", -   , -   ,,," 141,808.51 ",100%,0.00 ,0%," 1,276,000.00 ",90.00%," 141,808.51 ",Vendido,Enganche Completado,24,1,25," 8,000.00 "," 2,800.00 ",20,27," 83,600 "," 55,759 "," 86,050 ", -   ," 58,209 ", -   ,,,"En Julio 2025 su cuota será de GTQ 22,300,00 en Agosto GTQ 2,800,00 y en Septiembre GTQ 8,133,51 y completa su enganche.",," 58,209 "," 58,209 ", -   ,,," 908,020 "," 389,151 "," 108,962 "," 11,675 "," 1,016,983 "," 400,826 "," 1,417,809 ", -   
 F&F ,1901,A11,,Ronaldo,"International Coffee Industry, S.A",27/03/23,4.Plan de pagos," 738,382.00 "," 73,882.00 ", -   , -   , -   , -   , -   , -   , -   , -   , -   , -   , -   , -   , -   , -   , -   , -   , -   , -   , -   , -   , -   , -   , -   , -   , -   , -   , -   , -   ,, -   , -   , -   , -   ,,, -   ,0%,"-73,882.00 ",-100%," 738,382.00 ",100.00%," 73,882.00 ",Vendido,Cliente Atrasado,35,1,36," 15,000.00 "," 1,000.00 ",,33," 48,000 ", -   , -   , -   , -   ," 48,000 ",,F&F,,,"-48,000 ","-48,000 ", -   ,,," 472,889 "," 202,667 "," 56,747 "," 6,080 "," 529,635 "," 208,747 "," 738,382 ", 0 
 F&F ,1902,D5,,Ronaldo,"International Coffee Industry, S.A",9/01/24,4.Plan de pagos," 1,322,000.00 "," 132,200.00 ", -   , -   , -   , -   , -   , -   , -   , -   , -   , -   , -   , -   , -   , -   , -   , -   , -   , -   , -   , -   , -   , -   , -   , -   , -   , -   , -   , -   ,, -   , -   , -   , -   ,,, -   ,0%,"-132,200.00 ",-100%," 1,322,000.00 ",100.00%," 132,200.00 ",Vendido,Cliente Atrasado,28,1,29," 6,000.00 "," 4,507.00 ",,24," 114,168 ", -   , -   , -   , -   ," 114,168 ",,F&F,,,"-114,168 ","-114,168 ", -   ,,," 846,661 "," 362,855 "," 101,599 "," 10,886 "," 948,260 "," 373,740 "," 1,322,000 ", 0 
 F&F ,1903,D6,,Ronaldo,"International Coffee Industry, S.A",9/01/24,4.Plan de pagos," 1,326,500.00 "," 132,650.00 ", -   , -   , -   , -   , -   , -   , -   , -   , -   , -   , -   , -   , -   , -   , -   , -   , -   , -   , -   , -   , -   , -   , -   , -   , -   , -   , -   , -   ,, -   , -   , -   , -   ,,, -   ,0%,"-132,650.00 ",-100%," 1,326,500.00 ",100.00%," 132,650.00 ",Vendido,Cliente Atrasado,28,1,29," 6,000.00 "," 4,523.00 ",,24," 114,552 ", -   , -   , -   , -   ," 114,552 ",,F&F,,,"-114,552 ","-114,552 ", -   ,,," 849,543 "," 364,090 "," 101,945 "," 10,923 "," 951,488 "," 375,012 "," 1,326,500 ", -   
 F&F ,1904,D5,,Ronaldo,"International Coffee Industry, S.A",9/01/24,4.Plan de pagos," 1,322,000.00 "," 132,200.00 ", -   , -   , -   , -   , -   , -   , -   , -   , -   , -   , -   , -   , -   , -   , -   , -   , -   , -   , -   , -   , -   , -   , -   , -   , -   , -   , -   , -   ,, -   , -   , -   , -   ,,, -   ,0%,"-132,200.00 ",-100%," 1,322,000.00 ",100.00%," 132,200.00 ",Vendido,Cliente Atrasado,28,1,29," 6,000.00 "," 4,507.00 ",,24," 114,168 ", -   , -   , -   , -   ," 114,168 ",,F&F,,,"-114,168 ","-114,168 ", -   ,,," 846,661 "," 362,855 "," 101,599 "," 10,886 "," 948,260 "," 373,740 "," 1,322,000 ", 0 
 F&F ,1905,D8,,Ronaldo,"International Coffee Industry, S.A",9/01/24,4.Plan de pagos," 1,365,000.00 "," 136,500.00 ", -   , -   , -   , -   , -   , -   , -   , -   , -   , -   , -   , -   , -   , -   , -   , -   , -   , -   , -   , -   , -   , -   , -   , -   , -   , -   , -   , -   ,, -   , -   , -   , -   ,,, -   ,0%,"-136,500.00 ",-100%," 1,365,000.00 ",100.00%," 136,500.00 ",Vendido,Cliente Atrasado,28,1,29," 6,000.00 "," 4,661.00 ",,24," 117,864 ", -   , -   , -   , -   ," 117,864 ",,F&F,,,"-117,864 ","-117,864 ", -   ,,," 874,199 "," 374,657 "," 104,904 "," 11,240 "," 979,103 "," 385,897 "," 1,365,000 ", -   
,,,,,,,," 315,993,341.16 "," 33,800,233.04 "," 260,570 "," 196,750 "," 213,977 "," 378,975 "," 293,143 "," 573,016 "," 1,073,925 "," 338,868 "," 373,484 "," 395,067 "," 469,043 "," 531,499 "," 471,423 "," 629,496 "," 557,585 "," 652,191 "," 789,239 "," 858,311 "," 820,616 "," 1,634,083 "," 944,723 "," 1,336,340 "," 757,852 "," 985,356 "," 1,006,065 "," 1,172,082 "," 1,212,197 "," 1,137,467 "," 3,091,782 "," 1,072,047 "," 1,209,276 "," 1,541,050 "," 1,282,323 "," 1,863,313 "," 1,210,738 "," 31,333,873.33 ",109%,"-1,192,459.71 ",," 284,659,467.83 ",," 32,526,333.04 ",,,,,,,,,,#VALUE!," 15,908,353 "," 13,870,686 "," 1,554,834 ",#VALUE!,#VALUE!,,,,,,,,,," 202,374,509 "," 86,731,933 "," 24,284,941 "," 2,601,958 "," 226,659,451 "," 89,333,891 "," 315,993,341 ",
,,,,,FLUJO INGRESADO (DESISTIMIENTOS),,,,10.70%," 22,400 "," 15,800 "," 18,923 "," 11,200 "," 33,546 "," 33,950 "," 44,254 "," 26,554 "," 39,746 "," 31,822 "," 52,846 "," 17,273 "," 27,799 "," 29,359 "," 47,873 "," 34,704 "," 33,190 "," 17,708 "," 12,300 "," 21,876 "," 47,170 "," 37,776 "," 19,137 "," 39,198 "," 39,636 "," 45,320 "," 28,406 "," 18,806 "," 24,706 ", -   , -   ," 1,000 ", -   , -   , -   ," 874,279.14 ",,,,,,,,,,,,,,,,,,#VALUE!,,," 2,682,559 ",Cuotas no canceladas F&F,,,,,,,,,,,,,,,,
,,,,,TOTAL FUJO RECIBIDO MENSUALMENTE,,,,," 282,970 "," 212,550 "," 232,900 "," 390,175 "," 326,689 "," 606,966 "," 1,118,179 "," 365,422 "," 413,230 "," 426,889 "," 521,889 "," 548,772 "," 499,222 "," 658,855 "," 605,458 "," 686,895 "," 822,429 "," 876,019 "," 832,916 "," 1,655,959 "," 991,893 "," 1,374,116 "," 776,989 "," 1,024,554 "," 1,045,701 "," 1,217,402 "," 1,240,603 "," 1,156,274 "," 3,116,489 "," 1,072,047 "," 1,209,276 "," 1,542,050 "," 1,282,323 "," 1,863,313 "," 1,210,738 "," 32,208,152.47 ",,,,,,,,,,,,,,,,,,,,,,,,,,,,,,,,,,,,,,
,,,,,FLUJO ESTIMADO SEGÚN PPTO (SIN F&F),,,,," 153,000 "," 191,251 "," 194,985 "," 382,933 "," 363,125 "," 443,624 "," 358,437 "," 369,523 "," 419,596 "," 417,982 "," 460,217 "," 548,348 "," 597,951 "," 598,696 "," 672,113 "," 669,444 "," 775,681 "," 1,614,016 "," 849,639 "," 816,224 "," 988,537 "," 1,686,846 "," 1,149,395 "," 1,231,993 "," 1,286,697 "," 943,823 "," 1,059,031 "," 1,110,486 "," 2,967,923 "," 1,218,819 "," 1,264,423 "," 804,646 "," 722,658 "," 837,921 "," 553,780 "," 28,723,763.01 ",100%,,,,,,,,,,,,,,,, Dif. Reservas / C ,"-1,554,834 ",,,#VALUE!,Cuotas de clientes en mora,,,,,,,,,,,,,,,,
,,,,,DIFERENCIAS POR MES,,,,," 129,970 "," 21,299 "," 37,915 "," 7,242 ","-36,436 "," 163,342 "," 759,742 ","-4,101 ","-6,366 "," 8,907 "," 61,672 ", 424 ,"-98,729 "," 60,159 ","-66,655 "," 17,451 "," 46,748 ","-737,997 ","-16,723 "," 839,735 "," 3,356 ","-312,731 ","-372,406 ","-207,439 ","-240,996 "," 273,579 "," 181,572 "," 45,788 "," 148,565 ","-146,772 ","-55,147 "," 737,404 "," 559,665 "," 1,025,393 "," 656,958 "," 2,610,110.32 ",9%,,,,,,,,,,,,,,,,,#VALUE!,,,,,,,,,,,,,,,,,,,,
,,,,,FLUJO PROVENIENTE F&F,,," 1,015,689.21 ",," 78,000 "," 27,346 "," 34,546 "," 19,346 "," 21,946 "," 17,346 "," 19,746 "," 15,846 "," 18,646 "," 15,946 "," 32,846 "," 23,946 "," 24,532 "," 56,887 "," 13,980 "," 20,280 "," 19,180 "," 20,380 "," 16,686 "," 10,011 "," 23,254 "," 8,680 "," 14,017 "," 8,412 "," 16,685 "," 3,075 "," 8,412 "," 3,075 "," 19,086 "," 3,075 "," 8,419 "," 471,075 "," 3,075 "," 12,564 "," 89,075 ",,,,,,,,,,,,,,,,,,,,,,,,,,,,,,,,,,,,,,,
,,,,,,,," 10,156.89 ",,100%,100%,100%,100%,100%,100%,100%,100%,100%,100%,100%,100%,100%,100%,100%,100%,100%,100%,100%,100%,100%,,cobrado,cobrado,cobrado,superavit,superavit,superavit,superavit,cobrado,cobrado,superavit,superavit,superavit,superavit,,,,,,,,,,,,,,,,,,,,,,#VALUE!,,,,,,,,,,,,,,,,,
,,,,,PORCENTAJE DE COBRO MENSUAL,,," 3,047.07 ",, 1.85 , 1.11 , 1.19 , 1.02 , 0.90 , 1.37 , 3.12 , 0.99 , 0.98 ,102%,113%,100%,83%,110%,90%,103%,106%,54%,98%,203%,100%,0%,68%,83%,81%,129%,117%,104%,105%,88%,96%,192%,177%,222%,219%,,,,,,,,,,,,,,,,,,,,,,#VALUE!,,,,,,,,,,,,,,,,,
,,,,,,,, 253.92 ,,,,,,,,,,,,,,,,,,,,,,,,,,,,,,,,,,,,,,,,,,,,,,,,,,,,,,,,,,,,,,,,,,,,,,,,,,,
,,,,,FLUJO ESTIMADO SEGÚN PPTO (CON F&F),,, 14.33 ,," 240,000 "," 231,447 "," 229,681 "," 417,629 "," 397,821 "," 526,320 "," 426,343 "," 443,429 "," 526,287 "," 537,873 "," 540,108 "," 628,239 "," 677,842 "," 686,587 "," 756,505 "," 753,836 "," 860,073 "," 1,698,408 "," 934,031 "," 900,616 "," 1,072,929 "," 1,790,370 "," 1,233,787 "," 1,316,385 "," 1,371,089 "," 1,028,215 "," 1,143,422 "," 1,194,877 "," 3,052,315 "," 1,321,529 "," 1,344,249 "," 861,801 "," 779,813 "," 779,813 "," 895,094 "," 32,649,505 ",,,,,,,,,,,,,,,,,,,,,,,,,,,,,,,,,,,,,,
,,,,,DIFERENCIAS POR MES,,,,," 42,970 ","-18,897 "," 3,219 ","-27,454 ","-71,132 "," 80,646 "," 691,836 ","-78,007 ","-113,057 ","-110,984 ","-18,219 ","-79,467 ","-178,620 ","-27,732 ","-151,047 ","-66,941 ","-37,644 ","-822,389 ","-101,115 "," 755,343 ","-81,035 ","-416,254 ","-456,797 ","-291,830 ","-325,387 "," 189,188 "," 97,181 ","-38,604 "," 64,174 ","-249,482 ","-134,973 "," 680,249 "," 502,510 "," 1,083,500 "," 315,645 ","-441,352 ",,,,,,,,,,,,,,,,,, -   ,,,,,,,,,,,,,,,,,,,,
,,,,,,,,,,,,,,,,,,,,,,,,,,,,,,,,,,,,,,,,,,,,,,,,,,,,,,,,,,,,,,,,,,,,,,,,,,,,,,,,,,,
,,,,,,,,,,,,,,,,,,,,,,,,,,,,,,,,,,,,,,,,,,,,,,,,, Total de cartera acumulada ,,,,,,,,,,,,,,,,,,,,,,,,,,,,,,,,,,
,Desistimiento,,,,,,,,,,,,,,,,,,,,,,,,,,,,,,,,,,,,,,,,,,,,,,,, Total de cartera cobrada a la fecha ,,,,,,,,,,,,,,,,,,,,,,,,,,,,,,,,,,
,APTO,MODELO,,VENDEDOR,CLIENTE,FECHA,TIPO DE PLAN, P. VENTA , ENGANCHE ,,,,,,,,,,,,,,,,,,,,,,,,,,,,,,,,,,,,,,,,Pendiente de cobro,,,,,,,,,,,,,,,,,,,,,,,,,,,,,,,,,,
,416,A4,,,Evelyn Andrea Sagastume Dubon,,1.Disponible," 726,855.43 "," 72,685.54 ", -   , -   , -   , -   , -   , -   ," 8,000.00 ", -   ," 5,292.00 "," 2,646.00 "," 2,646.00 ", -   , -   , -   , -   , -   , -   , -   , -   , -   , -   ,,,,,,, -   , -   , -   , -   , -   , -   , -   , -   ," 18,584.00 ",,,,,,,,,,,,,,,,,,,,,,,,,,,,,,,,,,,,,,
,707,A12,,Antonio Rada,Pablo Josue Alvarez Sanchez,15/08/23,4.Plan de pagos," 722,900.00 "," 72,300.00 ", -   , -   , -   , -   , -   ," 6,000.00 "," 2,652.00 "," 2,652.00 "," 2,652.00 ", -   ," 2,652.00 ", -   , -   ," 5,304.00 ", -   ," 5,304.00 "," 5,304.00 ", -   , -   , -   , -   , -   , -   , -   , -   ,,, -   , -   , -   , -   , -   , -   , -   , -   ," 32,520.00 ",,,,,,,,,,,,,,,,,,,,,,,,,,,,,,,,,,,,,,
,711,C5,,Antonio Rada,Marcela Alejandra Castillo Melgar,9/11/23,4.Plan de pagos," 1,181,561.50 "," 118,161.50 ", -   , -   , -   , -   , -   , -   , -   , -   ," 5,500.00 "," 5,121.00 "," 5,121.00 "," 5,121.00 "," 5,121.00 ", -   ," 5,121.00 "," 5,121.00 ", -   , -   , -   , -   , -   ,,,,,,, -   , -   , -   , -   , -   , -   , -   , -   ," 36,226.00 ",,,,,,,,,,,,,,,,,,,,,,,,,,,,,,,,,,,,,,
,1009,E8,,,Cristian Arturo Sanchez Lopez,4/01/23,Desistimiento," 1,515,084.48 "," 152,084.48 ",," 12,000.00 "," 3,000.00 "," 3,000.00 ", -   , -   ," 6,000.00 ", -   , -   ," 3,000.00 "," 3,000.00 ", -   ," 3,000.00 "," 3,000.00 ", -   ," 3,000.00 ", -   , -   , -   , -   ,,,,,,,, -   , -   , -   , -   , -   , -   , -   , -   ," 39,000.00 ",,,,,,,,,,,,,,,,,,,,,,,,,,,,,,,,,,,,,,
,1315,B4,,,Hilda Maria Perez Escobedo,,1.Disponible," 1,072,218.70 "," 107,221.87 ", -   , -   , -   ," 6,000.00 "," 3,100.00 "," 3,100.00 "," 3,100.00 "," 3,100.00 ", -   ," 3,100.00 ", -   , -   , -   ," 3,100.00 "," 3,100.00 ", -   , -   , -   , -   , -   , -   ,,,,,,, -   , -   , -   , -   , -   , -   , -   , -   ," 27,700.00 ",,,,,,,,,,,,,,,,,,,,,,,,,,,,,,,,,,,,,,
,1501,D3,,Antonio Rada,Carmen Gabriela Contreras Alfaro,28/07/23,4.Plan de pagos," 1,231,200.00 "," 123,200.00 ", -   , -   , -   , -   ," 6,000.00 "," 4,500.00 "," 4,500.00 "," 4,500.00 "," 4,500.00 "," 4,500.00 "," 19,500.00 ", -   ," 4,500.00 "," 4,500.00 "," 4,500.00 "," 4,500.00 "," 4,500.00 ", -   , -   , -   ," 4,500.00 "," 4,500.00 "," 4,000.00 "," 3,500.00 ",,,, -   , -   , -   , -   , -   , -   , -   , -   ," 87,000.00 ",,,,,,,,,,,,,,,,,,,,,,,,,,,,,,,,,,,,,,
,1020,C2,,Diana Alvarez,Jose Mauricio Duarte Carranza,30/11/24,4.Plan de pagos," 1,259,997.38 "," 125,997.37 ", -   , -   , -   , -   , -   , -   , -   , -   , -   , -   , -   , -   , -   , -   , -   , -   , -   , -   , -   , -   ," 10,000.00 ",,,,,,, -   , -   , -   , -   , -   , -   , -   , -   ," 10,000.00 ",,,,,,,,,,,,,,,,,,,,,,,,,,,,,,,,,,,,,,
,1114,A11,,Antonio Rada,Fernando Antonio Reyes De León,19/05/23,4.Plan de pagos," 748,092.41 "," 74,892.41 ", -   , -   ," 6,000.00 ", -   ,,, -   , -   , -   , -   , -   , -   , -   , -   ,, -   ,,, -   ,,,,,,,,, -   , -   , -   , -   , -   , -   , -   , -   ," 6,000.00 ",,,,,,,,,,,,,,,,,,,,,,,,,,,,,,,,,,,,,,
,1114,A11,,Antonio Rada,Monica Elizabeth Estrada Cordon De Franco,28/05/24,4.Plan de pagos," 748,092.41 "," 74,892.41 ", -   , -   ,, -   ," 6,000.00 "," 2,650.00 "," 2,650.00 "," 2,650.00 "," 2,650.00 ",, -   , -   , -   , -   ,, -   ,,, -   ,,,,,,,,, -   , -   , -   , -   , -   , -   , -   , -   ," 16,600.00 ",,,,,,,,,,,,,,,,,,,,,,,,,,,,,,,,,,,,,,
,1410,B3,,Brenda Búcaro,Luis Fernando Gutierrez Perez,27/03/23,4.Plan de pagos," 845,100.00 "," 84,600.00 "," 6,000.00 "," 2,200.00 "," 2,200.00 "," 2,200.00 ", -   ," 2,200.00 "," 2,200.00 ", -   , -   , -   , -   , -   , -   , -   , -   , -   , -   , -   , -   , -   , -   , -   ,,,,,, -   , -   , -   , -   , -   , -   , -   , -   ," 17,000.00 ",,,,,,,,,,,,,,,,,,,,,,,,,,,,,,,,,,,,,,
,607,A12,,Antonio Rada,Billy Hasse Orellana Serrano / Madelyn Kristina Sajche Torres y Antony Williams Sajche Torres,14/08/23,4.Plan de pagos," 722,900.00 "," 72,300.00 ", -   , -   , -   , -   , -   ," 6,000.00 "," 2,652.00 "," 2,652.00 "," 2,652.00 "," 2,652.00 "," 2,652.00 "," 2,652.00 "," 2,652.00 "," 2,652.00 "," 2,652.00 ", -   ," 5,304.00 "," 2,652.00 ", -   ," 2,652.00 ", -   , -   , -   , -   , -   ," 5,000.00 "," 5,000.00 ", -   , -   , -   , -   , -   , -   , -   , -   ," 50,476.00 ",,,,,,,,,,,,,,,,,,,,,,,,,,,,,,,,,,,,,,
,418,A1,RESERVADO,Antonio Rada,Alejandra Madelleine Rosales Garcia,10/11/23,4.Plan de pagos," 720,472.50 "," 72,072.50 ", -   , -   , -   , -   , -   , -   , -   , -   ," 5,500.00 "," 3,026.00 "," 6,052.00 ", -   ," 3,026.00 "," 3,026.00 ", -   ," 3,026.00 "," 6,052.00 "," 3,026.00 ", -   , -   , -   ," 6,052.00 ", -   , -   , -   , -   , -   , -   , -   , -   , -   , -   , -   , -   , -   ," 38,786.00 ",,,,,,,,,,,,,,,,,,,,,,,,,,,,,,,,,,,,,,
,503,B4,,Antonio Rada,Rubidia Ines Gonzalez Anzueto,30/09/24,4.Plan de pagos," 1,036,610.00 "," 103,710.00 ", -   , -   , -   , -   , -   , -   , -   , -   , -   , -   , -   , -   , -   , -   , -   , -   , -   , -   ," 7,000.00 "," 6,447.00 "," 6,447.00 "," 6,447.00 ", -   , -   , -   , -   , -   , -   , -   , -   , -   , -   , -   , -   , -   ," 26,341.00 ",,,,,,,,,,,,,,,,,,,,,,,,RESC. ABRIL 2025,,,,,,,,,,,,,,
,504,B3,RESERVADO,Antonio Rada,Luis Josue Cordon Miranda,8/05/24,4.Plan de pagos," 887,400.00 "," 88,800.00 ", -   , -   , -   , -   , -   , -   , -   , -   , -   , -   , -   , -   , -   , -   ," 8,000.00 "," 4,253.00 "," 4,253.00 "," 4,253.00 ", -   , -   , -   , -   , -   , -   , -   , -   , -   , -   , -   , -   , -   , -   , -   , -   , -   ," 20,759.00 ",,,,,,,,,,,,,,,,,,,,,,,,RESC. ABRIL 2025,,,,,,,,,,,,,,
,602,E10,,Antonio Rada,Luis Fernando Santos Castillo,14/11/24,2. Reserva," 1,529,194.33 "," 152,919.43 ", -   , -   , -   , -   , -   , -   , -   , -   , -   , -   , -   , -   , -   , -   , -   , -   , -   , -   , -   , -   ," 5,000.00 ", -   , -   , -   , -   , -   , -   , -   , -   , -   , -   , -   , -   , -   , -   ," 5,000.00 ",,,,,,,,,,,,,,,,,,,,,,,,RESC. ABRIL 2025,,,,,,,,,,,,,,
,1305,A6,,Antonio Rada,Franklin Rene Santisteban Rriola,23/03/23,4.Plan de pagos," 663,200.00 "," 66,400.00 "," 4,400.00 "," 1,600.00 "," 1,723.00 ", -   ," 3,446.00 "," 1,723.00 "," 1,723.00 "," 1,723.00 "," 1,723.00 ", -   ," 3,446.00 "," 1,723.00 "," 1,723.00 ", -   ," 1,723.00 "," 1,723.00 ", -   , -   , -   , -   ," 3,446.00 ", -   , -   , -   , -   , -   , -   , -   , -   , -   , -   , -   , -   , -   , -   ," 31,845.00 ",,,,,,,,,,,,,,,,,,,,,,,,RESC. ABRIL 2025,,,,,,,,,,,,,,
,315,E1,RESERVADO,Sofia Paredes,Lilian America Roldan Ochoa,5/04/25,2. Reserva / Prom. F.," 1,543,626.97 "," 154,426.97 ", -   , -   , -   , -   , -   , -   , -   , -   , -   , -   , -   , -   , -   , -   , -   , -   , -   , -   , -   , -   , -   , -   , -   , -   , -   ," 10,000.00 ",, -   , -   , -   , -   , -   , -   , -   , -   ," 10,000.00 ",,,,,,,,,,,,,,,,,,,,,,,,,,,,,,,,,,,,,,
,405,B7,DESISTIDO,Antonio Rada,Leslie Carolina Gil Morales,15/03/25,2. Reserva," 1,112,465.61 "," 111,265.61 ", -   , -   , -   , -   , -   , -   , -   , -   , -   , -   , -   , -   , -   , -   , -   , -   , -   , -   , -   , -   , -   , -   , -   , -   ," 10,000.00 "," 5,000.00 ",, -   , -   , -   , -   , -   , -   , -   , -   ," 15,000.00 ",,,,,,,,,,,,,,,,,,,,,,,,RESC. MAYO 2025,,,,,,,,,,,,,,
,1108,C6,DESISTIDO,Brenda Búcaro,Denis Orlando Coto Zelaya,28/03/23,4.Plan de pagos," 1,100,438.98 "," 110,138.98 "," 6,000.00 ", -   , -   , -   , -   , -   , -   , -   , -   , -   , -   , -   , -   , -   ," 15,000.00 ", -   , -   , -   , -   , -   , -   , -   , -   , -   , -   , -   ,, -   , -   , -   , -   , -   , -   , -   , -   ," 21,000.00 ",,,,,,,,,,,,,,,,,,,,,,,,RESC. MAYO 2025,,,,,,,,,,,,,,
,1020,C2,ATRASADO,Antonio Rada,Rolando Edwin Villatoro Hernandez,26/02/25,2. Reserva," 1,259,997.38 "," 125,997.37 ", -   , -   , -   , -   , -   , -   , -   , -   , -   , -   , -   , -   , -   , -   , -   , -   , -   , -   , -   , -   , -   , -   , -   ," 3,000.00 "," 7,000.00 ", -   ,, -   , -   , -   , -   , -   , -   , -   , -   ," 10,000.00 ",,,,,,,,,,,,,,,,,,,,,,,,RESC. MAYO 2025,,,,,,,,,,,,,,
,1318,D1,DESISTIDO,Antonio Rada,Héctor Felipe Alfaro Mancilla,20/11/24,4.Plan de pagos," 1,350,925.53 "," 135,125.53 ", -   , -   , -   , -   , -   , -   , -   , -   , -   , -   , -   , -   , -   , -   , -   , -   , -   , -   , -   , -   ," 5,000.00 "," 5,000.00 "," 7,360.00 "," 7,358.00 ", -   , -   ,, -   , -   , -   , -   , -   , -   , -   , -   ," 24,718.00 ",,,,,,,,,,,,,,,,,,,,,,,,RESC. MAYO 2025,,,,,,,,,,,,,,
,1019,C3,DESISTIDO,Antonio Rada,Marta Haydee Hurtarte Ruano De Sánchez,31/03/23,4.Plan de pagos," 913,168.92 "," 154,568.92 "," 6,000.00 ", -   , -   , -   , -   , -   , -   , -   , -   , -   , -   , -   , -   , -   , -   , -   , -   , -   , -   , -   , -   , -   , -   , -   , -   , -   ,, -   , -   , -   , -   , -   , -   , -   , -   ," 6,000.00 ",,,,,,,,,,,,,,,,,,,,,,,,RESC. MAYO 2025,,,,,,,,,,,,,,
,1020,C2,,Antonio Rada,Rolando Edwin Villatoro Hernandez,26/02/25,2. Reserva," 1,259,997.38 "," 125,997.37 ", -   , -   , -   , -   , -   , -   , -   , -   , -   , -   , -   , -   , -   , -   , -   , -   , -   , -   , -   , -   , -   , -   , -   ," 3,000.00 "," 7,000.00 ", -   ,, -   , -   , -   , -   , -   , -   , -   , -   ," 10,000.00 ",,,,,,,,,,,,,,,,,,,,,,,,RESC. JUNIO 2025,,,,,,,,,,,,,,
,614,E5,Plan de pagos especiales,Diana Alvarez,Marco Vinicio Vasque,15/10/24,4.Plan de pagos," 1,509,908.40 "," 151,908.40 ", -   , -   , -   , -   , -   , -   , -   , -   , -   , -   , -   , -   , -   , -   , -   , -   , -   , -   , -   ," 5,000.00 "," 5,000.00 ", -   , -   , -   , -   , -   ,, -   , -   , -   , -   , -   , -   , -   , -   ," 10,000.00 ",,,,,,,,,,,,,,,,,,,,,,,,RESC. JUNIO 2025,,,,,,,,,,,,,,
,1501,D3,,Antonio Rada,Paulo Roberto Lopez Velasquez,2/04/25,2. Reserva," 1,450,747.80 "," 145,147.80 ", -   , -   , -   , -   , -   , -   , -   , -   , -   , -   , -   , -   , -   , -   , -   , -   , -   , -   , -   , -   , -   , -   , -   , -   , -   ," 10,000.00 ",, -   , -   , -   , -   , -   , -   , -   , -   ," 10,000.00 ",,,,,,,,,,,,,,,,,,,,,,,,*DESISTIDO 09-06-2025*,,,,,,,,,,,,,,
,303,A6,,Antonio Rada,Clara Hilda Maria Falla Bianchi De Cruz-Gomar,5/02/25,4.Plan de pagos," 934,918.45 "," 93,491.84 ", -   , -   , -   , -   , -   , -   , -   , -   , -   , -   , -   , -   , -   , -   , -   , -   , -   , -   , -   , -   , -   , -   , -   ," 5,000.00 "," 4,316.00 "," 4,000.00 "," 4,000.00 ", -   , -   , -   , -   , -   , -   , -   , -   ," 17,316.00 ",,,,,,,,,,,,,,,,,,,,,,,,,,,,,,,,,,,,,,
,1607,C9,,Brenda Búcaro,Edvin Carlos Cifuentes Salguero - Inmobiliaria Quince,31/05/23,4.Plan de pagos," 1,164,200.00 "," 102,510.00 ", -   , -   ," 6,000.00 ", -   ," 3,000.00 ", -   ," 3,000.00 "," 1,500.00 "," 1,500.00 ", -   , -   , -   , -   , -   , -   , -   , -   , -   , -   , -   , -   , -   , -   , -   , -   , -   ,, -   , -   , -   , -   , -   , -   , -   , -   ," 15,000.00 ",,,,,,,,,,,,,,,,,,,,,,,,,,,,,,,,,,,,,,
,602,E10,,Anahí Cisneros,Judith Fabiola Arevalo Valdez de Franco,7/06/25,2. Reserva," 1,529,194.33 "," 152,894.33 ", -   , -   , -   , -   , -   , -   , -   , -   , -   , -   , -   , -   , -   , -   , -   , -   , -   , -   , -   , -   , -   , -   , -   , -   , -   , -   ,," 10,000.00 ",, -   , -   , -   , -   , -   , -   ," 10,000.00 ",,,,,,,,,,,,,,,,,,,,,,,,,,,,,,,,,,,,,,
,612,A8,Plan de pagos especiales,Antonio Rada,Diego Jose Ortiz Cordero,19/01/24,4.Plan de pagos," 703,500.00 "," 70,400.00 ", -   , -   , -   , -   ," 6,000.00 "," 2,477.00 "," 2,477.00 "," 2,477.00 "," 2,477.00 "," 2,477.00 "," 2,477.00 "," 2,477.00 "," 2,477.00 "," 2,477.00 "," 2,477.00 "," 2,477.00 "," 2,477.00 "," 2,477.00 ", -   ," 2,477.00 "," 2,477.00 "," 2,477.00 "," 2,477.00 ", -   , -   , -   ," 2,786.38 "," 2,786.38 "," 2,786.38 ", -   , -   , -   , -   , -   , -   ," 56,468.14 ",,,,,,,,,,,,,,,,,,,,,,,,,,,,,,,,,,,,,,
,1611,E8,,Brenda Búcaro,Marvin Osiel Fuentes Fuentes,7/07/23,4.Plan de pagos," 1,437,500.00 "," 143,800.00 ", -   , -   , -   , -   ," 6,000.00 "," 5,300.00 "," 5,300.00 "," 5,300.00 "," 5,300.00 "," 5,300.00 "," 5,300.00 "," 5,300.00 "," 5,300.00 "," 5,300.00 "," 5,300.00 "," 5,300.00 "," 5,300.00 "," 5,300.00 "," 5,300.00 "," 5,300.00 "," 5,300.00 "," 5,300.00 "," 5,300.00 "," 5,300.00 "," 5,300.00 "," 5,300.00 "," 10,600.00 ",," 15,900.00 ", -   , -   , -   , -   , -   , -   ," 143,800.00 ",,,,,,,,,,,,,,,,,,,,,,,,,,,,,,,,,,,,,,
,906,B8,,Antonio Rada,Jose Juan Barrientos Juarez,19/12/24,4.Plan de pagos," 1,102,644.58 "," 110,344.58 ", -   , -   , -   , -   , -   , -   , -   , -   , -   , -   , -   , -   , -   , -   , -   , -   , -   , -   , -   , -   , -   ," 8,000.00 ", -   ," 12,040.00 "," 6,020.00 "," 6,020.00 "," 6,020.00 "," 6,020.00 "," 6,020.00 ", -   , -   , -   , -   , -   , -   ," 50,140.00 ",,,,,,,,,,,,,,,,,,,,,,,,,,,,,,,,,,,,,,
,207,C9,,Anahí Cisneros,Herman Antonio Ovalle Escamilla,26/10/25,2. Reserva," 1,509,100.00 "," 105,600.00 ", -   , -   , -   , -   , -   , -   , -   , -   , -   , -   , -   , -   , -   , -   , -   , -   , -   , -   , -   , -   , -   , -   , -   , -   , -   , -   ,,,, -   , -   ," 1,000.00 ", -   ,,," 1,000.00 ",,,,,,,,,,,,,,,,,,,,,,,,,,,,,,,,,,,,,,
,,,,,,,,,,,,,,,,,,,,,,,,,,,,,,,,,,,,,,,,,,,,,,,,,,,,,,,,,,,,,,,,,,,,,,,,,,,,,,,,,,,
,,,,,,,TOTAL FLUJO INGRESADO (DESISTIMIENTOS),,," 22,400.00 "," 15,800.00 "," 18,923.00 "," 11,200.00 "," 33,546.00 "," 33,950.00 "," 44,254.00 "," 26,554.00 "," 39,746.00 "," 31,822.00 "," 52,846.00 "," 17,273.00 "," 27,799.00 "," 29,359.00 "," 47,873.00 "," 34,704.00 "," 33,190.00 "," 17,708.00 "," 12,300.00 "," 21,876.00 "," 47,170.00 "," 37,776.00 "," 19,137.00 "," 39,198.00 "," 39,636.00 "," 45,320.00 "," 28,406.38 "," 18,806.38 "," 24,706.38 ", -   , -   ," 1,000.00 ", -   , -   , -   ," 874,279.14 ",,,,,,,,,,,,,,,,,,,,,,,,,,,,,,,,,,,,,,
,,,,,,,,,,,,,,,,,,,,,,,,,,,,,,,,,,,,,,,,,,,,,,,,,,,,,,,,,,,,,,,,,,,,,,,,,,,,,,,,,,,
,,,,,,,,,,,,,,,,,,,,,,,,,,,,,,,,,,,,,,,,,,,,,,,,,,,,,,,,,,,,,,,,,,,,,,,,,,,,,,,,,,,
,DESISTIMIENTOS UBICADOS Y NO RASTREADOS POR 180 GRADOS,,,,,,,,,,,,,,,,,,,,,,,,,,,,,,,,,,,,,,,,,,,,,,,,,,,,,,,,,,,,,,,,,,,,,,,,,,,,,,,,,,
,APTO,MODELO,,Vendedor,CLIENTE,FECHA,FECHA DEP., P. VENTA , REC. NO. ,,,,,,,,,,,,,,,,,,,,,,,,,,,,,,,,,,,,,,,,,,,,,,,,,,,,,,,,,,,,,,,,,,,,,,,,,,
,503,,,Antonio Rada,Rubidia Inés González,30/09/24,30/09/24," 1,036,610.00 ",2375,,,,,,,,,,,,,,,,,,,,,,,,,,,,,,,,,,,,,,,,,,,,,,,,,,,,,,,,,,,,,,,,,,,,,,,,,,
,504,,,Antonio Rada,Luis Cordón,8/05/24,8/05/24," 887,400.00 ",1590,,,,,,,,,,,,,,,,,,,,,,,,,,,,,,,,,,,,,,,,,,,,,,,,,,,,,,,,,,,,,,,,,,,,,,,,,,
,607,,,Antonio Rada,Billy Orellana Serrano,14/08/23,14/08/23," 722,900.00 ",379,,,,,,,,,,,,,,,,,,,,,,,,,,,,,,,,,,,,,,,,,,,,,,,,,,,,,,,,,,,,,,,,,,,,,,,,,,
,914,,,Alejandra Calderón,Raúl Gomez,15/07/23,15/07/23," 883,300.00 ",289,,,,,,,,,,,,,,,,,,,,,,,,,,,,,,,,,,,,,15/07/23,,,,,,,,,,,,,,,,,,,,,,,,,,,,,,,,,,,,,
,1305,,,Antonio Rada,Franklin Santiesteban,1/06/23,15/04/23," 663,200.00 ","24, 52 y 84",,,,,,,,,,,,,,,,,,,,,,,,,,,,,,,,,,,,,,,,,,,,,,,,,,,,,,,,,,,,,,,,,,,,,,,,,,
,1308,,,Alexander Franco,Sucely Pineda,15/06/23,19/05/23,,139,,,,,,,,,,,,,,,,,,,,,,,,,,,,,,,,,,,,,,,,,,,,,,,,,,,,,,,,,,,,,,,,,,,,,,,,,,
,1502,,,Brenda Búcaro,Pablo Gustavo Galdámez Grajeda,S/Firma por reserva,12/06/23," 1,249,200.00 ",219,,,,,,,,,,,,,,,,,,,,,,,,,,,,,,,,,,,,,Sin firma de reserva,,,,,,,,,,,,,,,,,,,,,,,,,,,,,,,,,,,,,
,1509,,,S/D,Lilian García,1/03/23,25/03/23," 858,400.00 ",25,,,,,,,,,,,,,,,,,,,,,,,,,,,,,,,,,,,,,,,,,,,,,,,,,,,,,,,,,,,,,,,,,,,,,,,,,,
,1607,,,Brenda Búcaro,Edvin Eduardo Sajquim,28/05/24,28/05/24," 1,164,200.00 ",177,,,,,,,,,,,,,,,,,,,,,,,,,,,,,,,,,,,,,,,,,,,,,,,,,,,,,,,,,,,,,,,,,,,,,,,,,,
,,,,,,,,,,,,,,,,,,,,,,,,,,,,,,,,,,,,,,,,,,,,,,,,,,,,,,,,,,,,,,,,,,,,,,,,,,,,,,,,,,,
,,,,,,,,,,,,,,,,,,,,,,,,,,,,,,,,,,,,,,,,,,,,,,,,,,,,,,,,,,,,,,,,,,,,,,,,,,,,,,,,,,,
,,,,,,,,,,,,,,,,,,,,,,,,,,,,,,,,,,,,,,,,,,,,,,,,,,,,,,,,,,,,,,,,,,,,,,,,,,,,,,,,,,,
,,,,,,,,,,,,,,,,,,,,,,,,,,,,,,,,,,,,,,,,,,,,,,,,,,,,,,,,,,,,,,,,,,,,,,,,,,,,,,,,,,,
,,,,,,,,,,,,,,,,,,,,,,,,,,,,,,,,,,,,,,,,,,,,,,,,,,,,,,,,,,,,,,,,,,,,,,,,,,,,,,,,,,,
,,,,,,,,,,,,,,,,,,,,,,,,,,,,,,,,,,,,,,,,,,,,,,,,,,,,,,,,,,,,,,,,,,,,,,,,,,,,,,,,,,,
,,,,,,,,,,,,,,,,,,,,,,,,,,,,,,,,,,,,,,,,,,,,,,,,,,,,,,,,,,,,,,,,,,,,,,,,,,,,,,,,,,,
,,,,,,,,,,,,,,,,,,,,,,,,,,,,,,,,,,,,,,,,,,,,,,,,,,,,,,,,,,,,,,,,,,,,,,,,,,,,,,,,,,,